{"type":"FeatureCollection","features":[{"type":"Feature","id":"way/6326672/0","properties":{"bicycle":"yes","cycleway":"no","highway":"primary_link","lanes":"2","lcn":"yes","maxspeed":"25 mph","oneway":"no","parking:lane:both":"no_stopping","surface":"concrete","osm_id":6326672},"geometry":{"type":"LineString","coordinates":[[-122.3757534,47.6539163],[-122.3756644,47.6538773],[-122.3755025,47.6538057],[-122.3754544,47.6537818],[-122.3754071,47.6537535],[-122.3753705,47.6537247],[-122.3753372,47.653694],[-122.3753076,47.6536616],[-122.3752817,47.6536278],[-122.3752598,47.6535928],[-122.3752419,47.6535568],[-122.3752283,47.6535199],[-122.3752189,47.6534824]]}},{"type":"Feature","id":"way/6332990/1","properties":{"highway":"primary_link","lanes":"1","maxspeed":"25 mph","oneway":"yes","parking:lane:both":"no_stopping","surface":"concrete","osm_id":6332990},"geometry":{"type":"LineString","coordinates":[[-122.3757534,47.6539163],[-122.375823,47.6539646],[-122.3758865,47.6540148],[-122.3759329,47.6540531],[-122.3759744,47.654087],[-122.3760106,47.6541287],[-122.3760363,47.6541676],[-122.3760458,47.6541844],[-122.3760557,47.6542027],[-122.376063,47.6542186],[-122.3760749,47.6542582]]}},{"type":"Feature","id":"way/6334353/2","properties":{"highway":"primary_link","lanes":"1","lit":"yes","maxspeed":"25 mph","oneway":"yes","parking:lane:both":"no_stopping","surface":"concrete","osm_id":6334353},"geometry":{"type":"LineString","coordinates":[[-122.3760368,47.6534921],[-122.3759171,47.6536206],[-122.3758594,47.653656],[-122.3757968,47.6536819],[-122.375738,47.6536961],[-122.3756816,47.6537039],[-122.375624,47.6537057],[-122.3755667,47.6537017],[-122.3755109,47.6536919],[-122.375458,47.6536764],[-122.3754093,47.6536558],[-122.3753657,47.6536304],[-122.3753284,47.6536008],[-122.3752995,47.653577],[-122.375272,47.6535494],[-122.3752349,47.6535057],[-122.3752189,47.6534824]]}},{"type":"Feature","id":"way/6342630/3","properties":{"dual_carriageway":"yes","highway":"residential","lanes":"1","maxspeed":"20 mph","name":"North 43rd Street","oneway":"yes","parking:lane:left":"no_stopping","parking:lane:right":"parallel","sidewalk:left":"no","sidewalk:right":"separate","surface":"concrete","osm_id":6342630},"geometry":{"type":"LineString","coordinates":[[-122.357,47.6596074],[-122.3571625,47.6596074],[-122.3572899,47.6596074]]}},{"type":"Feature","id":"way/6343819/4","properties":{"highway":"residential","lanes":"2","maxspeed":"20 mph","name":"West Jameson Street","osm_id":6343819},"geometry":{"type":"LineString","coordinates":[[-122.3859449,47.6594584],[-122.3860887,47.6594587],[-122.3867638,47.65946],[-122.387,47.65946043678521]]}},{"type":"Feature","id":"way/6344829/5","properties":{"highway":"tertiary","incline":"up","lanes":"2","maxspeed":"25 mph","name":"West Bertona Street","osm_id":6344829},"geometry":{"type":"LineString","coordinates":[[-122.3608662,47.6504138],[-122.3610352,47.6504134],[-122.3615056,47.6504124],[-122.3618781,47.6504122],[-122.3620262,47.650411],[-122.3627681,47.6504103],[-122.3628589,47.6504102],[-122.36303,47.6504099],[-122.3634694,47.6504452],[-122.3635616,47.6504526],[-122.3636262,47.6504552],[-122.3636586,47.6504565],[-122.3648427,47.6504514],[-122.3649468,47.6504505],[-122.3650653,47.6504494],[-122.3651344,47.6504534],[-122.3655318,47.6504533],[-122.3661388,47.6504534],[-122.3662381,47.6504536],[-122.3662998,47.6504531],[-122.3667818,47.6504492],[-122.3669902,47.6504475],[-122.3671764,47.6504513],[-122.367471,47.6504558],[-122.3688442,47.65047],[-122.3698686,47.6504741],[-122.3700284,47.6504773],[-122.370181,47.6504803],[-122.3702392,47.6504803],[-122.3708248,47.6504806],[-122.3713701,47.6504806],[-122.3714367,47.650468],[-122.3714473,47.650466],[-122.3715128,47.6504209],[-122.3715562,47.6503913]]}},{"type":"Feature","id":"way/6344832/6","properties":{"highway":"residential","lanes":"2","lit":"yes","maxspeed":"20 mph","name":"West Bertona Street","surface":"concrete","osm_id":6344832},"geometry":{"type":"LineString","coordinates":[[-122.3820467,47.6503297],[-122.3821893,47.6503301],[-122.382708,47.6503317],[-122.3833075,47.6503309],[-122.383377,47.6503308],[-122.3834563,47.6503315],[-122.384011,47.6503363],[-122.3846111,47.6503275],[-122.384676,47.6503266],[-122.384759,47.6503273],[-122.3853346,47.6503325],[-122.3855614,47.6503321],[-122.3859166,47.6503315],[-122.3859935,47.6503314],[-122.3860666,47.6503315],[-122.3865815,47.6503319],[-122.3866842,47.650332],[-122.387,47.65033051148598]]}},{"type":"Feature","id":"way/6344834/7","properties":{"highway":"service","lanes":"2","maxspeed":"15 mph","motor_vehicle":"no","name":"Bertona Street","service":"alley","osm_id":6344834},"geometry":{"type":"LineString","coordinates":[[-122.3576553,47.6503739],[-122.3576046,47.6503738],[-122.357375,47.6503732]]}},{"type":"Feature","id":"way/6346366/8","properties":{"highway":"residential","lanes":"2","maxspeed":"20 mph","name":"14th Avenue Northwest","sidewalk:left":"separate","sidewalk:right":"no","surface":"asphalt","osm_id":6346366},"geometry":{"type":"LineString","coordinates":[[-122.3736079,47.6609393],[-122.3736095,47.6613504],[-122.3736104,47.661411],[-122.3736108,47.661439]]}},{"type":"Feature","id":"way/6346435/9","properties":{"alt_name":"Ballard Boulevard","bicycle":"designated","highway":"residential","lanes":"2","lcn":"yes","maxspeed":"20 mph","name":"Palatine Place North","sidewalk:both":"separate","surface":"paved","osm_id":6346435},"geometry":{"type":"LineString","coordinates":[[-122.3570712,47.6699423],[-122.3572526,47.669817],[-122.3572735,47.6698026],[-122.357433,47.669714],[-122.3576362,47.6696224]]}},{"type":"Feature","id":"way/6347008/10","properties":{"highway":"residential","lanes":"2","maxspeed":"20 mph","name":"North 42nd Street","sidewalk:both":"separate","surface":"concrete","osm_id":6347008},"geometry":{"type":"LineString","coordinates":[[-122.3575583,47.6577001],[-122.3575351,47.6577157],[-122.3575055,47.6577238],[-122.3574925,47.6577241],[-122.3572739,47.65773],[-122.3571748,47.6577305],[-122.357,47.65773146667468]]}},{"type":"Feature","id":"way/6348417/11","properties":{"highway":"residential","lanes":"2","maxspeed":"20 mph","name":"West Ruffner Street","sidewalk:both":"separate","surface":"concrete","osm_id":6348417},"geometry":{"type":"LineString","coordinates":[[-122.3832914,47.6521648],[-122.383462,47.6521641],[-122.3839945,47.6521619],[-122.384026,47.6521618],[-122.3845849,47.6521556],[-122.384698,47.6521544],[-122.3847713,47.6521546],[-122.3853457,47.6521564],[-122.3859316,47.6521501],[-122.385985,47.6521495],[-122.3860727,47.6521489],[-122.3865178,47.6521458],[-122.387,47.65215190747889]]}},{"type":"Feature","id":"way/6348423/12","properties":{"highway":"residential","lanes":"2","maxspeed":"20 mph","name":"West Ruffner Street","osm_id":6348423},"geometry":{"type":"LineString","coordinates":[[-122.3692968,47.6522596],[-122.3694765,47.6522613],[-122.3695644,47.6522595],[-122.3700783,47.6522489],[-122.3701553,47.6522473],[-122.3702276,47.6522475],[-122.3708296,47.6522493],[-122.3714776,47.6522518],[-122.3715413,47.6522228],[-122.3715791,47.6522057],[-122.3716475,47.652185],[-122.3716718,47.6521779],[-122.3722045,47.6521788],[-122.3722234,47.6521812],[-122.372304,47.6521914],[-122.3723821,47.6522054],[-122.3724052,47.6522095],[-122.3729532,47.6522107],[-122.3732254,47.6522052],[-122.3734901,47.6521999],[-122.3736395,47.6521969]]}},{"type":"Feature","id":"way/6350516/13","properties":{"cycleway":"separate","highway":"residential","lanes":"2","lit":"yes","maxspeed":"20 mph","name":"North Canal Street","old_name":"Ewing Street","sidewalk":"separate","surface":"asphalt","osm_id":6350516},"geometry":{"type":"LineString","coordinates":[[-122.3576724,47.6521315],[-122.3576706,47.6520759],[-122.357655,47.6520213],[-122.3576346,47.6519821],[-122.3576071,47.651945],[-122.3575729,47.6519105],[-122.3575326,47.6518791],[-122.3574488,47.6518343],[-122.3572183,47.6517101],[-122.357,47.6516047648409]]}},{"type":"Feature","id":"way/6352650/14","properties":{"highway":"residential","lanes":"2","maxspeed":"20 mph","name":"Humes Place West","osm_id":6352650},"geometry":{"type":"LineString","coordinates":[[-122.3632741264433,47.648],[-122.3634374,47.6481778]]}},{"type":"Feature","id":"way/6356026/15","properties":{"cycleway:both":"no","highway":"residential","lanes":"2","lit":"yes","maxspeed":"20 mph","name":"5th Avenue Northwest","sidewalk:both":"separate","surface":"concrete","osm_id":6356026},"geometry":{"type":"LineString","coordinates":[[-122.3629368,47.6577856],[-122.3629369,47.6578402],[-122.3629397,47.658897],[-122.3629398,47.6589501],[-122.3629403,47.6590112],[-122.3629459,47.6597369],[-122.3629466,47.6598308],[-122.3629476,47.6599591],[-122.3629481,47.6600212],[-122.3629486,47.660091],[-122.3629489,47.6601271],[-122.3629513,47.6604297],[-122.3629518,47.6604951]]}},{"type":"Feature","id":"way/6357847/16","properties":{"hgv":"no","highway":"residential","lanes":"2","maxspeed":"20 mph","name":"Northwest 49th Street","sidewalk:both":"separate","surface":"concrete","osm_id":6357847},"geometry":{"type":"LineString","coordinates":[[-122.3571367,47.6643062],[-122.3572476,47.664306],[-122.3587037,47.6643037],[-122.358825,47.6643032]]}},{"type":"Feature","id":"way/6357852/17","properties":{"highway":"residential","lanes":"2","maxspeed":"20 mph","name":"Northwest 49th Street","sidewalk:both":"separate","surface":"concrete","osm_id":6357852},"geometry":{"type":"LineString","coordinates":[[-122.3735142,47.6643948],[-122.3735899,47.6643947],[-122.3736779,47.6643945],[-122.3737909,47.6643947],[-122.3749136,47.6643962],[-122.3750861,47.6643964],[-122.3751296,47.6643965],[-122.3752848,47.6643967],[-122.3756458,47.6643972],[-122.375726,47.6643973],[-122.3760068,47.6643977],[-122.3760789,47.6643978]]}},{"type":"Feature","id":"way/6362871/18","properties":{"highway":"residential","lanes":"2","maxspeed":"20 mph","name":"2nd Avenue Northwest","sidewalk:both":"separate","osm_id":6362871},"geometry":{"type":"LineString","coordinates":[[-122.3590552,47.6686813],[-122.359054,47.6687594],[-122.3590409,47.6695996],[-122.3590402,47.6696471]]}},{"type":"Feature","id":"way/6362882/19","properties":{"highway":"residential","lanes":"2","maxspeed":"20 mph","name":"2nd Avenue Northwest","sidewalk:both":"separate","osm_id":6362882},"geometry":{"type":"LineString","coordinates":[[-122.3593429,47.6677494],[-122.3593805,47.6679698],[-122.3593799,47.6680093],[-122.3593703,47.6680402],[-122.3593546,47.6680712],[-122.3593295,47.6680995],[-122.3592967,47.6681243],[-122.3592579,47.6681458],[-122.3591958,47.6681692]]}},{"type":"Feature","id":"way/6362892/20","properties":{"highway":"residential","lanes":"2","maxspeed":"20 mph","name":"2nd Avenue Northwest","sidewalk:both":"separate","osm_id":6362892},"geometry":{"type":"LineString","coordinates":[[-122.3583923,47.6668613],[-122.358392,47.6669307],[-122.3583906,47.6672646]]}},{"type":"Feature","id":"way/6362905/21","properties":{"highway":"residential","lanes":"2","maxspeed":"20 mph","name":"2nd Avenue Northwest","sidewalk":"separate","osm_id":6362905},"geometry":{"type":"LineString","coordinates":[[-122.3590033,47.6532786],[-122.3589536,47.6533954],[-122.3589359,47.6538202],[-122.358935,47.6540864],[-122.3589351,47.6541485]]}},{"type":"Feature","id":"way/6362941/22","properties":{"highway":"residential","lanes":"2","maxspeed":"20 mph","name":"2nd Avenue Northwest","sidewalk:both":"separate","surface":"concrete","osm_id":6362941},"geometry":{"type":"LineString","coordinates":[[-122.3590331,47.6614885],[-122.3590321,47.6615695],[-122.3590274,47.6619374],[-122.3590229,47.6622957],[-122.359022,47.6623679],[-122.3590209,47.662453],[-122.3590163,47.6628208],[-122.3590119,47.6631898]]}},{"type":"Feature","id":"way/6363120/23","properties":{"highway":"residential","lanes":"2","maxspeed":"20 mph","name":"9th Avenue West","osm_id":6363120},"geometry":{"type":"LineString","coordinates":[[-122.3682653,47.649089],[-122.3683485,47.6491277],[-122.3684081,47.6491822],[-122.368444,47.6492813],[-122.3686076,47.6501784],[-122.3686382,47.6502655],[-122.3687019,47.650365],[-122.3687549,47.6504046],[-122.3688442,47.65047],[-122.3688451,47.650731],[-122.3688419,47.6508484],[-122.3688907,47.6520308]]}},{"type":"Feature","id":"way/6364888/24","properties":{"highway":"residential","lanes":"2","maxspeed":"20 mph","name":"Northwest 41st Street","sidewalk":"no","surface":"asphalt","osm_id":6364888},"geometry":{"type":"LineString","coordinates":[[-122.3635908,47.6569261],[-122.3637078,47.6569243],[-122.3637638,47.6569234],[-122.3637989,47.6569228],[-122.363881,47.6569206],[-122.3639424,47.656919],[-122.3639668,47.6569187],[-122.3640084,47.6569182],[-122.3644753,47.6569126]]}},{"type":"Feature","id":"way/6364891/25","properties":{"highway":"residential","lanes":"2","maxspeed":"20 mph","name":"Northwest 41st Street","sidewalk:both":"separate","surface":"concrete","osm_id":6364891},"geometry":{"type":"LineString","coordinates":[[-122.3575808,47.6563484],[-122.3576544,47.6563486],[-122.3589547,47.6563513],[-122.3590526,47.6563515],[-122.3591542,47.6563515],[-122.3607212,47.6563518],[-122.360831,47.6563518]]}},{"type":"Feature","id":"way/6367318/26","properties":{"highway":"residential","lanes":"2","maxspeed":"20 mph","name":"North 59th Street","sidewalk:both":"separate","osm_id":6367318},"geometry":{"type":"LineString","coordinates":[[-122.3577344,47.6718736],[-122.357651,47.6718731],[-122.357,47.67186933232741]]}},{"type":"Feature","id":"way/6370035/27","properties":{"highway":"residential","lanes":"2","lit":"yes","maxspeed":"20 mph","name":"Northwest Central Place","sidewalk:both":"separate","surface":"asphalt","osm_id":6370035},"geometry":{"type":"LineString","coordinates":[[-122.3800657,47.6672253],[-122.3801172,47.6671976],[-122.3804381,47.667025],[-122.3805183,47.6669818],[-122.3808187,47.6668202],[-122.3808786,47.666788]]}},{"type":"Feature","id":"way/6370438/28","properties":{"cycleway:both":"no","highway":"residential","lanes":"2","lit":"yes","maxspeed":"20 mph","name":"4th Avenue Northwest","sidewalk:both":"separate","surface":"concrete","osm_id":6370438},"geometry":{"type":"LineString","coordinates":[[-122.361878,47.6577839],[-122.3618785,47.6578395],[-122.3618886,47.6588948],[-122.3618891,47.6589481],[-122.3618895,47.6590055],[-122.3619036,47.6604401],[-122.3619041,47.6604981]]}},{"type":"Feature","id":"way/6370444/29","properties":{"cycleway:both":"no","highway":"residential","lanes":"2","lit":"yes","maxspeed":"20 mph","name":"4th Avenue Northwest","sidewalk:both":"separate","surface":"concrete","osm_id":6370444},"geometry":{"type":"LineString","coordinates":[[-122.3618468,47.6686826],[-122.3618722,47.6687744],[-122.3618686,47.6693639],[-122.3618679,47.6694264]]}},{"type":"Feature","id":"way/6372784/30","properties":{"highway":"tertiary","lanes":"2","maxspeed":"20 mph","name":"Ballard Avenue Northwest","sidewalk:both":"separate","snowplowing":"no","surface":"asphalt","winter_service":"no","osm_id":6372784},"geometry":{"type":"LineString","coordinates":[[-122.3789015,47.6629404],[-122.3790527,47.6629418],[-122.379086,47.6629473],[-122.3792063,47.6629959],[-122.3795288,47.6632845],[-122.380053,47.6637535],[-122.3800648,47.6637641],[-122.380239,47.66392],[-122.3803019,47.6639717],[-122.3803378,47.6640012],[-122.3804427,47.6640877],[-122.3804914,47.6641278],[-122.3808481,47.6644214],[-122.3808937,47.6644589]]}},{"type":"Feature","id":"way/6373852/31","properties":{"highway":"residential","lanes":"2","maxspeed":"20 mph","name":"Conkling Place West","surface":"concrete","osm_id":6373852},"geometry":{"type":"LineString","coordinates":[[-122.3681144,47.6482372],[-122.3682031,47.6482404],[-122.3684685,47.64825],[-122.3686487,47.648297],[-122.3688821,47.6483897],[-122.369043,47.6484983],[-122.3691821,47.6486337],[-122.3692183,47.6486798],[-122.3692249,47.648691],[-122.3693206,47.6488468],[-122.3693745,47.6489814],[-122.3695738,47.6500258],[-122.3696596,47.6502047],[-122.3697519,47.6503296],[-122.3698264,47.6504227],[-122.3698686,47.6504741]]}},{"type":"Feature","id":"way/6376900/32","properties":{"highway":"residential","lanes":"2","maxspeed":"20 mph","name":"North 40th Street","sidewalk:both":"separate","surface":"concrete","osm_id":6376900},"geometry":{"type":"LineString","coordinates":[[-122.3571921,47.6555833],[-122.3571001,47.6555837],[-122.357,47.655584185104665]]}},{"type":"Feature","id":"way/6377909/33","properties":{"highway":"tertiary","lanes":"2","maxspeed":"25 mph","name":"Northwest Leary Way","sidewalk:both":"separate","snowplowing":"no","winter_service":"no","osm_id":6377909},"geometry":{"type":"LineString","coordinates":[[-122.3686077,47.6636632],[-122.368725,47.6636661],[-122.3691169,47.6636758],[-122.3692219,47.6636743],[-122.3692762,47.663659],[-122.3693162,47.6636411],[-122.3693842,47.6636104],[-122.369498,47.6635558]]}},{"type":"Feature","id":"way/6379160/34","properties":{"highway":"residential","lanes":"2","maxspeed":"20 mph","name":"West Elmore Street","surface":"concrete","osm_id":6379160},"geometry":{"type":"LineString","coordinates":[[-122.3833592,47.6576484],[-122.3839038,47.657648],[-122.3840465,47.6576486],[-122.3847081,47.657645],[-122.385291,47.6576426],[-122.3859381,47.6576379],[-122.3860805,47.6576373],[-122.3867493,47.6576347],[-122.3869225,47.657636],[-122.387,47.65763659807074]]}},{"type":"Feature","id":"way/6384419/35","properties":{"bicycle":"designated","cycleway":"shared_lane","highway":"residential","lanes":"2","maxspeed":"20 mph","name":"Northwest 58th Street","sidewalk:both":"separate","surface":"paved","osm_id":6384419},"geometry":{"type":"LineString","coordinates":[[-122.3607987,47.6708766],[-122.3609125,47.6708769],[-122.3609493,47.670876],[-122.3617138,47.6708838],[-122.3617677,47.6708832],[-122.3618658,47.670883]]}},{"type":"Feature","id":"way/6384424/36","properties":{"highway":"residential","lanes":"2","maxspeed":"20 mph","name":"Northwest 58th Street","sidewalk:both":"separate","osm_id":6384424},"geometry":{"type":"LineString","coordinates":[[-122.3577235,47.6706684],[-122.3580501,47.670763],[-122.3586802,47.6709454],[-122.3591158,47.6710715],[-122.3592485,47.6711073],[-122.3593242,47.6711236],[-122.3593541,47.6711264],[-122.3594067,47.6711313],[-122.3595006,47.6711295],[-122.3595925,47.6711191],[-122.3596354,47.6711109]]}},{"type":"Feature","id":"way/6384489/37","properties":{"cycleway:both":"no","highway":"primary","lanes":"3","lanes:backward":"1","lanes:forward":"2","lit":"yes","maxspeed":"25 mph","name":"North Market Street","parking:lane:both":"no_stopping","sidewalk":"both","snowplowing":"yes","surface":"asphalt","trolley_wire":"yes","winter_service":"yes","winter_service:priority":"1","osm_id":6384489},"geometry":{"type":"LineString","coordinates":[[-122.3577072,47.6633048],[-122.3574609,47.6631014],[-122.3572107,47.6629305],[-122.3570205,47.6628199],[-122.357,47.66280882236025]]}},{"type":"Feature","id":"way/6385823/38","properties":{"highway":"residential","lanes":"2","maxspeed":"20 mph","name":"22nd Avenue West","surface":"concrete","osm_id":6385823},"geometry":{"type":"LineString","coordinates":[[-122.3847091,47.6560391],[-122.3847094,47.6561244],[-122.3847103,47.6562291],[-122.3847105,47.6562669],[-122.3847104,47.6564996],[-122.3847102,47.6566694],[-122.3847081,47.657645],[-122.3847158,47.6583408],[-122.3847194,47.6587708],[-122.38472,47.6588429],[-122.384723,47.6592138],[-122.3847287,47.6598453]]}},{"type":"Feature","id":"way/6386076/39","properties":{"cycleway:both":"no","highway":"secondary","lanes":"4","maxspeed":"25 mph","name":"Leary Avenue Northwest","sidewalk:both":"separate","surface":"asphalt","osm_id":6386076},"geometry":{"type":"LineString","coordinates":[[-122.3788844,47.6639532],[-122.3790087,47.6640396],[-122.3791134,47.6641253],[-122.3792133,47.6642106],[-122.3796242,47.6645599],[-122.3797542,47.6646706],[-122.3797837,47.6646957],[-122.3799585,47.6648445],[-122.3800263,47.6649022]]}},{"type":"Feature","id":"way/6389338/40","properties":{"bicycle":"yes","highway":"service","name":"19th Avenue West","oneway":"no","osm_id":6389338},"geometry":{"type":"LineString","coordinates":[[-122.3813621,47.6543467],[-122.3812605,47.6544196]]}},{"type":"Feature","id":"way/6390879/41","properties":{"highway":"residential","lanes":"2","maxspeed":"20 mph","name":"North 55th Street","sidewalk:both":"separate","osm_id":6390879},"geometry":{"type":"LineString","coordinates":[[-122.3570982,47.6686798],[-122.357,47.668679217447234]]}},{"type":"Feature","id":"way/6391104/42","properties":{"alt_name":"Ballard Boulevard","bicycle":"designated","highway":"residential","lanes":"2","lcn":"yes","maxspeed":"20 mph","name":"Palatine Place North","sidewalk:both":"separate","surface":"paved","osm_id":6391104},"geometry":{"type":"LineString","coordinates":[[-122.3570712,47.6699423],[-122.3570578,47.6699531],[-122.357,47.669999567385794]]}},{"type":"Feature","id":"way/6393481/43","properties":{"highway":"residential","lanes":"2","lit":"yes","maxspeed":"20 mph","name":"Barnes Avenue Northwest","sidewalk:both":"separate","surface":"concrete","osm_id":6393481},"geometry":{"type":"LineString","coordinates":[[-122.378879,47.6674481],[-122.3790239,47.6675722],[-122.3790703,47.667612],[-122.3792136,47.6677347],[-122.3796009,47.6680665],[-122.3797146,47.6681639],[-122.380165,47.6685496],[-122.3803019,47.6686669]]}},{"type":"Feature","id":"way/6400579/44","properties":{"cycleway:both":"no","highway":"secondary","lanes":"2","lanes:backward":"1","lanes:forward":"1","maxspeed":"25 mph","name":"Northwest 39th Street","sidewalk:both":"separate","smoothness":"excellent","snowplowing":"yes","surface":"concrete","winter_service":"yes","winter_service:priority":"2","osm_id":6400579},"geometry":{"type":"LineString","coordinates":[[-122.3571862,47.6541522],[-122.3573093,47.6541519],[-122.3576529,47.6541512],[-122.3577863,47.6541509],[-122.3583261,47.6541498],[-122.3589351,47.6541485],[-122.3590273,47.6541483],[-122.3590585,47.6541482],[-122.3598623,47.6541449]]}},{"type":"Feature","id":"way/6400585/45","properties":{"access":"private","highway":"service","lanes":"2","maxspeed":"25 mph","old_name":"Franklin Street","osm_id":6400585},"geometry":{"type":"LineString","coordinates":[[-122.3616661,47.6543893],[-122.3623753,47.6543456],[-122.36244,47.6542168]]}},{"type":"Feature","id":"way/6402138/46","properties":{"highway":"residential","lanes":"2","maxspeed":"20 mph","name":"West Dravus Street","osm_id":6402138},"geometry":{"type":"LineString","coordinates":[[-122.3577608,47.6486614],[-122.3577927,47.6486614],[-122.3595855,47.6486601],[-122.3597439,47.6486597],[-122.3599881,47.6486592],[-122.3606413,47.6486662],[-122.3607152,47.648667],[-122.3609032,47.6486654]]}},{"type":"Feature","id":"way/6403122/47","properties":{"highway":"residential","lanes":"2","lit":"yes","maxspeed":"20 mph","name":"10th Avenue West","sidewalk:both":"separate","surface":"concrete","osm_id":6403122},"geometry":{"type":"LineString","coordinates":[[-122.37042482289688,47.648],[-122.3704269,47.6483207],[-122.3704282,47.6484834],[-122.3704283,47.6485067],[-122.3704374,47.6491287],[-122.3705554,47.6495184],[-122.3705898,47.6499],[-122.3705211,47.6501776],[-122.370441,47.6503352],[-122.3703385,47.6504186],[-122.3703144,47.6504385],[-122.370239,47.6504621],[-122.370181,47.6504803],[-122.3701793,47.6505586],[-122.370164,47.6512749],[-122.3701553,47.6522147],[-122.3701553,47.6522473]]}},{"type":"Feature","id":"way/6404541/48","properties":{"highway":"residential","lanes":"2","lit":"yes","maxspeed":"20 mph","name":"Northwest 53rd Street","sidewalk:both":"separate","surface":"concrete","osm_id":6404541},"geometry":{"type":"LineString","coordinates":[[-122.3632789,47.6671729],[-122.3634068,47.6671731],[-122.3660412,47.6671767],[-122.3661699,47.6671769],[-122.3663651,47.6671747],[-122.368311,47.6671528],[-122.3685141,47.667156],[-122.3686028,47.6671569]]}},{"type":"Feature","id":"way/6404547/49","properties":{"highway":"residential","lanes":"2","maxspeed":"20 mph","name":"Northwest 53rd Street","sidewalk:both":"separate","osm_id":6404547},"geometry":{"type":"LineString","coordinates":[[-122.3573975,47.667514],[-122.3574727,47.6675145],[-122.3581542,47.6675188],[-122.3582358,47.6675121],[-122.3583058,47.6674764],[-122.3583571,47.6674349],[-122.3583608,47.6674161],[-122.3583906,47.6672646],[-122.3586566,47.6672734],[-122.3590776,47.6672872],[-122.3591894,47.6673021],[-122.3592843,47.6673333]]}},{"type":"Feature","id":"way/6404900/50","properties":{"highway":"residential","lanes":"2","maxspeed":"20 mph","name":"North Bowdoin Place","sidewalk:both":"separate","surface":"asphalt","osm_id":6404900},"geometry":{"type":"LineString","coordinates":[[-122.3571928,47.6548664],[-122.357096,47.6548668],[-122.357,47.654867242425865]]}},{"type":"Feature","id":"way/6405977/51","properties":{"hgv":"designated","highway":"secondary","lanes":"4","maxspeed":"25 mph","name":"North 36th Street","sidewalk":"separate","snowplowing":"yes","source:hgv":"https://www.seattle.gov/Documents/Departments/SDOT/Services/Permits/MajorTruckStreets.pdf","surface":"asphalt","winter_service":"yes","winter_service:priority":"2","osm_id":6405977},"geometry":{"type":"LineString","coordinates":[[-122.3576774,47.6529703],[-122.3575532,47.6529437],[-122.3571562,47.6528529],[-122.357,47.65281770113793]]}},{"type":"Feature","id":"way/6408212/52","properties":{"highway":"residential","lanes":"2","maxspeed":"20 mph","name":"17th Avenue Northwest","old_name":"First Avenue West (Ballard)","sidewalk":"separate","surface":"asphalt","osm_id":6408212},"geometry":{"type":"LineString","coordinates":[[-122.3789015,47.6629404],[-122.3789001,47.6630262],[-122.3788988,47.6630484],[-122.3788905,47.6635831],[-122.3788904,47.6636077],[-122.3788902,47.6636239]]}},{"type":"Feature","id":"way/6410660/53","properties":{"highway":"residential","lanes":"2","maxspeed":"20 mph","name":"Northwest Bowdoin Place","sidewalk:both":"separate","surface":"asphalt","osm_id":6410660},"geometry":{"type":"LineString","coordinates":[[-122.3571928,47.6548664],[-122.3573048,47.654866],[-122.3589675,47.6548607],[-122.3590558,47.6548604],[-122.3591691,47.6548599],[-122.3605227,47.6548539],[-122.3605679,47.6548457],[-122.3607241,47.6548176]]}},{"type":"Feature","id":"way/6414037/54","properties":{"highway":"residential","lanes":"2","maxspeed":"20 mph","name":"12th Avenue West","osm_id":6414037},"geometry":{"type":"LineString","coordinates":[[-122.37240203420684,47.648],[-122.3723314,47.6482336],[-122.3723253,47.6483698],[-122.3723215,47.6484744],[-122.3723209,47.6485929],[-122.3723201,47.6502315],[-122.3723061,47.6503707],[-122.3722981,47.650428],[-122.372293,47.650465],[-122.3723035,47.6521172],[-122.372304,47.6521914],[-122.3723039,47.652249],[-122.3723002,47.6539094],[-122.3723002,47.6539817],[-122.3723001,47.6540333],[-122.3723004,47.654094],[-122.3723035,47.6545001],[-122.3723098,47.6549053],[-122.3723112,47.6550531],[-122.3723134,47.6551715]]}},{"type":"Feature","id":"way/6420864/55","properties":{"highway":"residential","lanes":"2","maxspeed":"20 mph","name":"Baker Avenue Northwest","sidewalk:both":"separate","osm_id":6420864},"geometry":{"type":"LineString","coordinates":[[-122.36015,47.668029],[-122.3599933,47.6682898],[-122.3599143,47.6683905],[-122.3597953,47.668485],[-122.3597667,47.6685047],[-122.3596636,47.6685757],[-122.3595011,47.6686806]]}},{"type":"Feature","id":"way/6420870/56","properties":{"cycleway:both":"no","highway":"residential","lanes":"2","lit":"yes","maxspeed":"20 mph","name":"Baker Avenue Northwest","sidewalk:both":"separate","surface":"concrete","osm_id":6420870},"geometry":{"type":"LineString","coordinates":[[-122.3590786,47.6564697],[-122.3592119,47.6566909],[-122.3594372,47.6571344],[-122.3595636,47.6573886],[-122.3595949,47.6574959],[-122.359601,47.6575759],[-122.3596012,47.6577492],[-122.3596013,47.657813],[-122.3596015,47.6578509],[-122.3596061,47.6588892],[-122.3596062,47.6589137]]}},{"type":"Feature","id":"way/6420874/57","properties":{"cycleway:both":"no","highway":"residential","lanes":"2","lit":"no","maxspeed":"20 mph","name":"Baker Avenue Northwest","sidewalk":"no","surface":"asphalt","osm_id":6420874},"geometry":{"type":"LineString","coordinates":[[-122.3601721,47.6631943],[-122.360166,47.6628818]]}},{"type":"Feature","id":"way/6420882/58","properties":{"highway":"residential","lanes":"2","maxspeed":"20 mph","name":"Baker Avenue Northwest","sidewalk":"both","surface":"asphalt","osm_id":6420882},"geometry":{"type":"LineString","coordinates":[[-122.3597603,47.6652277],[-122.3597183,47.6652766],[-122.359703,47.6652945],[-122.3597056,47.6657015],[-122.3597186,47.6668003],[-122.3597193,47.6668595]]}},{"type":"Feature","id":"way/6423624/59","properties":{"highway":"residential","lanes":"2","maxspeed":"20 mph","name":"West Etruria Street","osm_id":6423624},"geometry":{"type":"LineString","coordinates":[[-122.3697746233871,47.648],[-122.3698981,47.6481288],[-122.3701361,47.6483909],[-122.3702502,47.6484459],[-122.3702777,47.6484588],[-122.3704282,47.6484834]]}},{"type":"Feature","id":"way/6424112/60","properties":{"highway":"residential","lanes":"2","lit":"yes","maxspeed":"20 mph","name":"Northwest Ione Place","sidewalk:both":"separate","surface":"concrete","osm_id":6424112},"geometry":{"type":"LineString","coordinates":[[-122.3792387,47.6665243],[-122.3793017,47.6664909],[-122.3799751,47.6661338],[-122.3800715,47.6660827],[-122.3801555,47.6660382],[-122.380419,47.6658985],[-122.3808129,47.6656896],[-122.3809105,47.6656379]]}},{"type":"Feature","id":"way/6424222/61","properties":{"fixme":"Verify that this is a street and not a service road.","highway":"service","maxspeed":"25 mph","osm_id":6424222},"geometry":{"type":"LineString","coordinates":[[-122.3655917,47.6560312],[-122.3660708,47.6563483]]}},{"type":"Feature","id":"way/6426120/62","properties":{"highway":"residential","lanes":"2","lit":"yes","maxspeed":"20 mph","name":"Northwest 54th Street","sidewalk:both":"separate","surface":"concrete","osm_id":6426120},"geometry":{"type":"LineString","coordinates":[[-122.3618315,47.6679054],[-122.3618615,47.6679056],[-122.3632008,47.6679131],[-122.3632946,47.6679137],[-122.363406,47.6679133],[-122.3660339,47.6679041],[-122.3661682,47.6679037],[-122.3663513,47.6679026],[-122.3666495,47.6679009],[-122.368312,47.6678913],[-122.3685155,47.6678896],[-122.3685689,47.6678895]]}},{"type":"Feature","id":"way/6426127/63","properties":{"cycleway:both":"no","highway":"residential","lanes":"2","maxspeed":"20 mph","name":"Northwest 54th Street","sidewalk":"separate","surface":"concrete","osm_id":6426127},"geometry":{"type":"LineString","coordinates":[[-122.3608105,47.6678958],[-122.3609314,47.667896],[-122.3613235,47.6678967]]}},{"type":"Feature","id":"way/6426132/64","properties":{"highway":"residential","lanes":"2","maxspeed":"20 mph","name":"Northwest 54th Street","sidewalk:both":"separate","osm_id":6426132},"geometry":{"type":"LineString","coordinates":[[-122.3573999,47.6681858],[-122.3575447,47.6681852],[-122.3587332,47.6681806],[-122.3590593,47.6681821],[-122.3591262,47.6681788],[-122.3591958,47.6681692]]}},{"type":"Feature","id":"way/6426527/65","properties":{"cycleway:both":"no","highway":"tertiary","lanes":"2","lit":"yes","maxspeed":"25 mph","name":"West Commodore Way","oneway":"no","shoulder":"both","sidewalk:left":"separate","sidewalk:right":"no","snowplowing":"no","surface":"concrete","winter_service":"no","osm_id":6426527},"geometry":{"type":"LineString","coordinates":[[-122.3859561,47.660315],[-122.3866537,47.660577],[-122.387,47.66070724022688]]}},{"type":"Feature","id":"way/6427673/66","properties":{"highway":"tertiary","lanes":"2","maxspeed":"25 mph","name":"20th Avenue Northwest","sidewalk":"separate","snowplowing":"no","surface":"asphalt","winter_service":"no","osm_id":6427673},"geometry":{"type":"LineString","coordinates":[[-122.3821453,47.665367],[-122.3821444,47.6654862],[-122.382144,47.6655546],[-122.3821447,47.6656415],[-122.3821451,47.6657303],[-122.382126,47.6663078],[-122.3821037,47.6663515],[-122.3820661,47.6663951],[-122.3820327,47.6664187],[-122.3819089,47.6664855]]}},{"type":"Feature","id":"way/6430537/67","properties":{"highway":"residential","lanes":"2","maxspeed":"20 mph","name":"North 45th Street","sidewalk":"no","osm_id":6430537},"geometry":{"type":"LineString","coordinates":[[-122.3571925,47.6614327],[-122.3571285,47.6614533],[-122.357,47.66147702890856]]}},{"type":"Feature","id":"way/6433646/68","properties":{"highway":"residential","lanes":"2","maxspeed":"20 mph","name":"Queen Anne Avenue North","osm_id":6433646},"geometry":{"type":"LineString","coordinates":[[-122.35769519567032,47.648],[-122.3576944,47.6482179]]}},{"type":"Feature","id":"way/6434079/69","properties":{"cycleway:both":"no","highway":"residential","lanes":"2","lit":"no","maxspeed":"20 mph","name":"7th Avenue Northwest","sidewalk":"no","surface":"asphalt","osm_id":6434079},"geometry":{"type":"LineString","coordinates":[[-122.3650638,47.6580717],[-122.365064,47.6581353],[-122.3650652,47.6582272],[-122.365067,47.6583647],[-122.3650724,47.6588629],[-122.3650726,47.6588824]]}},{"type":"Feature","id":"way/6434085/70","properties":{"cycleway:both":"no","highway":"residential","lanes":"2","lit":"yes","maxspeed":"20 mph","name":"7th Avenue Northwest","sidewalk:both":"separate","surface":"asphalt","osm_id":6434085},"geometry":{"type":"LineString","coordinates":[[-122.3651049,47.668668],[-122.3651057,47.668778],[-122.3651099,47.6693819],[-122.36511,47.6693903]]}},{"type":"Feature","id":"way/6437268/71","properties":{"highway":"residential","lanes":"2","maxspeed":"20 mph","name":"Northwest 47th Street","sidewalk:both":"separate","osm_id":6437268},"geometry":{"type":"LineString","coordinates":[[-122.3608126,47.662907],[-122.360892,47.6629073],[-122.3638689,47.6629199],[-122.3639087,47.6629201],[-122.3639353,47.6629202]]}},{"type":"Feature","id":"way/6437272/72","properties":{"highway":"residential","lanes":"2","maxspeed":"20 mph","name":"1st Avenue Northwest","sidewalk":"no","surface":"asphalt","osm_id":6437272},"geometry":{"type":"LineString","coordinates":[[-122.3577072,47.6633048],[-122.3577028,47.6623768],[-122.357699,47.6615672]]}},{"type":"Feature","id":"way/6440053/73","properties":{"cycleway:both":"no","highway":"residential","lanes":"2","maxspeed":"20 mph","name":"Northwest 43rd Street","sidewalk:both":"separate","surface":"asphalt","osm_id":6440053},"geometry":{"type":"LineString","coordinates":[[-122.3663222,47.6592662],[-122.3663745,47.6592664],[-122.3667868,47.6592676],[-122.3677219,47.6592704],[-122.368074,47.6592715]]}},{"type":"Feature","id":"way/6441288/74","properties":{"highway":"residential","lanes":"2","maxspeed":"20 mph","name":"North 52nd Street","sidewalk:both":"separate","osm_id":6441288},"geometry":{"type":"LineString","coordinates":[[-122.3573375,47.6668595],[-122.3573303,47.6668594],[-122.357,47.66685580333852]]}},{"type":"Feature","id":"way/6441828/75","properties":{"highway":"residential","lanes":"2","maxspeed":"20 mph","name":"Northwest 50th Street","oneway":"no","sidewalk:both":"separate","osm_id":6441828},"geometry":{"type":"LineString","coordinates":[[-122.3640009,47.665004],[-122.3641024,47.6650047],[-122.3660484,47.6650177],[-122.3661864,47.6650116],[-122.3663455,47.6650106],[-122.3685072,47.6650139],[-122.3685173,47.665014],[-122.3686162,47.6650224]]}},{"type":"Feature","id":"way/6442659/76","properties":{"highway":"residential","lanes":"2","lit":"yes","maxspeed":"20 mph","name":"Northwest Bright Street","sidewalk:both":"separate","surface":"concrete","osm_id":6442659},"geometry":{"type":"LineString","coordinates":[[-122.3629481,47.6600212],[-122.3630399,47.6600211],[-122.3634785,47.6600208],[-122.3638407,47.6600227],[-122.3638768,47.6600219],[-122.3640109,47.6600187],[-122.3641318,47.6600196],[-122.3641598,47.6600198],[-122.3652072,47.6600272],[-122.3654562,47.6600289],[-122.3655972,47.6600299],[-122.3657648,47.6600311]]}},{"type":"Feature","id":"way/6443222/77","properties":{"hgv":"designated","highway":"secondary","lanes":"4","lanes:backward":"2","lanes:forward":"2","maxspeed":"25 mph","name":"Leary Way Northwest","parking:lane:both":"parallel:on_street","sidewalk":"separate","smoothness":"intermediate","snowplowing":"yes","source:hgv":"https://www.seattle.gov/Documents/Departments/SDOT/Services/Permits/MajorTruckStreets.pdf","surface":"asphalt","turn:lanes:both_ways":"left","winter_service":"yes","winter_service:priority":"2","osm_id":6443222},"geometry":{"type":"LineString","coordinates":[[-122.3603533,47.6544298],[-122.3607241,47.6548176],[-122.3610804,47.6551895],[-122.3611961,47.6553102],[-122.3612998,47.6554185],[-122.3613901,47.6555128],[-122.3614044,47.6555278],[-122.3614561,47.6555816],[-122.3615376,47.6556667],[-122.3616365,47.6557699],[-122.3619115,47.6560568],[-122.3623908,47.6565501],[-122.3627122,47.6568806],[-122.362761,47.6569308],[-122.3628547,47.6570255],[-122.3634375,47.6576301]]}},{"type":"Feature","id":"way/6444047/78","properties":{"highway":"residential","lanes":"1","maxspeed":"20 mph","name":"Palmer Drive Northwest","sidewalk:both":"separate","osm_id":6444047},"geometry":{"type":"LineString","coordinates":[[-122.3581897,47.6668579],[-122.3580686,47.6667934],[-122.3580469,47.6667818],[-122.3577016,47.666536]]}},{"type":"Feature","id":"way/6444158/79","properties":{"highway":"residential","lanes":"2","maxspeed":"20 mph","name":"North 57th Street","sidewalk:both":"separate","osm_id":6444158},"geometry":{"type":"LineString","coordinates":[[-122.3577235,47.6706684],[-122.3576794,47.6706544],[-122.3571425,47.6704839],[-122.357,47.67043853902788]]}},{"type":"Feature","id":"way/6446382/80","properties":{"highway":"tertiary","lanes":"2","maxspeed":"25 mph","name":"21st Avenue West","snowplowing":"no","surface":"concrete","winter_service":"no","osm_id":6446382},"geometry":{"type":"LineString","coordinates":[[-122.383382,47.6556211],[-122.3833763,47.6557568],[-122.3833762,47.6557758],[-122.3833782,47.6559529],[-122.383377,47.6560529],[-122.3833741,47.6563031],[-122.3833592,47.6576484],[-122.3833676,47.6582129],[-122.3833704,47.6583942],[-122.3833756,47.6586933],[-122.3833807,47.659015],[-122.3834239,47.659161],[-122.3835074,47.6592358]]}},{"type":"Feature","id":"way/6450559/81","properties":{"bicycle":"yes","highway":"residential","lanes":"2","maxspeed":"20 mph","name":"Northwest 59th Street","old_name":"Crawford Street","sidewalk":"separate","surface":"asphalt","osm_id":6450559},"geometry":{"type":"LineString","coordinates":[[-122.387,47.67164972448903],[-122.3865721,47.6716482],[-122.3860317,47.6716468],[-122.3848724,47.6716435],[-122.3847479,47.6716432],[-122.3846691,47.671643],[-122.3837933,47.6716406],[-122.3834293,47.6716396],[-122.3828278,47.671638],[-122.3822806,47.6716365],[-122.3822585,47.6716364],[-122.3821494,47.6716361],[-122.3820007,47.6716358],[-122.3819745,47.6716357],[-122.3796171,47.6716309],[-122.3795631,47.6716308],[-122.3792564,47.6716302],[-122.3790439,47.6716298],[-122.3790121,47.6716297],[-122.3788971,47.6716295],[-122.3787814,47.6716299],[-122.3787569,47.67163],[-122.3765463,47.6716369],[-122.3763864,47.6716374],[-122.3762004,47.671638],[-122.3760683,47.6716376],[-122.3755639,47.6716359],[-122.37529,47.671635],[-122.3748586,47.6716335],[-122.3738109,47.67163],[-122.3737772,47.6716298],[-122.3736693,47.6716295]]}},{"type":"Feature","id":"way/6454281/82","properties":{"highway":"residential","lanes":"2","maxspeed":"20 mph","name":"North 51st Street","sidewalk:both":"separate","osm_id":6454281},"geometry":{"type":"LineString","coordinates":[[-122.3571313,47.6657751],[-122.3570629,47.665775],[-122.357,47.665774873185484]]}},{"type":"Feature","id":"way/6457136/83","properties":{"bicycle":"designated","cycleway:left":"shared_lane","cycleway:right":"lane","hgv":"designated","highway":"primary","lanes":"3","lanes:backward":"1","lanes:both_ways":"1","lanes:forward":"1","lcn":"yes","maxspeed":"25 mph","name":"West Nickerson Street","parking:lane:both":"parallel","source:hgv":"https://www.seattle.gov/Documents/Departments/SDOT/Services/Permits/MajorTruckStreets.pdf","surface":"asphalt","turn:lanes:both_ways":"left","osm_id":6457136},"geometry":{"type":"LineString","coordinates":[[-122.3620267,47.6510991],[-122.3624711,47.6511991],[-122.3629634,47.6513099],[-122.3641167,47.6515694],[-122.3643773,47.651628],[-122.364458,47.6516462],[-122.3645997,47.6516782],[-122.3648345,47.6517311],[-122.3651834,47.6518098],[-122.3652195,47.6518178],[-122.3668618,47.6521803],[-122.3672695,47.6522703],[-122.3675163,47.652353]]}},{"type":"Feature","id":"way/6457142/84","properties":{"bicycle":"yes","highway":"service","name":"West Nickerson Street","osm_id":6457142},"geometry":{"type":"LineString","coordinates":[[-122.3811448,47.6550585],[-122.3810822,47.6550571],[-122.3810555,47.655059],[-122.3809188,47.655069],[-122.3807008,47.6550987],[-122.380554,47.6551125],[-122.3804208,47.6551113],[-122.380056,47.655108],[-122.3799841,47.6551076],[-122.3799729,47.6551075],[-122.3798076,47.6551067],[-122.3792509,47.6551037],[-122.3790655,47.6551027],[-122.3789944,47.6551023],[-122.3785008,47.6550997],[-122.3782223,47.6550951],[-122.3781039,47.6550954],[-122.377856,47.655096],[-122.3775646,47.6550969],[-122.377205,47.6550971],[-122.3771554,47.6550968]]}},{"type":"Feature","id":"way/6461584/85","properties":{"highway":"residential","lanes":"2","maxspeed":"20 mph","name":"3rd Avenue Northwest","sidewalk":"no","osm_id":6461584},"geometry":{"type":"LineString","coordinates":[[-122.3605812,47.6535531],[-122.3605589,47.6535811],[-122.360536,47.6536098],[-122.3606022,47.6536808],[-122.3607493,47.6538234],[-122.360838,47.6540016],[-122.3608554,47.6541471],[-122.3608575,47.6542178],[-122.3608612,47.6543442],[-122.3608717,47.6547039],[-122.3608306,47.6547356],[-122.3607241,47.6548176]]}},{"type":"Feature","id":"way/6461674/86","properties":{"highway":"residential","lanes":"2","maxspeed":"20 mph","name":"23rd Avenue West","surface":"concrete","osm_id":6461674},"geometry":{"type":"LineString","coordinates":[[-122.3856008,47.6561225],[-122.3856254,47.6561882],[-122.3856382,47.656221],[-122.3858912,47.6564377],[-122.3859218,47.6565155],[-122.3859298,47.6567841],[-122.385932,47.6568528],[-122.3859366,47.6573533],[-122.3859379,47.6575213],[-122.3859373,47.657561],[-122.3859381,47.6576379],[-122.3859401,47.6579756],[-122.3859405,47.6580994],[-122.3859436,47.6591754],[-122.3859444,47.6593033],[-122.3859445,47.6593358],[-122.3859449,47.6594584],[-122.3859561,47.660315]]}},{"type":"Feature","id":"way/6465628/87","properties":{"highway":"residential","lanes":"2","maxspeed":"20 mph","name":"17th Avenue West","osm_id":6465628},"geometry":{"type":"LineString","coordinates":[[-122.37887187121355,47.648],[-122.3788721,47.6480128],[-122.3788741,47.6481211],[-122.3788783,47.648367],[-122.3788803,47.6484667],[-122.37888,47.6485882],[-122.3788801,47.6486652],[-122.3788801,47.6486952],[-122.37888,47.6488822],[-122.3788798,47.6490065],[-122.3788791,47.64945],[-122.3788795,47.6494939],[-122.3788786,47.6497978],[-122.3788789,47.6503264],[-122.3788779,47.6503315],[-122.3788746,47.6505344]]}},{"type":"Feature","id":"way/6468831/88","properties":{"dual_carriageway":"yes","expressway":"yes","foot":"use_sidepath","hgv":"designated","highway":"primary","lanes":"2","lit":"yes","maxspeed":"30 mph","name":"15th Avenue West","oneway":"yes","source:hgv":"https://www.seattle.gov/Documents/Departments/SDOT/Services/Permits/MajorTruckStreets.pdf","surface":"concrete","osm_id":6468831},"geometry":{"type":"LineString","coordinates":[[-122.3761748,47.6527232],[-122.376169,47.652971]]}},{"type":"Feature","id":"way/6468872/89","properties":{"highway":"residential","lanes":"2","maxspeed":"20 mph","name":"Northwest 40th Street","old_name":"Ross Place","sidewalk:left":"separate","sidewalk:right":"no","surface":"asphalt","osm_id":6468872},"geometry":{"type":"LineString","coordinates":[[-122.3619115,47.6560568],[-122.3621062,47.6560567],[-122.3622526,47.6560566],[-122.3625224,47.6560564],[-122.3628873,47.6560562],[-122.3629158,47.6560558],[-122.36298,47.6560549],[-122.363041,47.6560561]]}},{"type":"Feature","id":"way/6468874/90","properties":{"highway":"residential","lanes":"2","maxspeed":"20 mph","name":"Northwest 40th Street","sidewalk:both":"separate","surface":"concrete","osm_id":6468874},"geometry":{"type":"LineString","coordinates":[[-122.3571921,47.6555833],[-122.3572864,47.6555828],[-122.3589611,47.655574],[-122.3590484,47.6555735],[-122.3591638,47.6555739],[-122.3606134,47.6555788],[-122.3607271,47.6555793],[-122.3608367,47.6555798]]}},{"type":"Feature","id":"way/6475526/91","properties":{"hgv":"designated","highway":"secondary","lanes":"4","maxspeed":"25 mph","name":"Northwest 36th Street","sidewalk":"separate","snowplowing":"yes","source:hgv":"https://www.seattle.gov/Documents/Departments/SDOT/Services/Permits/MajorTruckStreets.pdf","surface":"asphalt","winter_service":"yes","winter_service:priority":"2","osm_id":6475526},"geometry":{"type":"LineString","coordinates":[[-122.3576774,47.6529703],[-122.3577985,47.6529955],[-122.358242,47.6530975],[-122.3584661,47.653148],[-122.3589373,47.6532541]]}},{"type":"Feature","id":"way/6478145/92","properties":{"highway":"residential","lanes":"2","maxspeed":"20 mph","name":"Northwest 55th Street","sidewalk:both":"separate","osm_id":6478145},"geometry":{"type":"LineString","coordinates":[[-122.3570982,47.6686798],[-122.357218,47.6686806],[-122.3573824,47.6686818],[-122.357512,47.6686817],[-122.357867,47.6686816],[-122.3581331,47.6686816],[-122.358365,47.6686815],[-122.358948,47.6686813],[-122.3590552,47.6686813],[-122.3591399,47.6686812],[-122.3595011,47.6686806],[-122.3598314,47.6686818],[-122.3599471,47.6686822],[-122.3601546,47.6686829],[-122.3603901,47.6686837],[-122.3606944,47.6686848],[-122.3607067,47.6686849],[-122.3608092,47.6686859]]}},{"type":"Feature","id":"way/6478285/93","properties":{"bicycle":"designated","cycleway:left":"lane","cycleway:right":"shared_lane","hgv":"designated","highway":"primary","lanes":"3","lanes:backward":"1","lanes:both_ways":"1","lanes:forward":"1","lcn":"yes","lit":"yes","maxspeed":"25 mph","name":"Nickerson Street","oneway":"no","source:hgv":"https://www.seattle.gov/Documents/Departments/SDOT/Services/Permits/MajorTruckStreets.pdf","surface":"asphalt","turn:lanes:both_ways":"left","osm_id":6478285},"geometry":{"type":"LineString","coordinates":[[-122.3575692,47.6497314],[-122.357332,47.6496241],[-122.357148,47.6495365],[-122.357042,47.6494854],[-122.357,47.64946510171149]]}},{"type":"Feature","id":"way/6480489/94","properties":{"highway":"tertiary","lanes":"2","maxspeed":"25 mph","name":"West Emerson Street","sidewalk:both":"separate","snowplowing":"yes","surface":"concrete","winter_service":"yes","winter_service:priority":"2","osm_id":6480489},"geometry":{"type":"LineString","coordinates":[[-122.384637,47.653988],[-122.3848059,47.6539859],[-122.3852752,47.6539802],[-122.3853537,47.6539792],[-122.3859415,47.6539776],[-122.3859936,47.6539775]]}},{"type":"Feature","id":"way/6480499/95","properties":{"highway":"residential","lanes":"2","maxspeed":"20 mph","name":"West Emerson Street","osm_id":6480499},"geometry":{"type":"LineString","coordinates":[[-122.3635616,47.6504526],[-122.3636032,47.6505058],[-122.3636483,47.6505394],[-122.3637101,47.6505639],[-122.3647561,47.6508024],[-122.3648777,47.6508299],[-122.3649814,47.6508555],[-122.3671439,47.6513866],[-122.3680777,47.6516158],[-122.3681604,47.6516345],[-122.368328,47.651698],[-122.3688907,47.6520308],[-122.3692968,47.6522596],[-122.3694627,47.6524109],[-122.3708625,47.6532515],[-122.3715807,47.6536821],[-122.372099,47.6539838],[-122.3722248,47.6540148],[-122.3723001,47.6540333],[-122.3723877,47.6540331],[-122.3735046,47.6540309],[-122.3735142,47.6540298],[-122.3736369,47.6540167],[-122.3737022,47.6540081],[-122.3737327,47.6540042],[-122.374265,47.6540033],[-122.3748458,47.6540012],[-122.3749169,47.654001]]}},{"type":"Feature","id":"way/6480699/96","properties":{"bicycle":"designated","cycleway":"shared_lane","highway":"residential","lanes":"2","maxspeed":"20 mph","name":"Northwest Dock Place","sidewalk:both":"separate","surface":"asphalt","osm_id":6480699},"geometry":{"type":"LineString","coordinates":[[-122.3789443,47.6654637],[-122.3791856,47.6653347],[-122.3792758,47.6652857],[-122.3795986,47.6651199],[-122.3799252,47.6649522],[-122.3800263,47.6649022]]}},{"type":"Feature","id":"way/6484679/97","properties":{"highway":"residential","lanes":"2","maxspeed":"20 mph","name":"11th Avenue Northwest","sidewalk:both":"separate","surface":"concrete","osm_id":6484679},"geometry":{"type":"LineString","coordinates":[[-122.3707726,47.6629292],[-122.3707642,47.6630312],[-122.3707612,47.6630801],[-122.3707548,47.6632594],[-122.3707543,47.6632726],[-122.3707541,47.6634971],[-122.3707541,47.6635512],[-122.370754,47.6636614],[-122.3707531,47.6637765],[-122.3707518,47.6639346],[-122.3707483,47.6643506],[-122.370748,47.664388],[-122.3707457,47.6644687],[-122.3707499,47.6646997],[-122.3707526,47.664968],[-122.3707531,47.6650361],[-122.3707534,47.6651245],[-122.3707541,47.6653852],[-122.3707576,47.6654327],[-122.3707596,47.6656227],[-122.3707605,47.6657012],[-122.3707604,47.6657815],[-122.3707572,47.6663647],[-122.3707569,47.6664197],[-122.3707579,47.6664971],[-122.3707614,47.6670833],[-122.3707619,47.6671587],[-122.3707626,47.6672377],[-122.3707685,47.6678262],[-122.3707699,47.6678442]]}},{"type":"Feature","id":"way/6484929/98","properties":{"highway":"residential","lanes":"2","maxspeed":"20 mph","name":"Northwest Ballard Way","old_name":"C Street","sidewalk:both":"separate","osm_id":6484929},"geometry":{"type":"LineString","coordinates":[[-122.3685694,47.6629259],[-122.3687881,47.6629262],[-122.3688894,47.6629264],[-122.3691443,47.6629268],[-122.3697282,47.6629277],[-122.3699632,47.662928],[-122.3704833,47.6629288],[-122.3705171,47.6629288],[-122.3706382,47.662929],[-122.3707726,47.6629292],[-122.3709149,47.6629291],[-122.3712506,47.662929],[-122.3719629,47.6629287],[-122.3721533,47.6629286],[-122.3722257,47.6629286],[-122.3722357,47.6629286],[-122.3722947,47.6629286],[-122.3732627,47.6629282],[-122.373389,47.6629281],[-122.3734314,47.6629281],[-122.3734347,47.6629281],[-122.3736072,47.6629281]]}},{"type":"Feature","id":"way/6488663/99","properties":{"highway":"residential","lanes":"2","maxspeed":"20 mph","name":"Northwest 48th Street","oneway":"yes","sidewalk:both":"separate","surface":"concrete","osm_id":6488663},"geometry":{"type":"LineString","coordinates":[[-122.3588402,47.6635953],[-122.3587446,47.6635954],[-122.3583078,47.663596],[-122.3582536,47.663579],[-122.3581607,47.6635863],[-122.3580325,47.6635964]]}},{"type":"Feature","id":"way/6491190/100","properties":{"highway":"residential","lanes":"2","maxspeed":"20 mph","name":"6th Avenue West","osm_id":6491190},"geometry":{"type":"LineString","coordinates":[[-122.3648657,47.6485888],[-122.364864,47.6486732],[-122.3648565,47.6493103],[-122.3648497,47.6498824],[-122.364849,47.6499392],[-122.3648481,47.6500025],[-122.3648426,47.6504046],[-122.3648427,47.6504514]]}},{"type":"Feature","id":"way/6494740/101","properties":{"highway":"residential","lanes":"2","lit":"yes","maxspeed":"20 mph","name":"Russell Avenue Northwest","sidewalk:both":"separate","surface":"concrete","osm_id":6494740},"geometry":{"type":"LineString","coordinates":[[-122.3788836,47.6650784],[-122.3789287,47.6651165],[-122.3790896,47.6652522],[-122.3791856,47.6653347],[-122.3792378,47.6653775],[-122.3792675,47.6654024],[-122.3793501,47.6654723],[-122.3795108,47.6656083],[-122.3797168,47.6657826],[-122.379807,47.6658589],[-122.3799497,47.6659796],[-122.3799977,47.6660202],[-122.380019,47.6660383],[-122.3800715,47.6660827],[-122.3801187,47.6661245],[-122.3801363,47.66614],[-122.3807009,47.6666329],[-122.3808632,47.6667745],[-122.3808786,47.666788],[-122.3809124,47.6668163],[-122.3817059,47.667481],[-122.3819421,47.6676789],[-122.3819988,47.6677116],[-122.3820337,47.6677231],[-122.3820679,47.6677475],[-122.3821134,47.6678031],[-122.3821617,47.6678629],[-122.3822957,47.6679751],[-122.3823024,47.6679807],[-122.3829068,47.6684871]]}},{"type":"Feature","id":"way/6496966/102","properties":{"highway":"residential","lanes":"2","maxspeed":"20 mph","name":"Northwest Vernon Place","sidewalk":"separate","surface":"concrete","osm_id":6496966},"geometry":{"type":"LineString","coordinates":[[-122.3823406,47.6668559],[-122.3824996,47.6668024],[-122.3831072,47.6664512],[-122.3831836,47.6664071],[-122.3832979,47.6663473],[-122.3837009,47.666136],[-122.3839381,47.6660117],[-122.3839637,47.6659984],[-122.3840867,47.6659379]]}},{"type":"Feature","id":"way/6497233/103","properties":{"highway":"residential","lanes":"2","maxspeed":"20 mph","name":"North 58th Street","sidewalk:both":"separate","osm_id":6497233},"geometry":{"type":"LineString","coordinates":[[-122.3577303,47.6711931],[-122.3576617,47.6711927],[-122.3571275,47.6711896],[-122.357,47.67118897622309]]}},{"type":"Feature","id":"way/6497569/104","properties":{"highway":"residential","lanes":"2","maxspeed":"20 mph","name":"1st Avenue Northwest","sidewalk:both":"separate","osm_id":6497569},"geometry":{"type":"LineString","coordinates":[[-122.3571244,47.6632024],[-122.3571249,47.6632304],[-122.3571298,47.6635289],[-122.3571309,47.6635931]]}},{"type":"Feature","id":"way/6497571/105","properties":{"highway":"residential","lanes":"2","maxspeed":"20 mph","name":"1st Avenue Northwest","sidewalk:both":"separate","osm_id":6497571},"geometry":{"type":"LineString","coordinates":[[-122.3572739,47.65773],[-122.3572735,47.6577786],[-122.3572616,47.6593324],[-122.3572665,47.6593524],[-122.357296,47.6594715],[-122.3572899,47.6596074],[-122.3572552,47.6598362],[-122.357255,47.659922],[-122.357251,47.6613619],[-122.3572271,47.6613998],[-122.3571925,47.6614327]]}},{"type":"Feature","id":"way/6497605/106","properties":{"highway":"residential","lanes":"2","maxspeed":"20 mph","name":"1st Avenue Northwest","sidewalk:both":"separate","osm_id":6497605},"geometry":{"type":"LineString","coordinates":[[-122.3577235,47.6706684],[-122.3577239,47.6707011],[-122.3577296,47.6711417],[-122.3577303,47.6711931],[-122.3577313,47.671247],[-122.3577382,47.6716065],[-122.3577391,47.6716523],[-122.3577353,47.6718299],[-122.3577344,47.6718736],[-122.3577345,47.6719335],[-122.35773457291667,47.672]]}},{"type":"Feature","id":"way/6497629/107","properties":{"highway":"residential","lanes":"2","maxspeed":"20 mph","name":"1st Avenue Northwest","sidewalk:both":"separate","osm_id":6497629},"geometry":{"type":"LineString","coordinates":[[-122.3570982,47.6686798],[-122.3570958,47.6687544],[-122.3570838,47.6691289]]}},{"type":"Feature","id":"way/6497636/108","properties":{"highway":"residential","lanes":"2","maxspeed":"20 mph","name":"1st Avenue Northwest","sidewalk:both":"separate","osm_id":6497636},"geometry":{"type":"LineString","coordinates":[[-122.3571309,47.6635931],[-122.3571315,47.6636674],[-122.3571362,47.6642389],[-122.3571367,47.6643062],[-122.3571355,47.6643803],[-122.3571265,47.6649623],[-122.3571255,47.6650248],[-122.3571262,47.6651125],[-122.3571286,47.665429],[-122.357131,47.6657308],[-122.3571313,47.6657751],[-122.3571336,47.665838],[-122.3571451,47.6661541],[-122.3571508,47.6661702],[-122.3571585,47.6661858],[-122.3571724,47.6662052],[-122.3571884,47.6662232],[-122.3573927,47.6663622],[-122.3574169,47.6663786],[-122.3574148,47.6664444],[-122.3574039,47.6667884],[-122.3574031,47.6668131]]}},{"type":"Feature","id":"way/6497650/109","properties":{"highway":"residential","lanes":"2","maxspeed":"20 mph","name":"1st Avenue Northwest","sidewalk:both":"separate","osm_id":6497650},"geometry":{"type":"LineString","coordinates":[[-122.3575808,47.6563484],[-122.3575808,47.6564147],[-122.3575806,47.6576623],[-122.3575755,47.6576738],[-122.3575583,47.6577001]]}},{"type":"Feature","id":"way/6497654/110","properties":{"highway":"residential","lanes":"2","maxspeed":"20 mph","name":"1st Avenue Northwest","sidewalk:both":"separate","surface":"asphalt","osm_id":6497654},"geometry":{"type":"LineString","coordinates":[[-122.3571862,47.6541522],[-122.3571869,47.6542231],[-122.3571921,47.6547966],[-122.3571928,47.6548664],[-122.3571925,47.6549396],[-122.3571915,47.655244]]}},{"type":"Feature","id":"way/6497668/111","properties":{"highway":"service","lanes":"1","name":"North 45th Street","osm_id":6497668},"geometry":{"type":"LineString","coordinates":[[-122.3570364,47.6615806],[-122.357314,47.661563],[-122.357699,47.6615672]]}},{"type":"Feature","id":"way/6498490/112","properties":{"highway":"residential","lanes":"2","maxspeed":"20 mph","name":"Thorndyke Avenue West","osm_id":6498490},"geometry":{"type":"LineString","coordinates":[[-122.3788746,47.6505344],[-122.3785177,47.6510218],[-122.3783757,47.6512157],[-122.3783412,47.6512619],[-122.3780315,47.6516852],[-122.3779325,47.6518207],[-122.3779189,47.6518389],[-122.3778961,47.6518706]]}},{"type":"Feature","id":"way/6499563/113","properties":{"highway":"residential","lanes":"2","maxspeed":"20 mph","name":"8th Avenue West","osm_id":6499563},"geometry":{"type":"LineString","coordinates":[[-122.3681155627488,47.648],[-122.3681143,47.6481887],[-122.3681144,47.6482372]]}},{"type":"Feature","id":"way/6499566/114","properties":{"highway":"residential","lanes":"2","maxspeed":"20 mph","name":"8th Avenue West","osm_id":6499566},"geometry":{"type":"LineString","coordinates":[[-122.3671222,47.6485586],[-122.3670733,47.6487026],[-122.3670635,47.6488244],[-122.367104,47.6489449],[-122.3671826,47.6490393],[-122.3672199,47.6490624],[-122.3673781,47.6491603],[-122.3674313,47.6492123],[-122.3674616,47.6492413],[-122.3675388,47.6493242],[-122.3675875,47.64945],[-122.3675943,47.6494664],[-122.3676061,47.6495486],[-122.3674996,47.650152],[-122.3674669,47.6503375],[-122.367468,47.6503856],[-122.367471,47.6504558]]}},{"type":"Feature","id":"way/6499580/115","properties":{"highway":"residential","lanes":"2","maxspeed":"20 mph","name":"8th Avenue West","osm_id":6499580},"geometry":{"type":"LineString","coordinates":[[-122.3687466,47.6508472],[-122.3684327,47.6512032],[-122.3681692,47.6515086],[-122.3680777,47.6516158],[-122.3678001,47.6519438]]}},{"type":"Feature","id":"way/6501062/116","properties":{"highway":"residential","lanes":"2","maxspeed":"20 mph","name":"Dravus Street","osm_id":6501062},"geometry":{"type":"LineString","coordinates":[[-122.3576206,47.6486626],[-122.3576044,47.6486627],[-122.357,47.648666864345806]]}},{"type":"Feature","id":"way/6502064/117","properties":{"highway":"residential","lanes":"2","lit":"yes","maxspeed":"20 mph","name":"9th Avenue Northwest","sidewalk":"separate","osm_id":6502064},"geometry":{"type":"LineString","coordinates":[[-122.3686172,47.6613108],[-122.368618,47.6614076],[-122.3686186,47.6614709],[-122.3686195,47.6615682],[-122.3686241,47.6620952],[-122.3686246,47.6621947]]}},{"type":"Feature","id":"way/6505228/118","properties":{"bicycle":"designated","cycleway":"shared_lane","highway":"secondary","lanes":"4","lcn":"yes","maxspeed":"25 mph","name":"West Emerson Place","sidewalk:both":"separate","snowplowing":"yes","surface":"asphalt","winter_service":"yes","winter_service:priority":"2","osm_id":6505228},"geometry":{"type":"LineString","coordinates":[[-122.3801644,47.6539823],[-122.3802003,47.6539823],[-122.3803467,47.6539825],[-122.3805275,47.6539923],[-122.3807039,47.654021],[-122.3808715,47.6540678],[-122.3810263,47.6541316],[-122.3811644,47.6542108],[-122.3813621,47.6543467],[-122.3814735,47.6544277],[-122.3823307,47.6550502]]}},{"type":"Feature","id":"way/6505736/119","properties":{"highway":"residential","lanes":"2","lit":"yes","maxspeed":"20 mph","name":"Northwest 52nd Street","oneway":"no","sidewalk:both":"separate","surface":"concrete","osm_id":6505736},"geometry":{"type":"LineString","coordinates":[[-122.3633836,47.6664566],[-122.3634068,47.6664566],[-122.3660372,47.6664576],[-122.3660879,47.666455],[-122.3661848,47.6664418],[-122.3662915,47.6664264],[-122.3663484,47.6664236],[-122.3673679,47.6664223],[-122.3685473,47.6664222],[-122.3685642,47.6664218]]}},{"type":"Feature","id":"way/6505742/120","properties":{"highway":"residential","lanes":"2","maxspeed":"20 mph","name":"Northwest 52nd Street","sidewalk:both":"separate","osm_id":6505742},"geometry":{"type":"LineString","coordinates":[[-122.3574718,47.6668596],[-122.3574896,47.6668596],[-122.3579888,47.6668584],[-122.3581897,47.6668579],[-122.3582088,47.6668582],[-122.3583923,47.6668613],[-122.3587325,47.6668598],[-122.3588056,47.6668598],[-122.3597193,47.6668595],[-122.3606542,47.6668664],[-122.3606716,47.6668663],[-122.3607686,47.6668663]]}},{"type":"Feature","id":"way/6507603/121","properties":{"highway":"residential","lanes":"2","maxspeed":"20 mph","name":"16th Avenue West","surface":"concrete","osm_id":6507603},"geometry":{"type":"LineString","coordinates":[[-122.37748361046661,47.648],[-122.377485,47.648245],[-122.377486,47.6483556],[-122.3774874,47.6484656],[-122.3774882,47.6485954],[-122.3774894,47.6486807],[-122.3774954,47.6490919],[-122.3775038,47.6498176],[-122.3775114,47.6499256],[-122.3775173,47.6502809],[-122.3775186,47.6503235],[-122.3775204,47.650408],[-122.3775342,47.6508766],[-122.3775311,47.6511989],[-122.3775257,47.6517997],[-122.3775257,47.6518762],[-122.3775188,47.6521648],[-122.3775166,47.6522553],[-122.3775131,47.6524021]]}},{"type":"Feature","id":"way/6507607/122","properties":{"bicycle":"yes","hgv":"designated","highway":"service","name":"16th Avenue West","osm_id":6507607},"geometry":{"type":"LineString","coordinates":[[-122.3801655,47.6538857],[-122.3801667,47.6538541],[-122.3801662,47.6538162],[-122.380157,47.6537761],[-122.3801162,47.6537266],[-122.3800655,47.6536953],[-122.3800116,47.6536768],[-122.3799431,47.6536676],[-122.3798763,47.6536716],[-122.3784947,47.6537919],[-122.3784337,47.6538065],[-122.3783912,47.6538234],[-122.3783253,47.6538666],[-122.3783025,47.6538905],[-122.3782794,47.6539268],[-122.3782588,47.6539872],[-122.3782426,47.6540373]]}},{"type":"Feature","id":"way/6508091/123","properties":{"cycleway:both":"no","highway":"primary","lanes":"4","lit":"yes","maxspeed":"25 mph","name":"Northwest Market Street","parking:lane:both":"no_stopping","sidewalk":"separate","snowplowing":"yes","surface":"asphalt","trolley_wire":"yes","winter_service":"yes","winter_service:priority":"1","osm_id":6508091},"geometry":{"type":"LineString","coordinates":[[-122.3607929,47.6669059],[-122.3609777,47.6671734]]}},{"type":"Feature","id":"way/6508100/124","properties":{"highway":"primary","lanes":"2","maxspeed":"25 mph","name":"Northwest Market Street","parking:lane:both":"no_stopping","sidewalk:both":"separate","snowplowing":"yes","surface":"asphalt","trolley_wire":"yes","winter_service":"yes","winter_service:priority":"1","osm_id":6508100},"geometry":{"type":"LineString","coordinates":[[-122.3577072,47.6633048],[-122.3578633,47.6634447],[-122.357992,47.6635601],[-122.3580325,47.6635964]]}},{"type":"Feature","id":"way/6510097/125","properties":{"highway":"residential","lanes":"2","maxspeed":"20 mph","name":"Northwest 57th Street","sidewalk:both":"separate","osm_id":6510097},"geometry":{"type":"LineString","coordinates":[[-122.3661725,47.6701626],[-122.3663448,47.6701629],[-122.3685003,47.6701668],[-122.3685483,47.6701669]]}},{"type":"Feature","id":"way/6511156/126","properties":{"dual_carriageway":"yes","hgv":"designated","highway":"primary","lanes":"3","maxspeed":"30 mph","name":"15th Avenue Northwest","old_name":"Main Street (Ballard)","oneway":"yes","parking:lane:both":"no_stopping","sidewalk:left":"no","sidewalk:right":"separate","snowplowing":"yes","source:hgv":"https://www.seattle.gov/Documents/Departments/SDOT/Services/Permits/MajorTruckStreets.pdf","surface":"asphalt","winter_service":"yes","winter_service:priority":"1","osm_id":6511156},"geometry":{"type":"LineString","coordinates":[[-122.3762758,47.6662615],[-122.3762766,47.6660328]]}},{"type":"Feature","id":"way/6512002/127","properties":{"alt_name":"West Ewing Alley","highway":"service","name":"West Ewing Street","osm_id":6512002},"geometry":{"type":"LineString","coordinates":[[-122.3608547,47.6515767],[-122.3609654,47.6516014],[-122.3625108,47.6519433],[-122.3637722,47.6522366],[-122.3638901,47.652264],[-122.3639546,47.6522773],[-122.3641258,47.6523169]]}},{"type":"Feature","id":"way/6513629/128","properties":{"highway":"residential","lanes":"2","maxspeed":"20 mph","name":"North 54th Street","sidewalk:both":"separate","osm_id":6513629},"geometry":{"type":"LineString","coordinates":[[-122.3573956,47.6679315],[-122.3573162,47.6679309],[-122.357,47.66792844327038]]}},{"type":"Feature","id":"way/6515384/129","properties":{"bicycle":"yes","highway":"service","name":"18th Avenue West","osm_id":6515384},"geometry":{"type":"LineString","coordinates":[[-122.3801122,47.6546077],[-122.380067,47.6546867],[-122.3800569,47.655073],[-122.380056,47.655108]]}},{"type":"Feature","id":"way/6516551/130","properties":{"highway":"residential","lanes":"2","lit":"yes","maxheight":"25'0\"","maxspeed":"20 mph","name":"Tallman Avenue Northwest","sidewalk:both":"separate","surface":"asphalt","osm_id":6516551},"geometry":{"type":"LineString","coordinates":[[-122.3788809,47.6662279],[-122.3790162,47.6663399],[-122.3792387,47.6665243],[-122.3793007,47.6665769],[-122.3794883,47.6667359],[-122.3797072,47.6669215],[-122.3798332,47.6670283],[-122.3799978,47.6671677],[-122.3800341,47.6671985],[-122.3800657,47.6672253],[-122.3801449,47.6672951],[-122.3805829,47.6676811],[-122.3812817,47.6682971],[-122.3813117,47.6683235],[-122.3814444,47.6684405],[-122.3815289,47.6685425],[-122.3815349,47.6685622],[-122.3815669,47.6686666]]}},{"type":"Feature","id":"way/6519383/131","properties":{"cycleway:both":"no","highway":"residential","lanes":"2","lit":"yes","maxspeed":"20 mph","name":"Northwest 44th Street","sidewalk:both":"separate","surface":"concrete","osm_id":6519383},"geometry":{"type":"LineString","coordinates":[[-122.3608043,47.6604975],[-122.3608952,47.6604976],[-122.3612718,47.6604978],[-122.3619041,47.6604981],[-122.3620203,47.6604977],[-122.3621382,47.6604974],[-122.3628724,47.6604953],[-122.3629518,47.6604951],[-122.3630261,47.6604949],[-122.3634465,47.6604935],[-122.3634759,47.6604934],[-122.3638806,47.6604922],[-122.3639014,47.6604922],[-122.3640148,47.6604919]]}},{"type":"Feature","id":"way/6519388/132","properties":{"highway":"residential","lanes":"2","maxspeed":"20 mph","name":"Northwest 44th Street","sidewalk:both":"separate","osm_id":6519388},"geometry":{"type":"LineString","coordinates":[[-122.3640151,47.6607972],[-122.3641389,47.6607974],[-122.3641628,47.6607974],[-122.3653591,47.6607994],[-122.3659649,47.6608003],[-122.3660694,47.6608005],[-122.3662132,47.6608021]]}},{"type":"Feature","id":"way/6519937/133","properties":{"highway":"residential","lanes":"2","lit":"yes","maxspeed":"20 mph","name":"Northwest 51st Street","oneway":"no","sidewalk:both":"separate","surface":"concrete","osm_id":6519937},"geometry":{"type":"LineString","coordinates":[[-122.3608204,47.6657241],[-122.3609297,47.6657244],[-122.3631998,47.66573],[-122.3632811,47.6657302],[-122.3634127,47.66573],[-122.366037,47.6657255],[-122.3660567,47.6657247],[-122.3660979,47.665723],[-122.3661852,47.6657127],[-122.3662774,47.6656998],[-122.3663569,47.6656958],[-122.3685095,47.6657003],[-122.3685557,47.6657005]]}},{"type":"Feature","id":"way/6519939/134","properties":{"highway":"residential","lanes":"2","maxspeed":"20 mph","name":"Northwest 51st Street","sidewalk:both":"separate","osm_id":6519939},"geometry":{"type":"LineString","coordinates":[[-122.3571313,47.6657751],[-122.3572247,47.6657753],[-122.3586588,47.6657782],[-122.3587369,47.6657784]]}},{"type":"Feature","id":"way/6520117/135","properties":{"highway":"residential","lanes":"2","maxspeed":"20 mph","name":"West Cremona Street","osm_id":6520117},"geometry":{"type":"LineString","coordinates":[[-122.364849,47.6499392],[-122.3649598,47.6499278],[-122.3655286,47.6498726],[-122.3661725,47.6498022],[-122.3662519,47.649794],[-122.3663516,47.6497819],[-122.3666775,47.6497429],[-122.366924,47.6497042],[-122.367115,47.6496334],[-122.3672518,47.6495504],[-122.3673774,47.6494508],[-122.3675388,47.6493242],[-122.3676303,47.6492285],[-122.3676667,47.6491914],[-122.3678204,47.6490938],[-122.3679762,47.6490502],[-122.3681476,47.6490543],[-122.3682653,47.649089]]}},{"type":"Feature","id":"way/6520121/136","properties":{"access":"permissive","bicycle":"permissive","highway":"pedestrian","lit":"yes","motor_vehicle":"no","name":"Tiffany Loop","surface":"paving_stones","osm_id":6520121},"geometry":{"type":"LineString","coordinates":[[-122.3610734,47.6495467],[-122.3611228,47.649535],[-122.3612122,47.6495128],[-122.3614337,47.6494471],[-122.3614746,47.6494387],[-122.3615628,47.6494189],[-122.3616677,47.6494161],[-122.3617291,47.6494267],[-122.3617777,47.6494377],[-122.3618748,47.6494824],[-122.3619162,47.6495464],[-122.3619289,47.6495939],[-122.3619156,47.6496459],[-122.361863,47.6496884],[-122.36178,47.6497185],[-122.361735,47.6497281],[-122.3616711,47.6497377],[-122.3615873,47.6497379],[-122.3615149,47.6497282],[-122.3614465,47.6497042],[-122.3612956,47.6496366],[-122.3611635,47.6495742],[-122.3610734,47.6495467]]}},{"type":"Feature","id":"way/6520723/137","properties":{"cycleway:both":"no","highway":"residential","lanes":"2","lit":"yes","maxspeed":"20 mph","name":"6th Avenue Northwest","sidewalk:both":"separate","surface":"asphalt","osm_id":6520723},"geometry":{"type":"LineString","coordinates":[[-122.3640443,47.668671],[-122.3640419,47.6687777],[-122.364033,47.6693397],[-122.3640323,47.6693815],[-122.3640322,47.6693884]]}},{"type":"Feature","id":"way/6520737/138","properties":{"bicycle":"designated","cycleway:both":"shared_lane","cycleway:both:lane":"pictogram","highway":"residential","lanes":"2","maxspeed":"20 mph","name":"6th Avenue Northwest","sidewalk:both":"separate","osm_id":6520737},"geometry":{"type":"LineString","coordinates":[[-122.3632953,47.6665121],[-122.3632949,47.6665294],[-122.3632879,47.6668102],[-122.3632805,47.667109],[-122.3632789,47.6671729],[-122.3632808,47.6672626],[-122.3632877,47.6675915],[-122.3632932,47.6678509],[-122.3632946,47.6679137],[-122.3632952,47.6679919],[-122.3632968,47.6682146],[-122.3632995,47.6685734]]}},{"type":"Feature","id":"way/6520756/139","properties":{"bicycle":"designated","cycleway":"shared_lane","highway":"residential","lanes":"2","lit":"yes","maxspeed":"20 mph","name":"6th Avenue Northwest","sidewalk:both":"separate","surface":"concrete","osm_id":6520756},"geometry":{"type":"LineString","coordinates":[[-122.3640066,47.6589555],[-122.3640064,47.6590105],[-122.3640063,47.6590361],[-122.3640083,47.6595662],[-122.3640107,47.6599803],[-122.3640109,47.6600187],[-122.3640108,47.6601127],[-122.3640148,47.6604919],[-122.3640149,47.6605569],[-122.3640151,47.6607972],[-122.3640172,47.6611308],[-122.3640193,47.6613949],[-122.3640199,47.6614026]]}},{"type":"Feature","id":"way/6522805/140","properties":{"highway":"residential","lanes":"2","maxspeed":"20 mph","name":"North 35th Street","sidewalk":"separate","surface":"concrete","osm_id":6522805},"geometry":{"type":"LineString","coordinates":[[-122.3576724,47.6521315],[-122.3575389,47.6521009],[-122.3570715,47.6519938],[-122.357,47.65197743983051]]}},{"type":"Feature","id":"way/7977807/141","properties":{"highway":"tertiary","lanes":"2","maxspeed":"25 mph","name":"3rd Avenue West","surface":"asphalt","trolley_wire":"yes","osm_id":7977807},"geometry":{"type":"LineString","coordinates":[[-122.3609090348199,47.648],[-122.3609041,47.6481918]]}},{"type":"Feature","id":"way/8026823/142","properties":{"hgv":"no","highway":"residential","lanes":"2","maxspeed":"20 mph","name":"North 49th Street","sidewalk:both":"separate","osm_id":8026823},"geometry":{"type":"LineString","coordinates":[[-122.3571367,47.6643062],[-122.3570453,47.6643066],[-122.357,47.66430681555747]]}},{"type":"Feature","id":"way/8026826/143","properties":{"highway":"residential","lanes":"2","maxspeed":"20 mph","name":"North 50th Street","oneway":"no","sidewalk:both":"separate","osm_id":8026826},"geometry":{"type":"LineString","coordinates":[[-122.3571255,47.6650248],[-122.3570484,47.6650243],[-122.357,47.66502396256248]]}},{"type":"Feature","id":"way/8043349/144","properties":{"bicycle":"yes","cycleway":"no","highway":"primary_link","lanes":"1","lcn":"yes","maxspeed":"25 mph","oneway":"yes","parking:lane:both":"no_stopping","surface":"concrete","osm_id":8043349},"geometry":{"type":"LineString","coordinates":[[-122.3752189,47.6534824],[-122.3752132,47.6535072],[-122.3752141,47.6535492],[-122.3752223,47.6535844],[-122.3752376,47.6536267],[-122.3752708,47.6536945],[-122.3753149,47.6537535],[-122.3754142,47.6538709],[-122.3754564,47.6539338],[-122.375482,47.6539877],[-122.3754993,47.6540228],[-122.3755163,47.6540649],[-122.3755262,47.6541187],[-122.375538,47.6541993],[-122.3755451,47.6542533],[-122.3755869,47.654386]]}},{"type":"Feature","id":"way/8043351/145","properties":{"hgv":"designated","highway":"primary_link","lanes":"1","lit":"yes","maxheight:physical":"15'0\"","maxspeed":"25 mph","oneway":"yes","parking:lane:both":"no_stopping","source:hgv":"https://www.seattle.gov/Documents/Departments/SDOT/Services/Permits/MajorTruckStreets.pdf","osm_id":8043351},"geometry":{"type":"LineString","coordinates":[[-122.3761748,47.6527232],[-122.3761671,47.6527703],[-122.3760962,47.6532055],[-122.3760818,47.6532975],[-122.3760733,47.6533779],[-122.3760553,47.653441],[-122.3760368,47.6534921]]}},{"type":"Feature","id":"way/8072142/146","properties":{"highway":"residential","lanes":"2","maxspeed":"20 mph","name":"Northwest 50th Street","sidewalk:both":"separate","surface":"asphalt","osm_id":8072142},"geometry":{"type":"LineString","coordinates":[[-122.3763565,47.6650664],[-122.3764527,47.6650668],[-122.376501,47.6650671],[-122.3765543,47.6650673],[-122.3771296,47.66507],[-122.3775337,47.6650719],[-122.3782656,47.6650754],[-122.3787216,47.6650776],[-122.3787875,47.6650779],[-122.3788836,47.6650784]]}},{"type":"Feature","id":"way/8072144/147","properties":{"dual_carriageway":"yes","hgv":"designated","highway":"primary","lanes":"3","maxspeed":"30 mph","name":"15th Avenue Northwest","oneway":"yes","parking:both":"no","parking:both:restriction":"no_stopping","sidewalk:left":"no","sidewalk:right":"separate","snowplowing":"yes","source:hgv":"https://www.seattle.gov/Documents/Departments/SDOT/Services/Permits/MajorTruckStreets.pdf","surface":"concrete","turn:lanes":"||slight_right","winter_service":"yes","winter_service:priority":"1","osm_id":8072144},"geometry":{"type":"LineString","coordinates":[[-122.3762766,47.6660328],[-122.3762775,47.6657857],[-122.3762769,47.6657052],[-122.3762769,47.6656326],[-122.3762771,47.6654648]]}},{"type":"Feature","id":"way/8072146/148","properties":{"hgv":"designated","highway":"primary","lanes":"2","maxspeed":"30 mph","name":"15th Avenue Northwest","oneway":"yes","sidewalk:left":"no","sidewalk:right":"yes","source:hgv":"https://www.seattle.gov/Documents/Departments/SDOT/Services/Permits/MajorTruckStreets.pdf","surface":"asphalt","osm_id":8072146},"geometry":{"type":"LineString","coordinates":[[-122.3762771,47.6654648],[-122.3762912,47.6653941],[-122.3763565,47.6650664],[-122.3763613,47.6648244],[-122.3763699,47.6643965],[-122.3763786,47.6640826]]}},{"type":"Feature","id":"way/8072147/149","properties":{"bridge":"yes","foot":"no","highway":"primary_link","lanes":"1","layer":"1","maxspeed":"30 mph","oneway":"yes","parking:both":"no","parking:both:restriction":"no_stopping","ref:fra_crossing":"101243G","surface":"asphalt","osm_id":8072147},"geometry":{"type":"LineString","coordinates":[[-122.3762332,47.661461],[-122.376174,47.6617124],[-122.3761082,47.6621174]]}},{"type":"Feature","id":"way/8072201/150","properties":{"highway":"residential","lanes":"2","maxspeed":"20 mph","name":"North 47th Street","sidewalk:left":"no","sidewalk:right":"separate","osm_id":8072201},"geometry":{"type":"LineString","coordinates":[[-122.3572973,47.6632018],[-122.3572304,47.6632021],[-122.3571244,47.6632024],[-122.3570416,47.6632026],[-122.357,47.663202726700504]]}},{"type":"Feature","id":"way/8167101/151","properties":{"highway":"tertiary","lanes":"2","maxspeed":"25 mph","name":"3rd Avenue West","trolley_wire":"yes","osm_id":8167101},"geometry":{"type":"LineString","coordinates":[[-122.3609041,47.6481918],[-122.3609032,47.6486654],[-122.3609018,47.6487219],[-122.3609006,47.6488066],[-122.3608942,47.6490073],[-122.3608928,47.6490504]]}},{"type":"Feature","id":"way/9118417/152","properties":{"highway":"residential","lanes":"2","maxspeed":"20 mph","name":"Northwest 59th Street","sidewalk:both":"separate","osm_id":9118417},"geometry":{"type":"LineString","coordinates":[[-122.3603824,47.6715918],[-122.3603153,47.6715934],[-122.3602446,47.6715934],[-122.359048,47.6715887],[-122.3590027,47.6715907],[-122.3589544,47.6715943],[-122.3589045,47.6715997],[-122.358594,47.6716435],[-122.3585581,47.6716465],[-122.3585226,47.6716485],[-122.3578068,47.671652],[-122.3577391,47.6716523]]}},{"type":"Feature","id":"way/9118420/153","properties":{"highway":"service","lanes":"1","maxspeed":"15 mph","service":"alley","osm_id":9118420},"geometry":{"type":"LineString","coordinates":[[-122.3571275,47.6711896],[-122.3571286,47.6711391],[-122.3571415,47.6705326],[-122.3571425,47.6704839]]}},{"type":"Feature","id":"way/9121517/154","properties":{"bicycle":"yes","cycleway":"no","hgv":"designated","highway":"primary_link","lanes":"1","lcn":"yes","maxspeed":"25 mph","oneway":"yes","parking:lane:both":"no_stopping","source:hgv":"https://www.seattle.gov/Documents/Departments/SDOT/Services/Permits/MajorTruckStreets.pdf","osm_id":9121517},"geometry":{"type":"LineString","coordinates":[[-122.3757534,47.6539163],[-122.3756971,47.6539814],[-122.3756269,47.654099],[-122.3756158,47.6541668],[-122.3756026,47.6542197],[-122.3755945,47.654272],[-122.3755869,47.654386]]}},{"type":"Feature","id":"way/9121519/155","properties":{"cycleway:both":"no","highway":"residential","lanes":"2","lit":"yes","maxspeed":"20 mph","name":"Northwest 45th Street","sidewalk:both":"separate","surface":"concrete","osm_id":9121519},"geometry":{"type":"LineString","coordinates":[[-122.3578486,47.6614943],[-122.3583159,47.6614923],[-122.3583656,47.6614921],[-122.3589533,47.6614889],[-122.3589837,47.6614887],[-122.3590331,47.6614885],[-122.3594704,47.6614882],[-122.3595663,47.6614881],[-122.360177,47.6614867],[-122.3602984,47.6614839],[-122.360684,47.6614749],[-122.3608111,47.661472],[-122.360884,47.6614714],[-122.3620121,47.6614615],[-122.3620638,47.6614584],[-122.362109,47.6614557]]}},{"type":"Feature","id":"way/9121520/156","properties":{"bicycle":"designated","cycleway":"lane","highway":"secondary","lanes":"3","lanes:backward":"2","lanes:forward":"1","lit":"yes","maxspeed":"25 mph","name":"8th Avenue Northwest","oneway":"no","sidewalk:both":"separate","snowplowing":"yes","surface":"concrete","turn:lanes:backward":"left|left;right","winter_service":"yes","winter_service:priority":"2","osm_id":9121520},"geometry":{"type":"LineString","coordinates":[[-122.3663763,47.6606486],[-122.3662802,47.6607384],[-122.3662132,47.6608021]]}},{"type":"Feature","id":"way/9121527/157","properties":{"highway":"residential","lanes":"2","lit":"yes","maxspeed":"20 mph","name":"8th Avenue Northwest","sidewalk":"no","surface":"asphalt","osm_id":9121527},"geometry":{"type":"LineString","coordinates":[[-122.366138,47.6585229],[-122.3661345,47.6586584],[-122.366129,47.6588606],[-122.366092,47.6589098],[-122.3660608,47.658951]]}},{"type":"Feature","id":"way/9121528/158","properties":{"highway":"residential","lanes":"2","maxspeed":"20 mph","name":"6th Avenue Northwest","sidewalk":"no","surface":"asphalt","osm_id":9121528},"geometry":{"type":"LineString","coordinates":[[-122.3635867,47.6560546],[-122.3635869,47.6565089],[-122.3635873,47.6565523],[-122.363578,47.6566095],[-122.363579,47.65663],[-122.3635828,47.6567334],[-122.3635908,47.6569261]]}},{"type":"Feature","id":"way/9121531/159","properties":{"cycleway:both":"no","highway":"residential","lanes":"2","lit":"yes","maxspeed":"20 mph","name":"4th Avenue Northwest","sidewalk:both":"separate","surface":"concrete","osm_id":9121531},"geometry":{"type":"LineString","coordinates":[[-122.3621382,47.6604974],[-122.3621391,47.66055],[-122.3621537,47.6613887],[-122.3621542,47.6614191]]}},{"type":"Feature","id":"way/9121533/160","properties":{"highway":"residential","lanes":"2","lit":"yes","maxspeed":"20 mph","name":"Northwest 42nd Street","sidewalk:both":"separate","surface":"concrete","osm_id":9121533},"geometry":{"type":"LineString","coordinates":[[-122.3596013,47.657813],[-122.3597137,47.6578139],[-122.3601923,47.6578152],[-122.3607361,47.6578128],[-122.3608174,47.6578012],[-122.3609482,47.6577849],[-122.3617805,47.657784],[-122.361878,47.6577839],[-122.3619858,47.6577841],[-122.3628542,47.6577855],[-122.3629368,47.6577856],[-122.3634295,47.6577872],[-122.3635782,47.6577877]]}},{"type":"Feature","id":"way/10379526/161","properties":{"highway":"residential","lanes":"2","maxspeed":"20 mph","name":"Northwest 46th Street","sidewalk:both":"separate","osm_id":10379526},"geometry":{"type":"LineString","coordinates":[[-122.3608185,47.6621819],[-122.3608911,47.6621822],[-122.3638912,47.6621914],[-122.3639241,47.6621915],[-122.363954,47.6621912]]}},{"type":"Feature","id":"way/10379527/162","properties":{"highway":"residential","lanes":"2","lit":"yes","maxspeed":"20 mph","name":"Northwest 53rd Street","sidewalk":"separate","osm_id":10379527},"geometry":{"type":"LineString","coordinates":[[-122.3707619,47.6671587],[-122.3708889,47.6671588],[-122.3721235,47.66716],[-122.3726721,47.6671605],[-122.3729594,47.6671608],[-122.3734265,47.6671612],[-122.3735201,47.6671613],[-122.3736824,47.6671591],[-122.373782,47.6671594],[-122.3738939,47.6671597],[-122.3741285,47.6671603],[-122.3743324,47.6671608],[-122.3746704,47.6671617],[-122.374889,47.6671623],[-122.3755712,47.6671641],[-122.3756963,47.6671644]]}},{"type":"Feature","id":"way/10380312/163","properties":{"dual_carriageway":"yes","highway":"residential","lanes":"1","maxspeed":"20 mph","name":"North 43rd Street","oneway":"yes","parking:lane:left":"no_stopping","parking:lane:right":"parallel","sidewalk:left":"no","sidewalk:right":"separate","surface":"concrete","osm_id":10380312},"geometry":{"type":"LineString","coordinates":[[-122.357296,47.6594715],[-122.357165,47.659471],[-122.357,47.65947032814784]]}},{"type":"Feature","id":"way/10380314/164","properties":{"highway":"tertiary","lanes":"2","maxspeed":"25 mph","name":"3rd Avenue Northwest","sidewalk:both":"separate","snowplowing":"yes","winter_service":"yes","winter_service:priority":"2","osm_id":10380314},"geometry":{"type":"LineString","coordinates":[[-122.3608331,47.6560678],[-122.3608316,47.6562756],[-122.360831,47.6563518],[-122.3608299,47.6563976],[-122.3608186,47.6568634],[-122.3608166,47.6569445],[-122.3608165,47.6569875],[-122.360816,47.6571393],[-122.3608169,47.6577714],[-122.3608174,47.6578012],[-122.3608168,47.6578407],[-122.3608155,47.6588934],[-122.3608148,47.6589517],[-122.3608143,47.6590131],[-122.360803,47.6601514],[-122.3608024,47.6602114],[-122.3608039,47.6604428],[-122.3608043,47.6604975],[-122.3608046,47.6605308],[-122.3608107,47.661409],[-122.3608111,47.661472],[-122.3608111,47.6615438],[-122.3608109,47.6618324],[-122.360813,47.6619313],[-122.3608185,47.6621819],[-122.3608177,47.6622672],[-122.3608166,47.6623828],[-122.3608175,47.6625647],[-122.360813,47.662879],[-122.3608126,47.662907],[-122.3608127,47.6629622],[-122.3608129,47.6631921],[-122.3608153,47.6632855],[-122.3608118,47.6635223],[-122.3608104,47.6636182],[-122.3608101,47.6636904],[-122.3608079,47.6642432],[-122.3608077,47.6643287]]}},{"type":"Feature","id":"way/10425967/165","properties":{"highway":"residential","lanes":"2","maxspeed":"20 mph","name":"Northwest 39th Street","sidewalk:left":"no","sidewalk:right":"separate","surface":"asphalt","osm_id":10425967},"geometry":{"type":"LineString","coordinates":[[-122.3600801,47.654144],[-122.3602861,47.6541448],[-122.3603911,47.6541452],[-122.3608554,47.6541471]]}},{"type":"Feature","id":"way/10425981/166","properties":{"cycleway:both":"no","hgv":"designated","highway":"secondary","lanes":"4","maxspeed":"25 mph","name":"Northwest Leary Way","old_name":"West 48th Street;D Street","oneway":"no","sidewalk:both":"separate","snowplowing":"yes","source:hgv":"https://www.seattle.gov/Documents/Departments/SDOT/Services/Permits/MajorTruckStreets.pdf","surface":"asphalt","winter_service":"yes","winter_service:priority":"2","osm_id":10425981},"geometry":{"type":"LineString","coordinates":[[-122.369766,47.6636227],[-122.3698272,47.6636333],[-122.369915,47.6636425],[-122.3700852,47.6636541],[-122.3702584,47.6636578],[-122.3702983,47.6636587],[-122.3704223,47.6636603],[-122.3706516,47.6636611],[-122.370754,47.6636614],[-122.3709421,47.6636615],[-122.3710558,47.6636615],[-122.3712406,47.6636615],[-122.3718993,47.6636616],[-122.3722351,47.6636616],[-122.3723132,47.6636616],[-122.3728013,47.6636617],[-122.3732748,47.6636617],[-122.373422,47.6636617],[-122.3734448,47.6636617],[-122.3736075,47.6636617],[-122.3738027,47.6636619],[-122.3739326,47.663662],[-122.3750016,47.6636629],[-122.3750861,47.663663],[-122.3752722,47.6636632],[-122.3759557,47.6636637],[-122.3760711,47.6636638]]}},{"type":"Feature","id":"way/22716820/167","properties":{"highway":"service","maxspeed":"15 mph","service":"alley","sidewalk:both":"no","osm_id":22716820},"geometry":{"type":"LineString","coordinates":[[-122.386746,47.6599522],[-122.3867474,47.6599128],[-122.3867638,47.65946],[-122.3867588,47.6586866],[-122.3867493,47.6576347]]}},{"type":"Feature","id":"way/22717004/168","properties":{"highway":"service","maxspeed":"15 mph","service":"alley","width":"4","osm_id":22717004},"geometry":{"type":"LineString","coordinates":[[-122.3867377,47.653283],[-122.3867261,47.6539261],[-122.3867261,47.6539737],[-122.3867265,47.65403],[-122.3867314,47.6545532],[-122.3867415,47.6557519],[-122.3867428,47.6558101]]}},{"type":"Feature","id":"way/22717005/169","properties":{"highway":"service","osm_id":22717005},"geometry":{"type":"LineString","coordinates":[[-122.3853537,47.6539792],[-122.3853528,47.6539295],[-122.3853452,47.652208],[-122.3853457,47.6521564]]}},{"type":"Feature","id":"way/22717006/170","properties":{"highway":"service","osm_id":22717006},"geometry":{"type":"LineString","coordinates":[[-122.384026,47.6521618],[-122.3840114,47.6503827],[-122.384011,47.6503363],[-122.3840111,47.6502801],[-122.3840136,47.6486517],[-122.3840135,47.6485709],[-122.3840142,47.6484781],[-122.3840135,47.6483458],[-122.38401222510534,47.648]]}},{"type":"Feature","id":"way/22717007/171","properties":{"highway":"service","maxspeed":"15 mph","service":"alley","osm_id":22717007},"geometry":{"type":"LineString","coordinates":[[-122.385308,47.6485675],[-122.3853081,47.6484661],[-122.3853085,47.6483432],[-122.38530978231654,47.648]]}},{"type":"Feature","id":"way/22717008/172","properties":{"highway":"service","osm_id":22717008},"geometry":{"type":"LineString","coordinates":[[-122.382708,47.6503317],[-122.3827074,47.6502818],[-122.3826863,47.6485744],[-122.3826857,47.648469],[-122.382685,47.6483484],[-122.3826858,47.6483391],[-122.3826859,47.6482596],[-122.3826859,47.64819],[-122.3826860225253,47.648]]}},{"type":"Feature","id":"way/22717009/173","properties":{"highway":"service","maxspeed":"15 mph","service":"alley","osm_id":22717009},"geometry":{"type":"LineString","coordinates":[[-122.3866842,47.650332],[-122.3866847,47.6502739],[-122.3866872,47.6499998],[-122.3866974,47.6491269],[-122.3866983,47.6490486],[-122.3867003,47.6488838],[-122.3867048,47.6485639],[-122.3867064,47.6484645],[-122.3866979,47.6483402],[-122.3866762,47.6480046],[-122.38667638534798,47.648]]}},{"type":"Feature","id":"way/22717268/174","properties":{"highway":"secondary","lanes":"2","lcn":"yes","maxspeed":"25 mph","name":"20th Avenue West","sidewalk:both":"separate","surface":"asphalt","osm_id":22717268},"geometry":{"type":"LineString","coordinates":[[-122.38207076772389,47.648],[-122.3820709,47.6482152]]}},{"type":"Feature","id":"way/22758987/175","properties":{"bicycle":"designated","cycleway":"shared_lane","highway":"secondary","lanes":"4","lcn":"yes","maxspeed":"25 mph","name":"West Emerson Street","sidewalk:left":"no","sidewalk:right":"separate","snowplowing":"yes","surface":"concrete","winter_service":"yes","winter_service:priority":"2","osm_id":22758987},"geometry":{"type":"LineString","coordinates":[[-122.379249,47.6539857],[-122.3800293,47.653984],[-122.3801644,47.6539823]]}},{"type":"Feature","id":"way/22758988/176","properties":{"bicycle":"yes","bridge":"yes","cycleway":"no","highway":"primary_link","lanes":"2","layer":"2","lcn":"yes","maxspeed":"25 mph","oneway":"no","parking:lane:both":"no_stopping","surface":"concrete","osm_id":22758988},"geometry":{"type":"LineString","coordinates":[[-122.3754688,47.6531115],[-122.3755139,47.6530934],[-122.3755609,47.6530777],[-122.3756096,47.6530648],[-122.3756598,47.6530546],[-122.3757111,47.6530472],[-122.3757631,47.6530428],[-122.3758155,47.6530414],[-122.3766274,47.6530651],[-122.3767019,47.6530732],[-122.3767747,47.6530868],[-122.3768448,47.6531058],[-122.3769114,47.6531299],[-122.3769736,47.6531587],[-122.3770307,47.6531921],[-122.3770819,47.6532295],[-122.3771267,47.6532705],[-122.3771645,47.6533145],[-122.3771948,47.6533612],[-122.3772172,47.6534097],[-122.3772392,47.6534597]]}},{"type":"Feature","id":"way/22758993/177","properties":{"highway":"residential","lanes":"2","maxspeed":"20 mph","name":"West Bertona Street","osm_id":22758993},"geometry":{"type":"LineString","coordinates":[[-122.3764467,47.6503353],[-122.3766341,47.6503317],[-122.3768407,47.6503277],[-122.3771282,47.650326],[-122.3774523,47.6503239],[-122.3775186,47.6503235],[-122.3775861,47.6503235],[-122.3783432,47.6503238],[-122.3784156,47.6503242],[-122.3788645,47.6503263],[-122.3788789,47.6503264]]}},{"type":"Feature","id":"way/22758994/178","properties":{"highway":"primary_link","lanes":"1","maxspeed":"30 mph","oneway":"yes","surface":"asphalt","osm_id":22758994},"geometry":{"type":"LineString","coordinates":[[-122.3764467,47.6503353],[-122.3765257,47.6502184],[-122.3765978,47.6500979],[-122.3766775,47.64986],[-122.3767515,47.6496387],[-122.3767621,47.6494912],[-122.3767665,47.6494387]]}},{"type":"Feature","id":"way/22758995/179","properties":{"bicycle":"designated","bridge":"yes","cycleway":"shared_lane","highway":"secondary","lanes":"4","layer":"1","maxspeed":"25 mph","name":"West Dravus Street","parking:lane:both":"no_stopping","sidewalk:both":"separate","osm_id":22758995},"geometry":{"type":"LineString","coordinates":[[-122.3761957,47.6484622],[-122.3766752,47.6484636]]}},{"type":"Feature","id":"way/22758996/180","properties":{"bicycle":"designated","cycleway":"shared_lane","highway":"secondary","lanes":"5","lanes:backward":"3","lanes:forward":"2","maxspeed":"25 mph","name":"West Dravus Street","old_name":"Grand Boulevard","old_ref":"http://en.wikipedia.org/wiki/Interbay,_Seattle","parking:lane:both":"no_stopping","sidewalk:both":"separate","surface":"asphalt","turn:lanes:backward":"||right","osm_id":22758996},"geometry":{"type":"LineString","coordinates":[[-122.3767714,47.6484642],[-122.3768672,47.648464],[-122.3769816,47.6484638]]}},{"type":"Feature","id":"way/22759000/181","properties":{"highway":"tertiary","lanes":"2","maxspeed":"25 mph","name":"West Dravus Street","parking:lane:both":"no_stopping","sidewalk:both":"separate","surface":"concrete","osm_id":22759000},"geometry":{"type":"LineString","coordinates":[[-122.3715672,47.6484757],[-122.3716401,47.6484756],[-122.3718623,47.6484752],[-122.3721708,47.6484747],[-122.3723215,47.6484744],[-122.3723989,47.6484743],[-122.372625,47.6484739],[-122.3727011,47.6484738],[-122.3729493,47.6484733],[-122.3735236,47.6484722],[-122.373582,47.6484721],[-122.3736627,47.6484719],[-122.374244,47.6484707],[-122.3743605,47.6484708],[-122.3748226,47.6484699],[-122.3748968,47.6484698]]}},{"type":"Feature","id":"way/22759010/182","properties":{"highway":"residential","lanes":"2","maxspeed":"20 mph","name":"West Emerson Street","osm_id":22759010},"geometry":{"type":"LineString","coordinates":[[-122.3723001,47.6540333],[-122.372221,47.6539386],[-122.3721911,47.6539026],[-122.3721753,47.6538857],[-122.3715954,47.653557],[-122.370961,47.6531764],[-122.3709233,47.6531536]]}},{"type":"Feature","id":"way/22759011/183","properties":{"highway":"residential","lanes":"2","maxspeed":"20 mph","name":"West Argand Street","osm_id":22759011},"geometry":{"type":"LineString","coordinates":[[-122.3671764,47.6504513],[-122.3674115,47.650521],[-122.3675062,47.6505482],[-122.3687466,47.6508472],[-122.3688419,47.6508484]]}},{"type":"Feature","id":"way/22759012/184","properties":{"highway":"residential","lanes":"2","maxspeed":"20 mph","name":"6th Avenue West","sidewalk:both":"separate","osm_id":22759012},"geometry":{"type":"LineString","coordinates":[[-122.3650653,47.6504494],[-122.365014,47.6505526],[-122.3648911,47.6508013],[-122.3648777,47.6508299],[-122.3648332,47.6509112],[-122.3646678,47.6512196],[-122.3645002,47.6515601],[-122.364458,47.6516462]]}},{"type":"Feature","id":"way/22759019/185","properties":{"highway":"residential","lanes":"2","maxspeed":"20 mph","name":"13th Avenue West","surface":"concrete","osm_id":22759019},"geometry":{"type":"LineString","coordinates":[[-122.3735877823382,47.648],[-122.3735827,47.6484135],[-122.373582,47.6484721],[-122.3735837,47.6485902],[-122.3736089,47.6502937],[-122.373609,47.6503033]]}},{"type":"Feature","id":"way/22760046/186","properties":{"highway":"residential","lanes":"2","maxspeed":"20 mph","name":"West Dravus Street","osm_id":22760046},"geometry":{"type":"LineString","coordinates":[[-122.3615158,47.6481917],[-122.3621123,47.6481869],[-122.3622177,47.6481861],[-122.3622576,47.6481858],[-122.3632483,47.6481791],[-122.3634374,47.6481778],[-122.3635901,47.648174],[-122.3635996,47.6481739],[-122.3636471,47.6481732],[-122.3636957,47.648185],[-122.3641197,47.6483442],[-122.3647211,47.6485715],[-122.3648083,47.648582],[-122.3648657,47.6485888]]}},{"type":"Feature","id":"way/22760314/187","properties":{"highway":"tertiary","lanes":"1","maxspeed":"25 mph","name":"11th Avenue West","sidewalk:both":"separate","osm_id":22760314},"geometry":{"type":"LineString","coordinates":[[-122.37155564059144,47.648],[-122.3715659,47.6484303],[-122.3715672,47.6484757]]}},{"type":"Feature","id":"way/22760315/188","properties":{"highway":"tertiary","lanes":"2","maxspeed":"25 mph","name":"11th Avenue West","surface":"concrete","osm_id":22760315},"geometry":{"type":"LineString","coordinates":[[-122.3715672,47.6484757],[-122.3715916,47.6494623],[-122.3715589,47.6500054],[-122.3715574,47.6502197],[-122.3715562,47.6503913]]}},{"type":"Feature","id":"way/22760392/189","properties":{"highway":"service","service":"alley","osm_id":22760392},"geometry":{"type":"LineString","coordinates":[[-122.3742795,47.6553753],[-122.3742809,47.6552943],[-122.3742825,47.6552446],[-122.374277,47.6548404],[-122.3742697,47.6546627],[-122.3742653,47.6540562],[-122.374265,47.6540033],[-122.3742645,47.6539475],[-122.3742537,47.6526886],[-122.3742656,47.6525938],[-122.3743462,47.6524855]]}},{"type":"Feature","id":"way/22760393/190","properties":{"highway":"service","service":"alley","surface":"asphalt","osm_id":22760393},"geometry":{"type":"LineString","coordinates":[[-122.3755627,47.6529385],[-122.3755691,47.6521737],[-122.3755643,47.65144],[-122.3755558,47.6503464],[-122.3755602,47.6499745],[-122.375571,47.6485873],[-122.3755727,47.6484659],[-122.3755492,47.6483626],[-122.37554311989909,47.648]]}},{"type":"Feature","id":"way/22760394/191","properties":{"highway":"service","service":"alley","osm_id":22760394},"geometry":{"type":"LineString","coordinates":[[-122.3742709,47.6514763],[-122.3742397,47.6506952],[-122.3742585,47.6506337],[-122.3742596,47.650404],[-122.3742609,47.6503455],[-122.3742593,47.6502956],[-122.3742518,47.6496745],[-122.3742447,47.648589],[-122.374244,47.6484707],[-122.374244,47.648366],[-122.3742443,47.648074]]}},{"type":"Feature","id":"way/22760395/192","properties":{"highway":"service","service":"alley","osm_id":22760395},"geometry":{"type":"LineString","coordinates":[[-122.37297365435435,47.648],[-122.3729713,47.6480112],[-122.3729259,47.6483674],[-122.3729493,47.6484733],[-122.3729416,47.648592],[-122.372921,47.6489221],[-122.3729258,47.6502979],[-122.3729263,47.6503484],[-122.3729269,47.6504074],[-122.3729483,47.6519216],[-122.3729515,47.652104],[-122.3729532,47.6522107],[-122.3729536,47.6522565],[-122.3729744,47.6538067],[-122.3729618,47.6538765],[-122.3729173,47.6539291]]}},{"type":"Feature","id":"way/22760396/193","properties":{"highway":"service","service":"alley","osm_id":22760396},"geometry":{"type":"LineString","coordinates":[[-122.3708296,47.6522493],[-122.3708289,47.6522274],[-122.3708242,47.6505568],[-122.3708248,47.6504806]]}},{"type":"Feature","id":"way/22760397/194","properties":{"highway":"service","maxspeed":"15 mph","service":"alley","osm_id":22760397},"geometry":{"type":"LineString","coordinates":[[-122.3681984,47.6521696],[-122.3678001,47.6519438],[-122.3647483,47.6512384],[-122.3646678,47.6512196],[-122.3646062,47.651206],[-122.3644149,47.651163],[-122.3640882,47.6510898],[-122.3638644,47.6510397],[-122.3636813,47.6509987],[-122.3634893,47.6509557],[-122.3632418,47.6509003],[-122.3631122,47.6508714],[-122.3629975,47.6508456],[-122.3622288,47.6506735],[-122.3619599,47.6506133],[-122.3619527,47.6506105],[-122.3619048,47.6505921],[-122.361877,47.6505579],[-122.3618765,47.6504918],[-122.3618781,47.6504122]]}},{"type":"Feature","id":"way/22760398/195","properties":{"highway":"service","maxspeed":"15 mph","service":"alley","osm_id":22760398},"geometry":{"type":"LineString","coordinates":[[-122.3684327,47.6512032],[-122.3660368,47.6506596],[-122.365798,47.650605],[-122.3651344,47.6504534]]}},{"type":"Feature","id":"way/22760405/196","properties":{"highway":"service","osm_id":22760405},"geometry":{"type":"LineString","coordinates":[[-122.3595758,47.6495387],[-122.3595764,47.6494773],[-122.3595846,47.6491063],[-122.3595849,47.6487197],[-122.3595855,47.6486601]]}},{"type":"Feature","id":"way/22760406/197","properties":{"access":"destination","highway":"service","maxspeed":"15 mph","service":"alley","osm_id":22760406},"geometry":{"type":"LineString","coordinates":[[-122.357,47.64909217294007],[-122.357529,47.6490946],[-122.3575775,47.6490948],[-122.3576909,47.6490954],[-122.3578018,47.6490961],[-122.358291,47.6490988],[-122.3595846,47.6491063]]}},{"type":"Feature","id":"way/22760407/198","properties":{"access":"destination","highway":"service","maxspeed":"15 mph","osm_id":22760407},"geometry":{"type":"LineString","coordinates":[[-122.3576944,47.6482179],[-122.3575845,47.6482167],[-122.357,47.64821053717117]]}},{"type":"Feature","id":"way/22760409/199","properties":{"access":"destination","highway":"service","maxspeed":"15 mph","service":"alley","osm_id":22760409},"geometry":{"type":"LineString","coordinates":[[-122.3615158,47.6481917],[-122.3615148,47.648126],[-122.36151438715008,47.648]]}},{"type":"Feature","id":"way/32147844/200","properties":{"bicycle":"designated","cycleway":"shared_lane","highway":"secondary","lanes":"3","lanes:backward":"1","lanes:forward":"2","maxspeed":"25 mph","name":"West Dravus Street","parking:lane:both":"no_stopping","osm_id":32147844},"geometry":{"type":"LineString","coordinates":[[-122.3761496,47.6484626],[-122.3761957,47.6484622]]}},{"type":"Feature","id":"way/32150141/201","properties":{"highway":"secondary","lanes":"3","lanes:backward":"2","lanes:forward":"1","lcn":"yes","maxspeed":"25 mph","maxspeed:type":"sign","name":"20th Avenue West","surface":"asphalt","turn:lanes:backward":"left;through|right","osm_id":32150141},"geometry":{"type":"LineString","coordinates":[[-122.3820542,47.6484615],[-122.3820518,47.6485774],[-122.3820502,47.6486718],[-122.3820538,47.648967]]}},{"type":"Feature","id":"way/32527135/202","properties":{"access":"destination","highway":"service","maxspeed":"15 mph","service":"alley","osm_id":32527135},"geometry":{"type":"LineString","coordinates":[[-122.360177,47.6614867],[-122.3601769,47.6614111],[-122.3601756,47.6602865],[-122.3601755,47.6602102]]}},{"type":"Feature","id":"way/32527149/203","properties":{"access":"destination","highway":"service","maxspeed":"15 mph","service":"alley","surface":"pebblestone","osm_id":32527149},"geometry":{"type":"LineString","coordinates":[[-122.3589837,47.6614887],[-122.3589841,47.6614156],[-122.3589911,47.6602874],[-122.3589915,47.6602178],[-122.3589919,47.6601506],[-122.3589987,47.6590269],[-122.3589992,47.6589527],[-122.3590003,47.6588898],[-122.359007,47.6585138]]}},{"type":"Feature","id":"way/32527158/204","properties":{"access":"destination","highway":"service","maxspeed":"15 mph","service":"alley","osm_id":32527158},"geometry":{"type":"LineString","coordinates":[[-122.3578474,47.6601587],[-122.3578542,47.6602311],[-122.3578707,47.6604061],[-122.3578729,47.6604891],[-122.3578981,47.6605724],[-122.3579109,47.6607409]]}},{"type":"Feature","id":"way/32527357/205","properties":{"highway":"residential","lanes":"2","maxspeed":"20 mph","name":"Northwest 46th Street","sidewalk:both":"separate","surface":"concrete","osm_id":32527357},"geometry":{"type":"LineString","coordinates":[[-122.3578658,47.6623672],[-122.3579108,47.6623672],[-122.3589338,47.6623678],[-122.359022,47.6623679],[-122.3591525,47.662369],[-122.3606866,47.6623817],[-122.3608166,47.6623828]]}},{"type":"Feature","id":"way/32822851/206","properties":{"highway":"residential","lanes":"2","maxspeed":"20 mph","name":"1st Avenue Northwest","sidewalk:left":"separate","sidewalk:right":"no","osm_id":32822851},"geometry":{"type":"LineString","coordinates":[[-122.3578486,47.6614943],[-122.3578573,47.6619342],[-122.3578658,47.6623672],[-122.3578658,47.6624457],[-122.3578792,47.663169],[-122.3578915,47.6631901]]}},{"type":"Feature","id":"way/32822881/207","properties":{"cycleway:both":"no","highway":"residential","lanes":"1","lit":"no","maxspeed":"20 mph","name":"Northwest 47th Street","sidewalk":"no","surface":"asphalt","osm_id":32822881},"geometry":{"type":"LineString","coordinates":[[-122.3608129,47.6631921],[-122.3606952,47.6631925],[-122.3601721,47.6631943],[-122.359217,47.6631997],[-122.359159,47.6631969],[-122.3590119,47.6631898],[-122.3589261,47.6631961],[-122.3588932,47.6631985],[-122.3579859,47.6632105],[-122.3579346,47.6632045],[-122.3578915,47.6631901]]}},{"type":"Feature","id":"way/32822905/208","properties":{"highway":"residential","lanes":"2","maxspeed":"20 mph","name":"North 46th Street","sidewalk:both":"separate","surface":"asphalt","osm_id":32822905},"geometry":{"type":"LineString","coordinates":[[-122.3573983,47.6623652],[-122.35724,47.6623644],[-122.357,47.66236602049862]]}},{"type":"Feature","id":"way/32823149/209","properties":{"highway":"residential","lanes":"2","maxspeed":"20 mph","name":"2nd Avenue Northwest","sidewalk:both":"separate","surface":"asphalt","osm_id":32823149},"geometry":{"type":"LineString","coordinates":[[-122.3588201,47.6650296],[-122.3588209,47.6649586],[-122.3588279,47.6644127],[-122.3588271,47.6643835],[-122.358825,47.6643032]]}},{"type":"Feature","id":"way/33728070/210","properties":{"highway":"residential","lanes":"2","maxspeed":"20 mph","name":"West Ruffner Street","surface":"asphalt","osm_id":33728070},"geometry":{"type":"LineString","coordinates":[[-122.3749305,47.6521749],[-122.3750101,47.6521747],[-122.3754321,47.6521739],[-122.3755691,47.6521737],[-122.3759351,47.6521698],[-122.376086,47.6521682],[-122.3761,47.652168],[-122.3761731,47.6521568]]}},{"type":"Feature","id":"way/33972511/211","properties":{"bicycle":"designated","cycleway":"lane","highway":"secondary","lanes":"3","lanes:backward":"1","lanes:both_ways":"1","lanes:forward":"1","lit":"yes","maxspeed":"25 mph","name":"8th Avenue Northwest","sidewalk:both":"separate","smoothness":"intermediate","snowplowing":"yes","surface":"asphalt","turn:lanes:both_ways":"left","winter_service":"yes","winter_service:priority":"2","osm_id":33972511},"geometry":{"type":"LineString","coordinates":[[-122.3661698,47.6708918],[-122.3661716,47.6715717],[-122.3661718,47.6716181],[-122.3661709,47.6716697],[-122.36616537434334,47.672]]}},{"type":"Feature","id":"way/39007172/212","properties":{"highway":"tertiary","lanes":"2","maxspeed":"20 mph","name":"14th Avenue Northwest","parking":"no","sidewalk:left":"no","sidewalk:right":"separate","surface":"asphalt","osm_id":39007172},"geometry":{"type":"LineString","coordinates":[[-122.3736753495357,47.672],[-122.3736831,47.6717253],[-122.3736822,47.6717011],[-122.3736693,47.6716295]]}},{"type":"Feature","id":"way/39007280/213","properties":{"alt_name":"Ballard Boulevard","bicycle":"designated","highway":"residential","lanes":"2","lcn":"yes","maxspeed":"20 mph","name":"Northwest 56th Street","sidewalk:both":"separate","surface":"paved","traffic_calming":"chicane","osm_id":39007280},"geometry":{"type":"LineString","coordinates":[[-122.3582561,47.6695675],[-122.358765,47.6696083]]}},{"type":"Feature","id":"way/39007287/214","properties":{"alt_name":"Ballard Boulevard","bicycle":"designated","highway":"residential","lanes":"2","lcn":"yes","maxspeed":"20 mph","name":"Northwest 56th Street","sidewalk:both":"separate","surface":"paved","osm_id":39007287},"geometry":{"type":"LineString","coordinates":[[-122.358765,47.6696083],[-122.3588421,47.6696293],[-122.3590402,47.6696471],[-122.3591025,47.6696562],[-122.3591458,47.6696625],[-122.3593382,47.6697023],[-122.3594887,47.6697367],[-122.3596947,47.669758],[-122.3599425,47.6697425],[-122.3601598,47.669699],[-122.3604267,47.6696047],[-122.3607061,47.6694989],[-122.3608011,47.6694565]]}},{"type":"Feature","id":"way/39878063/215","properties":{"highway":"tertiary","lanes":"2","maxspeed":"25 mph","name":"Northwest 55th Street","sidewalk:both":"separate","snowplowing":"no","surface":"asphalt","winter_service":"no","osm_id":39878063},"geometry":{"type":"LineString","coordinates":[[-122.3608092,47.6686859],[-122.3609328,47.6686863],[-122.3609505,47.6686865],[-122.3613503,47.6686902],[-122.361704,47.6686903]]}},{"type":"Feature","id":"way/40047447/216","properties":{"highway":"residential","lanes":"2","maxspeed":"20 mph","name":"Northwest 42nd Street","sidewalk:left":"separate","sidewalk:right":"no","surface":"concrete","osm_id":40047447},"geometry":{"type":"LineString","coordinates":[[-122.358413,47.6577486],[-122.3585178,47.6577487],[-122.3586053,47.6577487],[-122.3590117,47.6577489],[-122.3590213,47.6577489],[-122.3595116,47.6577492],[-122.3596012,47.6577492]]}},{"type":"Feature","id":"way/41289051/217","properties":{"bicycle":"yes","highway":"service","maxspeed":"20 mph","name":"11th Avenue West","surface":"asphalt","width":"5","osm_id":41289051},"geometry":{"type":"LineString","coordinates":[[-122.3717016,47.6548298],[-122.371615,47.6548903],[-122.3715961,47.6549327],[-122.3715533,47.6550936],[-122.3715426,47.6551698],[-122.3715481,47.6553757],[-122.3715536,47.6554551],[-122.3715498,47.6554867],[-122.3715433,47.6555069]]}},{"type":"Feature","id":"way/41289679/218","properties":{"highway":"service","service":"parking_aisle","surface":"asphalt","osm_id":41289679},"geometry":{"type":"LineString","coordinates":[[-122.3606801,47.6518948],[-122.3604627,47.6518504],[-122.3601232,47.6517797],[-122.35997,47.6517461]]}},{"type":"Feature","id":"way/41291799/219","properties":{"highway":"service","surface":"asphalt","osm_id":41291799},"geometry":{"type":"LineString","coordinates":[[-122.3696844,47.6605696],[-122.3695726,47.6607294],[-122.3694696,47.6608608],[-122.3692959,47.6609522],[-122.369271,47.6609653],[-122.3689174,47.661177],[-122.3688649,47.6611884],[-122.3686813,47.6612284],[-122.3686172,47.6613108]]}},{"type":"Feature","id":"way/41291800/220","properties":{"highway":"service","service":"parking_aisle","surface":"asphalt","osm_id":41291800},"geometry":{"type":"LineString","coordinates":[[-122.366789,47.6594389],[-122.3667896,47.6595798],[-122.3669905,47.6597752],[-122.3670928,47.6598701],[-122.3671552,47.6599281],[-122.3680505,47.6607593],[-122.3683452,47.6610329],[-122.3686813,47.6612284]]}},{"type":"Feature","id":"way/41291801/221","properties":{"highway":"service","surface":"asphalt","osm_id":41291801},"geometry":{"type":"LineString","coordinates":[[-122.3705778,47.6609008],[-122.3706752,47.6609073],[-122.3707471,47.6609121]]}},{"type":"Feature","id":"way/41291802/222","properties":{"highway":"service","surface":"asphalt","osm_id":41291802},"geometry":{"type":"LineString","coordinates":[[-122.3681926,47.6591944],[-122.3681134,47.6590792],[-122.3680401,47.6589726],[-122.3677302,47.6585222]]}},{"type":"Feature","id":"way/41310431/223","properties":{"highway":"service","name":"West Blewett Way","osm_id":41310431},"geometry":{"type":"LineString","coordinates":[[-122.3705277,47.6559135],[-122.3706276,47.6558857],[-122.3707688,47.6558977],[-122.3708209,47.6559101],[-122.3717113,47.656097],[-122.3719371,47.656147],[-122.3722579,47.6562058],[-122.37236,47.6562228],[-122.3726088,47.6562642],[-122.3729964,47.6562949],[-122.373324,47.6562823],[-122.3734201,47.6562703],[-122.3735888,47.6562522]]}},{"type":"Feature","id":"way/41310432/224","properties":{"bicycle":"designated","foot":"designated","highway":"cycleway","lcn_ref":"SCT","name":"Ship Canal Trail","railway":"abandoned","segregated":"no","surface":"asphalt","width":"1.5","osm_id":41310432},"geometry":{"type":"LineString","coordinates":[[-122.3639599,47.6524332],[-122.3639082,47.6524223],[-122.3615666,47.6518949],[-122.3611494,47.6518003],[-122.3609978,47.6517703],[-122.3609447,47.6517587]]}},{"type":"Feature","id":"way/41407169/225","properties":{"access":"destination","highway":"service","maxspeed":"15 mph","service":"alley","surface":"asphalt","osm_id":41407169},"geometry":{"type":"LineString","coordinates":[[-122.3608619,47.6512171],[-122.3610184,47.6512527],[-122.3611415,47.6512805],[-122.3613789,47.6513343],[-122.3615146,47.6513651],[-122.3627933,47.651655],[-122.3637442,47.6518705],[-122.3638202,47.6518877],[-122.3642827,47.6519925]]}},{"type":"Feature","id":"way/41407172/226","properties":{"check_date:surface":"2023-07-13","highway":"service","oneway":"yes","service":"parking_aisle","surface":"asphalt","osm_id":41407172},"geometry":{"type":"LineString","coordinates":[[-122.3777421,47.6486268],[-122.3777401,47.6490893]]}},{"type":"Feature","id":"way/41407173/227","properties":{"highway":"service","oneway":"yes","service":"parking_aisle","surface":"asphalt","osm_id":41407173},"geometry":{"type":"LineString","coordinates":[[-122.3777401,47.6490893],[-122.3779954,47.6490906]]}},{"type":"Feature","id":"way/41407175/228","properties":{"highway":"service","oneway":"no","service":"parking_aisle","surface":"asphalt","osm_id":41407175},"geometry":{"type":"LineString","coordinates":[[-122.3779954,47.6490906],[-122.3781506,47.6490919]]}},{"type":"Feature","id":"way/41407176/229","properties":{"highway":"service","maxspeed":"15 mph","service":"alley","surface":"asphalt","osm_id":41407176},"geometry":{"type":"LineString","coordinates":[[-122.3781463,47.6484663],[-122.3781467,47.6485815],[-122.3781506,47.6490919]]}},{"type":"Feature","id":"way/41407177/230","properties":{"highway":"residential","lanes":"2","maxspeed":"20 mph","name":"Thorndyke Avenue West","surface":"asphalt","osm_id":41407177},"geometry":{"type":"LineString","coordinates":[[-122.3778961,47.6518706],[-122.3776783,47.6521729],[-122.3775693,47.6523241],[-122.3775131,47.6524021],[-122.3773753,47.6526609],[-122.3772891,47.6527772],[-122.377209,47.6528708],[-122.3771356,47.6529559],[-122.3770591,47.6530395],[-122.3770198,47.6530985],[-122.3770479,47.6531303],[-122.3770582,47.6531697],[-122.3770253,47.6532242],[-122.3769789,47.6532426],[-122.3769285,47.6532292],[-122.3769169,47.6531978],[-122.3769137,47.6531775],[-122.3769189,47.6531613],[-122.376963,47.6531186],[-122.3770198,47.6530985]]}},{"type":"Feature","id":"way/41410245/231","properties":{"highway":"service","oneway":"yes","service":"parking_aisle","surface":"asphalt","osm_id":41410245},"geometry":{"type":"LineString","coordinates":[[-122.3779954,47.6490906],[-122.3779915,47.6486346],[-122.3777421,47.6486268]]}},{"type":"Feature","id":"way/41498210/232","properties":{"access":"permissive","highway":"service","oneway":"yes","service":"parking_aisle","surface":"asphalt","osm_id":41498210},"geometry":{"type":"LineString","coordinates":[[-122.3708248,47.6555294],[-122.3700528,47.6555337],[-122.3699937,47.6555467],[-122.3699475,47.6555628],[-122.3699235,47.6555815],[-122.369914,47.6556004],[-122.3699295,47.6556235],[-122.3699553,47.6556389],[-122.370022,47.655651],[-122.3701151,47.6556746],[-122.3702072,47.6556784],[-122.3705874,47.6556852]]}},{"type":"Feature","id":"way/41498211/233","properties":{"access":"permissive","highway":"service","service":"parking_aisle","surface":"paved","osm_id":41498211},"geometry":{"type":"LineString","coordinates":[[-122.3705874,47.6556852],[-122.3708004,47.6556884],[-122.3708969,47.655691],[-122.3709444,47.6556898],[-122.3709778,47.6556848],[-122.371039,47.6556563],[-122.3710738,47.6556173],[-122.371122,47.655553],[-122.3711409,47.6555294]]}},{"type":"Feature","id":"way/41498219/234","properties":{"highway":"service","lanes":"1","service":"parking_aisle","surface":"asphalt","osm_id":41498219},"geometry":{"type":"LineString","coordinates":[[-122.3576606,47.6499766],[-122.357583,47.6499759],[-122.3574198,47.6499743],[-122.357,47.649974981748905]]}},{"type":"Feature","id":"way/41500661/235","properties":{"bicycle":"yes","foot":"yes","highway":"footway","name":"Queen Anne Avenue North","surface":"asphalt","width":"1.5","osm_id":41500661},"geometry":{"type":"LineString","coordinates":[[-122.3575972,47.6505305],[-122.3576611,47.6504792],[-122.3576614,47.650435],[-122.3576612,47.6504278]]}},{"type":"Feature","id":"way/41500662/236","properties":{"highway":"residential","maxspeed":"20 mph","name":"West Ewing Street","service":"parking_aisle","surface":"asphalt","osm_id":41500662},"geometry":{"type":"LineString","coordinates":[[-122.3606801,47.6518948],[-122.3607985,47.6519188],[-122.3608273,47.6519247],[-122.3609153,47.6519441],[-122.361093,47.6519833],[-122.3614272,47.6520569],[-122.3619801,47.6521786],[-122.362125,47.6522105],[-122.3622694,47.6522423],[-122.3631731,47.6524413],[-122.3635004,47.6525134],[-122.3639801,47.652619]]}},{"type":"Feature","id":"way/41500698/237","properties":{"highway":"service","lanes":"1","service":"parking_aisle","surface":"asphalt","osm_id":41500698},"geometry":{"type":"LineString","coordinates":[[-122.3574198,47.6499743],[-122.357418,47.6499011],[-122.3572499,47.649818]]}},{"type":"Feature","id":"way/42120853/238","properties":{"access":"private","highway":"service","osm_id":42120853},"geometry":{"type":"LineString","coordinates":[[-122.3728,47.656014],[-122.3725188,47.6559752],[-122.3722098,47.6559174],[-122.3720324,47.6558635]]}},{"type":"Feature","id":"way/42120856/239","properties":{"highway":"secondary","lanes":"1","maxspeed":"25 mph","name":"West Emerson Street","oneway":"yes","parking:lane:both":"no_stopping","sidewalk:left":"no","sidewalk:right":"separate","surface":"concrete","turn:lanes":"right","osm_id":42120856},"geometry":{"type":"LineString","coordinates":[[-122.3762653,47.6542835],[-122.3762837,47.6541738],[-122.3763032,47.6541367],[-122.3763244,47.6541086],[-122.3763603,47.6540793]]}},{"type":"Feature","id":"way/42120857/240","properties":{"bicycle":"designated","bridge":"yes","cycleway":"shared_lane","highway":"secondary","lanes":"2","lanes:backward":"1","lanes:forward":"1","layer":"1","lcn":"yes","maxspeed":"25 mph","name":"West Emerson Street","parking:lane:both":"no_stopping","surface":"asphalt","turn:lanes:forward":"left","osm_id":42120857},"geometry":{"type":"LineString","coordinates":[[-122.3767181,47.6539855],[-122.3771554,47.6539861],[-122.3772434,47.6539872]]}},{"type":"Feature","id":"way/42120858/241","properties":{"bridge":"yes","highway":"secondary","lanes":"1","layer":"1","lcn":"yes","maxspeed":"25 mph","name":"West Emerson Street","oneway":"yes","parking:lane:both":"no_stopping","surface":"concrete","osm_id":42120858},"geometry":{"type":"LineString","coordinates":[[-122.3767181,47.6539855],[-122.3765678,47.6539631],[-122.3765263,47.6539562],[-122.3764868,47.6539454],[-122.37645,47.6539309],[-122.3764308,47.6539198],[-122.3763872,47.6538919],[-122.3763625,47.6538679]]}},{"type":"Feature","id":"way/42120860/242","properties":{"bridge":"yes","highway":"primary_link","lanes":"1","layer":"1","maxspeed":"25 mph","oneway":"yes","parking:lane:both":"no_stopping","surface":"asphalt","osm_id":42120860},"geometry":{"type":"LineString","coordinates":[[-122.3783374,47.6540008],[-122.377904,47.6539524],[-122.3777573,47.6539402],[-122.3776884,47.6539314],[-122.3776219,47.6539165],[-122.3775589,47.6538958],[-122.3775006,47.6538696],[-122.377448,47.6538384],[-122.3774019,47.6538028],[-122.3773634,47.6537633],[-122.3773329,47.6537208],[-122.3773112,47.6536759],[-122.3772579,47.6535141],[-122.3772392,47.6534597]]}},{"type":"Feature","id":"way/42120931/243","properties":{"bicycle":"designated","bridge":"yes","cycleway":"shared_lane","highway":"secondary","lanes":"4","lanes:backward":"2","lanes:forward":"2","layer":"1","lcn":"yes","maxspeed":"25 mph","name":"West Emerson Street","parking:lane:both":"no_stopping","sidewalk:left":"no","sidewalk:right":"separate","snowplowing":"yes","surface":"asphalt","turn:lanes:backward":"through|slight_right","turn:lanes:forward":"through|through","winter_service":"yes","winter_service:priority":"2","osm_id":42120931},"geometry":{"type":"LineString","coordinates":[[-122.3783374,47.6540008],[-122.379249,47.6539857]]}},{"type":"Feature","id":"way/42121065/244","properties":{"bicycle":"yes","highway":"service","name":"15th Place West","surface":"asphalt","osm_id":42121065},"geometry":{"type":"LineString","coordinates":[[-122.3775646,47.6550969],[-122.3775687,47.6557997]]}},{"type":"Feature","id":"way/42121066/245","properties":{"bicycle":"yes","highway":"service","name":"West Thurman Street","osm_id":42121066},"geometry":{"type":"LineString","coordinates":[[-122.3772023,47.6558026],[-122.3772446,47.6558023],[-122.3775687,47.6557997],[-122.3779854,47.6557998],[-122.3781054,47.6557998],[-122.3785115,47.6558029],[-122.3787688,47.655803],[-122.3789917,47.655803],[-122.3795606,47.6558032],[-122.3799733,47.6558033],[-122.3801117,47.6558033]]}},{"type":"Feature","id":"way/42121067/246","properties":{"alt_name":"McCutchan Boulevard","bicycle":"yes","hgv":"designated","highway":"service","maxheight:signed":"no","name":"16th Avenue West","osm_id":42121067},"geometry":{"type":"LineString","coordinates":[[-122.3782426,47.6540373],[-122.3782269,47.6540845],[-122.3782146,47.6541034],[-122.3782033,47.6542332],[-122.3782053,47.654326],[-122.3782114,47.6546024],[-122.3782133,47.6546877],[-122.3782159,47.6548072],[-122.3782163,47.6548246],[-122.3782195,47.6549697],[-122.3782223,47.6550951]]}},{"type":"Feature","id":"way/42121068/247","properties":{"bicycle":"designated","foot":"designated","highway":"cycleway","lcn_ref":"SCT","name":"Ship Canal Trail","segregated":"no","surface":"asphalt","width":"3","osm_id":42121068},"geometry":{"type":"LineString","coordinates":[[-122.3836134,47.6556224],[-122.3836205,47.6556117],[-122.3833129,47.6555184],[-122.383176,47.6554599],[-122.3831057,47.6554272],[-122.3830547,47.6554034],[-122.3829308,47.6553357],[-122.3827149,47.6552038],[-122.3815603,47.6543696],[-122.3813018,47.6541839],[-122.3811528,47.6540885],[-122.3810451,47.6540357],[-122.3809172,47.6539869],[-122.3807772,47.6539452],[-122.380628,47.6539143],[-122.3804998,47.6538988],[-122.3803437,47.6538894],[-122.380262,47.6538843]]}},{"type":"Feature","id":"way/42121069/248","properties":{"bicycle":"designated","foot":"designated","highway":"cycleway","surface":"asphalt","osm_id":42121069},"geometry":{"type":"LineString","coordinates":[[-122.3786802,47.6539139],[-122.3786844,47.6540134],[-122.3787665,47.6540388],[-122.3788962,47.6540809]]}},{"type":"Feature","id":"way/42121070/249","properties":{"bicycle":"yes","highway":"service","name":"West Nickerson Street","osm_id":42121070},"geometry":{"type":"LineString","coordinates":[[-122.3811448,47.6550585],[-122.38125,47.6550665],[-122.381593,47.6550922],[-122.3816641,47.6551049],[-122.3818634,47.6551406],[-122.3821029,47.6552305],[-122.3822432,47.6553019],[-122.3824827,47.6554356],[-122.3825854,47.655514],[-122.3826333,47.6555993],[-122.3826368,47.6556341],[-122.3826436,47.6557007]]}},{"type":"Feature","id":"way/42121071/250","properties":{"bicycle":"yes","highway":"service","lanes":"2","name":"20th Avenue West","surface":"asphalt","osm_id":42121071},"geometry":{"type":"LineString","coordinates":[[-122.3826436,47.6557007],[-122.382643,47.6557225],[-122.3826436,47.6557353],[-122.3826436,47.6557592],[-122.3826404,47.655783],[-122.3826335,47.6558081],[-122.3826205,47.6558333],[-122.3826025,47.6558589],[-122.3825704,47.6558955],[-122.3825466,47.6559259],[-122.3825289,47.6559581],[-122.3825175,47.6559916],[-122.3825126,47.6560258],[-122.3825115,47.6565764],[-122.3825135,47.6566102],[-122.3825233,47.6566434],[-122.3825393,47.6566729],[-122.3825615,47.6567005],[-122.3825894,47.6567257],[-122.3826149,47.6567556],[-122.3826327,47.6567878],[-122.3826424,47.6568216],[-122.382644,47.6568523],[-122.3826461,47.6569809],[-122.3826476,47.6583469],[-122.3826505,47.6583765],[-122.3826579,47.6584057],[-122.3826697,47.6584342],[-122.3826858,47.6584618],[-122.3830187,47.6590485],[-122.3830517,47.6591061],[-122.3830683,47.6591309],[-122.3830925,47.6591528],[-122.3831231,47.6591707],[-122.3831587,47.6591837],[-122.3831976,47.6591913],[-122.383238,47.6591931],[-122.3832679,47.6591934],[-122.3833024,47.6592042],[-122.3835074,47.6592358]]}},{"type":"Feature","id":"way/42121072/251","properties":{"bicycle":"designated","foot":"designated","highway":"cycleway","surface":"asphalt","osm_id":42121072},"geometry":{"type":"LineString","coordinates":[[-122.382703,47.6557226],[-122.3830063,47.6557237],[-122.3830464,47.6557313],[-122.3830834,47.6557462],[-122.3831285,47.6557867],[-122.3831774,47.6558597],[-122.3831911,47.6559128],[-122.3831945,47.6559681],[-122.3832082,47.6561018],[-122.3832116,47.6566204],[-122.3832116,47.6568278],[-122.3831979,47.6571943],[-122.3832014,47.6576946],[-122.3832014,47.6582984],[-122.3832014,47.6588146],[-122.3832064,47.6591239],[-122.383238,47.6591931]]}},{"type":"Feature","id":"way/42121075/252","properties":{"bicycle":"yes","foot":"yes","highway":"footway","surface":"ground","width":"0.5","osm_id":42121075},"geometry":{"type":"LineString","coordinates":[[-122.3830834,47.6557462],[-122.3832982,47.6557437]]}},{"type":"Feature","id":"way/42121077/253","properties":{"bicycle":"yes","highway":"service","name":"West Thurman Street","surface":"asphalt","osm_id":42121077},"geometry":{"type":"LineString","coordinates":[[-122.3816316,47.6558077],[-122.3816832,47.6558076],[-122.381759,47.6558076],[-122.3818537,47.6558077],[-122.3826335,47.6558081]]}},{"type":"Feature","id":"way/42989259/254","properties":{"highway":"service","service":"parking_aisle","surface":"asphalt","osm_id":42989259},"geometry":{"type":"LineString","coordinates":[[-122.3689174,47.661177],[-122.3690542,47.6612745],[-122.3695988,47.6612777],[-122.3700412,47.6612759],[-122.3702319,47.6612751],[-122.37032,47.661179],[-122.3704419,47.6610461],[-122.3705778,47.6609008]]}},{"type":"Feature","id":"way/42989260/255","properties":{"check_date:surface":"2024-06-06","highway":"service","oneway":"yes","service":"parking_aisle","surface":"asphalt","osm_id":42989260},"geometry":{"type":"LineString","coordinates":[[-122.3695726,47.6607294],[-122.3704419,47.6610461]]}},{"type":"Feature","id":"way/42989261/256","properties":{"check_date:surface":"2024-06-06","highway":"service","oneway":"yes","service":"parking_aisle","surface":"asphalt","osm_id":42989261},"geometry":{"type":"LineString","coordinates":[[-122.37032,47.661179],[-122.3694696,47.6608608]]}},{"type":"Feature","id":"way/42989262/257","properties":{"check_date:surface":"2024-06-06","highway":"service","oneway":"yes","service":"parking_aisle","surface":"asphalt","osm_id":42989262},"geometry":{"type":"LineString","coordinates":[[-122.369271,47.6609653],[-122.3700412,47.6612759]]}},{"type":"Feature","id":"way/42989263/258","properties":{"check_date:surface":"2024-06-06","highway":"service","service":"parking_aisle","surface":"asphalt","osm_id":42989263},"geometry":{"type":"LineString","coordinates":[[-122.3704911,47.66087],[-122.3704988,47.6606843],[-122.3698925,47.6604429],[-122.3696844,47.6605696]]}},{"type":"Feature","id":"way/42989264/259","properties":{"highway":"service","service":"parking_aisle","surface":"asphalt","osm_id":42989264},"geometry":{"type":"LineString","coordinates":[[-122.3698925,47.6604429],[-122.3698459,47.6604176],[-122.3696312,47.6602169],[-122.3696278,47.6601065],[-122.3696223,47.6599292],[-122.369616,47.659725],[-122.3696103,47.6595401],[-122.3695002,47.659476],[-122.3693881,47.6594108],[-122.3693719,47.6594014],[-122.369225,47.6593051],[-122.3690411,47.659185],[-122.3688999,47.6590938],[-122.3688002,47.6590281],[-122.3686492,47.6589287],[-122.3681926,47.6591944]]}},{"type":"Feature","id":"way/42989265/260","properties":{"check_date:surface":"2024-06-06","highway":"service","oneway":"yes","service":"parking_aisle","surface":"asphalt","osm_id":42989265},"geometry":{"type":"LineString","coordinates":[[-122.3693667,47.6602345],[-122.3696278,47.6601065]]}},{"type":"Feature","id":"way/42989266/261","properties":{"check_date:surface":"2024-06-06","highway":"service","oneway":"yes","service":"parking_aisle","surface":"asphalt","osm_id":42989266},"geometry":{"type":"LineString","coordinates":[[-122.3696223,47.6599292],[-122.3692423,47.6601196]]}},{"type":"Feature","id":"way/42989267/262","properties":{"check_date:surface":"2024-06-06","highway":"service","oneway":"yes","service":"parking_aisle","surface":"asphalt","osm_id":42989267},"geometry":{"type":"LineString","coordinates":[[-122.3690833,47.6599729],[-122.369616,47.659725]]}},{"type":"Feature","id":"way/42989268/263","properties":{"check_date:surface":"2024-06-06","highway":"service","oneway":"yes","service":"parking_aisle","surface":"asphalt","osm_id":42989268},"geometry":{"type":"LineString","coordinates":[[-122.3696103,47.6595401],[-122.3689535,47.6598531]]}},{"type":"Feature","id":"way/42989269/264","properties":{"check_date:surface":"2024-06-06","highway":"service","oneway":"yes","service":"parking_aisle","surface":"asphalt","osm_id":42989269},"geometry":{"type":"LineString","coordinates":[[-122.3687953,47.6597071],[-122.3693881,47.6594108]]}},{"type":"Feature","id":"way/42989270/265","properties":{"check_date:surface":"2024-06-06","highway":"service","oneway":"yes","service":"parking_aisle","surface":"asphalt","osm_id":42989270},"geometry":{"type":"LineString","coordinates":[[-122.369225,47.6593051],[-122.3686648,47.6595867]]}},{"type":"Feature","id":"way/42989271/266","properties":{"check_date:surface":"2024-06-06","highway":"service","oneway":"yes","service":"parking_aisle","surface":"asphalt","osm_id":42989271},"geometry":{"type":"LineString","coordinates":[[-122.3685009,47.6594495],[-122.3690411,47.659185]]}},{"type":"Feature","id":"way/42989272/267","properties":{"check_date:surface":"2024-06-06","highway":"service","oneway":"yes","service":"parking_aisle","surface":"asphalt","osm_id":42989272},"geometry":{"type":"LineString","coordinates":[[-122.3688999,47.6590938],[-122.3683794,47.659349]]}},{"type":"Feature","id":"way/42989274/268","properties":{"check_date:surface":"2024-06-06","highway":"service","service":"parking_aisle","surface":"asphalt","osm_id":42989274},"geometry":{"type":"LineString","coordinates":[[-122.3669905,47.6597752],[-122.3671804,47.6596844],[-122.3673732,47.6595923],[-122.367721,47.6594261],[-122.3671972,47.6594376],[-122.3668796,47.6594376],[-122.366789,47.6594389]]}},{"type":"Feature","id":"way/42989275/269","properties":{"highway":"service","oneway":"yes","service":"parking_aisle","surface":"asphalt","osm_id":42989275},"geometry":{"type":"LineString","coordinates":[[-122.3673732,47.6595923],[-122.3671972,47.6594376]]}},{"type":"Feature","id":"way/42989276/270","properties":{"check_date:surface":"2024-06-06","highway":"service","oneway":"yes","service":"parking_aisle","surface":"asphalt","osm_id":42989276},"geometry":{"type":"LineString","coordinates":[[-122.3668796,47.6594376],[-122.3671804,47.6596844]]}},{"type":"Feature","id":"way/42989448/271","properties":{"bicycle":"yes","footway":"sidewalk","highway":"footway","surface":"concrete","width":"2.5","osm_id":42989448},"geometry":{"type":"LineString","coordinates":[[-122.3706758,47.6606457],[-122.3699454,47.6603687],[-122.3698445,47.6603305],[-122.3698074,47.6603114],[-122.3697719,47.6602796],[-122.3697619,47.660256],[-122.3697596,47.6594263],[-122.3697595,47.6593508]]}},{"type":"Feature","id":"way/43032657/272","properties":{"bicycle":"designated","cycleway":"shared_lane","highway":"secondary","lanes":"4","maxspeed":"25 mph","maxspeed:type":"sign","name":"West Dravus Street","parking:lane:both":"no_stopping","sidewalk:both":"separate","surface":"concrete","osm_id":43032657},"geometry":{"type":"LineString","coordinates":[[-122.3816583,47.6484615],[-122.381868,47.6484616],[-122.381935,47.6484615]]}},{"type":"Feature","id":"way/43032658/273","properties":{"bicycle":"yes","bridge":"yes","cycleway":"shared_lane","cycleway:both":"no","highway":"secondary","lane_markings":"yes","lanes":"4","layer":"1","maxspeed":"25 mph","maxspeed:type":"sign","maxweight:signed":"no","name":"West Dravus Street","parking:lane:both":"no_stopping","ref:fra_crossing":"085419V","sidewalk:both":"separate","surface":"concrete","trolley_wire":"no","osm_id":43032658},"geometry":{"type":"LineString","coordinates":[[-122.3800675,47.6484668],[-122.3816583,47.6484615]]}},{"type":"Feature","id":"way/43044236/274","properties":{"highway":"residential","lanes":"2","maxspeed":"20 mph","name":"Northwest 49th Street","sidewalk:both":"separate","surface":"asphalt","osm_id":43044236},"geometry":{"type":"LineString","coordinates":[[-122.3763699,47.6643965],[-122.3764565,47.6643966],[-122.3770472,47.6643973],[-122.3771978,47.6643975],[-122.3776307,47.664398],[-122.3777104,47.6643981],[-122.3779197,47.6643983],[-122.3787913,47.6643994],[-122.3788816,47.6643995]]}},{"type":"Feature","id":"way/43044237/275","properties":{"highway":"tertiary","lanes":"2","maxspeed":"20 mph","name":"Northwest Ballard Way","oneway":"no","sidewalk:both":"separate","snowplowing":"no","surface":"asphalt","winter_service":"no","osm_id":43044237},"geometry":{"type":"LineString","coordinates":[[-122.3763733,47.6629422],[-122.3765243,47.6629421],[-122.3766891,47.662942],[-122.3769543,47.6629418],[-122.3773527,47.6629415],[-122.3780533,47.662941],[-122.3782324,47.6629409],[-122.3785269,47.6629407],[-122.3785446,47.6629407],[-122.3787443,47.6629405],[-122.3787878,47.6629405],[-122.3789015,47.6629404]]}},{"type":"Feature","id":"way/43044238/276","properties":{"bridge":"yes","foot":"no","highway":"primary_link","lanes":"1","layer":"1","maxspeed":"30 mph","oneway":"yes","parking:both":"no","parking:both:restriction":"no_stopping","ref:fra_crossing":"101243G","surface":"concrete","osm_id":43044238},"geometry":{"type":"LineString","coordinates":[[-122.3763726,47.6627698],[-122.3763731,47.6623967],[-122.3762912,47.6617125],[-122.3762332,47.661461]]}},{"type":"Feature","id":"way/43044239/277","properties":{"highway":"primary_link","lanes":"1","maxspeed":"30 mph","oneway":"yes","parking:both":"no","parking:both:restriction":"no_stopping","surface":"concrete","osm_id":43044239},"geometry":{"type":"LineString","coordinates":[[-122.3760606,47.6627753],[-122.3760606,47.6628933],[-122.3760612,47.6629309]]}},{"type":"Feature","id":"way/44668866/278","properties":{"highway":"service","lanes":"1","maxspeed":"15 mph","service":"alley","surface":"concrete:lanes","tracktype":"grade3","osm_id":44668866},"geometry":{"type":"LineString","coordinates":[[-122.3590274,47.6619374],[-122.3589365,47.6619364],[-122.3589024,47.6619361],[-122.3587956,47.6619272],[-122.3587285,47.6619284],[-122.3586037,47.661939],[-122.3585102,47.6619397],[-122.3584112,47.6619346],[-122.3582981,47.6619328],[-122.3581441,47.6619363],[-122.3579173,47.6619346],[-122.3578573,47.6619342]]}},{"type":"Feature","id":"way/44669115/279","properties":{"access":"destination","highway":"service","maxspeed":"15 mph","service":"alley","osm_id":44669115},"geometry":{"type":"LineString","coordinates":[[-122.3601923,47.6578152],[-122.3601929,47.6578505],[-122.3602078,47.658888],[-122.3602087,47.6589519]]}},{"type":"Feature","id":"way/45978978/280","properties":{"bicycle":"designated","bridge":"yes","foot":"designated","footway":"sidewalk","highway":"footway","layer":"1","segregated":"no","surface":"concrete","osm_id":45978978},"geometry":{"type":"LineString","coordinates":[[-122.3760658,47.6544758],[-122.3760854,47.6547055],[-122.3760943,47.6550418],[-122.3761013,47.6550826],[-122.3761312,47.6552255],[-122.376132,47.6558259],[-122.3761367,47.6593895],[-122.3761336,47.6593988]]}},{"type":"Feature","id":"way/45978979/281","properties":{"bicycle":"designated","bridge":"yes","foot":"designated","footway":"sidewalk","highway":"footway","layer":"1","lit":"yes","seamark:bridge:category":"bascule","seamark:type":"bridge","segregated":"no","surface":"concrete","osm_id":45978979},"geometry":{"type":"LineString","coordinates":[[-122.3763258,47.6544752],[-122.3763293,47.655158],[-122.376329,47.6558232],[-122.3763275,47.659393],[-122.3763435,47.6594168],[-122.3763445,47.6602231],[-122.3763321,47.6602397],[-122.3763276,47.6612823],[-122.376342,47.6614543],[-122.3763841,47.661871],[-122.3764141,47.6622278],[-122.376427,47.6626744],[-122.3764332,47.6627973],[-122.3764372,47.6628225]]}},{"type":"Feature","id":"way/45978985/282","properties":{"bicycle":"designated","footway":"sidewalk","highway":"footway","segregated":"no","surface":"concrete","osm_id":45978985},"geometry":{"type":"LineString","coordinates":[[-122.3760505,47.6543777],[-122.3760658,47.6544758]]}},{"type":"Feature","id":"way/45978986/283","properties":{"bicycle":"designated","foot":"designated","footway":"sidewalk","highway":"footway","segregated":"no","surface":"concrete","osm_id":45978986},"geometry":{"type":"LineString","coordinates":[[-122.3763258,47.6544752],[-122.3763253,47.6542779],[-122.376331,47.6542136],[-122.3763385,47.6541864],[-122.3763544,47.654158],[-122.376374,47.654134]]}},{"type":"Feature","id":"way/45978988/284","properties":{"bicycle":"yes","crossing":"unmarked","crossing:markings":"no","footway":"crossing","highway":"footway","surface":"concrete","osm_id":45978988},"geometry":{"type":"LineString","coordinates":[[-122.3760395,47.6628502],[-122.3759877,47.6628545],[-122.3759259,47.6628595]]}},{"type":"Feature","id":"way/45978989/285","properties":{"highway":"residential","lanes":"1","maxspeed":"20 mph","name":"15th Avenue Northwest","oneway":"yes","sidewalk:left":"no","sidewalk:right":"separate","osm_id":45978989},"geometry":{"type":"LineString","coordinates":[[-122.3759913,47.6622054],[-122.3759908,47.6622805],[-122.3759875,47.6627554],[-122.3759877,47.6628545],[-122.3759375,47.6628891],[-122.3758805,47.6629284]]}},{"type":"Feature","id":"way/45979463/286","properties":{"highway":"residential","lanes":"1","maxspeed":"20 mph","name":"15th Avenue Northwest","oneway":"yes","sidewalk:both":"separate","surface":"asphalt","osm_id":45979463},"geometry":{"type":"LineString","coordinates":[[-122.3763733,47.6629422],[-122.3764868,47.66287],[-122.3764874,47.6628213],[-122.3764941,47.6622955],[-122.3764943,47.6622752],[-122.3764952,47.6622057]]}},{"type":"Feature","id":"way/48333998/287","properties":{"highway":"residential","lanes":"2","maxspeed":"20 mph","name":"14th Avenue West","surface":"concrete","osm_id":48333998},"geometry":{"type":"LineString","coordinates":[[-122.37489578290491,47.648],[-122.374896,47.6483792],[-122.3748968,47.6484698],[-122.3748978,47.6485895],[-122.3749147,47.6496443],[-122.3749167,47.6497743],[-122.3749142,47.6503004],[-122.3749142,47.6503433],[-122.3749149,47.650399],[-122.3749177,47.6504228],[-122.3749411,47.6505712],[-122.3749451,47.6520867],[-122.3749305,47.6521749],[-122.3749217,47.6522214],[-122.3749212,47.6527784],[-122.3749156,47.6530433],[-122.3749164,47.6532093],[-122.374916,47.6539521],[-122.3749169,47.654001],[-122.3749167,47.6540393],[-122.3749265,47.6545457],[-122.3749293,47.655063],[-122.37493,47.6551705]]}},{"type":"Feature","id":"way/48786846/288","properties":{"highway":"residential","lanes":"2","maxspeed":"20 mph","name":"West Cremona Street","trolley_wire":"yes","osm_id":48786846},"geometry":{"type":"LineString","coordinates":[[-122.3608732,47.6495389],[-122.3607763,47.6495395],[-122.3605022,47.6495411],[-122.3600041,47.6495406],[-122.359731,47.6495393],[-122.3595758,47.6495387],[-122.3582955,47.6495438],[-122.3580029,47.6495449],[-122.357801,47.6495446],[-122.3576887,47.6495444]]}},{"type":"Feature","id":"way/48786849/289","properties":{"highway":"service","service":"parking_aisle","surface":"asphalt","osm_id":48786849},"geometry":{"type":"LineString","coordinates":[[-122.362223,47.6487013],[-122.3627387,47.648702],[-122.3634131,47.6489805],[-122.3634773,47.6489785]]}},{"type":"Feature","id":"way/48786850/290","properties":{"highway":"service","service":"parking_aisle","surface":"asphalt","osm_id":48786850},"geometry":{"type":"LineString","coordinates":[[-122.3622222,47.6486005],[-122.3627843,47.6486016],[-122.3634205,47.648867],[-122.3634781,47.648866]]}},{"type":"Feature","id":"way/48786851/291","properties":{"highway":"service","service":"parking_aisle","surface":"asphalt","osm_id":48786851},"geometry":{"type":"LineString","coordinates":[[-122.3622215,47.6485025],[-122.3628289,47.6485033],[-122.3634311,47.6487547],[-122.363485,47.6487619]]}},{"type":"Feature","id":"way/48786852/292","properties":{"highway":"service","service":"parking_aisle","surface":"asphalt","osm_id":48786852},"geometry":{"type":"LineString","coordinates":[[-122.3622207,47.648383],[-122.3628815,47.6483875],[-122.3634917,47.6486454],[-122.3635353,47.6486639]]}},{"type":"Feature","id":"way/48786855/293","properties":{"access":"permissive","bicycle":"permissive","foot":"yes","highway":"pedestrian","motor_vehicle":"no","name":"Tiffany Loop","osm_id":48786855},"geometry":{"type":"LineString","coordinates":[[-122.3610734,47.6495467],[-122.361054,47.649546]]}},{"type":"Feature","id":"way/48787448/294","properties":{"check_date:surface":"2023-09-15","highway":"service","service":"parking_aisle","surface":"asphalt","osm_id":48787448},"geometry":{"type":"LineString","coordinates":[[-122.3613789,47.6513343],[-122.3614854,47.6511122]]}},{"type":"Feature","id":"way/48787449/295","properties":{"check_date:surface":"2023-09-15","highway":"service","service":"parking_aisle","surface":"asphalt","osm_id":48787449},"geometry":{"type":"LineString","coordinates":[[-122.3611415,47.6512805],[-122.3612445,47.6510585]]}},{"type":"Feature","id":"way/48787451/296","properties":{"highway":"service","oneway":"yes","surface":"asphalt","osm_id":48787451},"geometry":{"type":"LineString","coordinates":[[-122.3608665,47.6506283],[-122.361022,47.650662],[-122.3613766,47.6507384],[-122.3615063,47.6507688],[-122.3615449,47.6508161],[-122.3615208,47.6508755],[-122.3614807,47.6509797]]}},{"type":"Feature","id":"way/48788079/297","properties":{"access":"destination","highway":"service","lanes":"2","maxspeed":"15 mph","service":"alley","surface":"paved","width":"5","osm_id":48788079},"geometry":{"type":"LineString","coordinates":[[-122.360863,47.6499797],[-122.3607669,47.6499798],[-122.3605612,47.6499799],[-122.3605022,47.64998],[-122.3602917,47.6499802],[-122.3602689,47.6499802],[-122.3600436,47.6499804],[-122.3597968,47.6499805],[-122.35977,47.6499806],[-122.3596012,47.6499804],[-122.3594685,47.6499787],[-122.3585675,47.6499789],[-122.3583708,47.6499781],[-122.3581197,47.6499783]]}},{"type":"Feature","id":"way/48889734/298","properties":{"access":"yes","highway":"primary_link","lanes":"1","maxspeed":"25 mph","oneway":"yes","parking:lane:both":"no_stopping","osm_id":48889734},"geometry":{"type":"LineString","coordinates":[[-122.3766277,47.6536168],[-122.3765246,47.6532223],[-122.3764851,47.6530799],[-122.3764577,47.6529803],[-122.3764357,47.6528499],[-122.3764189,47.652729],[-122.376362,47.6524821]]}},{"type":"Feature","id":"way/49961369/299","properties":{"highway":"service","lanes":"1","maxspeed":"15 mph","service":"alley","osm_id":49961369},"geometry":{"type":"LineString","coordinates":[[-122.3768407,47.6503277],[-122.376856,47.6496591],[-122.3768588,47.6495384],[-122.3768453,47.6495],[-122.376829,47.6494983],[-122.3767621,47.6494912]]}},{"type":"Feature","id":"way/50052172/300","properties":{"bicycle":"designated","cycleway":"shared_lane","highway":"residential","lanes":"2","maxspeed":"20 mph","name":"Northwest Dock Place","sidewalk:both":"separate","surface":"asphalt","osm_id":50052172},"geometry":{"type":"LineString","coordinates":[[-122.3800263,47.6649022],[-122.3801656,47.6648309],[-122.3805509,47.6646341],[-122.3808236,47.6644948],[-122.3808937,47.6644589]]}},{"type":"Feature","id":"way/50052175/301","properties":{"highway":"residential","lanes":"2","lit":"yes","maxspeed":"20 mph","name":"Northwest Ione Place","sidewalk":"separate","surface":"asphalt","osm_id":50052175},"geometry":{"type":"LineString","coordinates":[[-122.3808152,47.6655523],[-122.3809421,47.6654864],[-122.3810941,47.6654075],[-122.3811921,47.6653565],[-122.3813353,47.6652822],[-122.3815654,47.6651627],[-122.3816507,47.6651184]]}},{"type":"Feature","id":"way/50783041/302","properties":{"bicycle":"designated","foot":"designated","highway":"cycleway","lcn_ref":"SCT","name":"Ship Canal Trail","segregated":"no","surface":"asphalt","width":"4","osm_id":50783041},"geometry":{"type":"LineString","coordinates":[[-122.376787,47.6546396],[-122.376758,47.6546305],[-122.3767722,47.6546034],[-122.3767749,47.6545888],[-122.3767673,47.6545809],[-122.3767553,47.6545768],[-122.3767426,47.6545771],[-122.3767309,47.6545819],[-122.3767237,47.6545926],[-122.3766977,47.6546388],[-122.3764204,47.6550047],[-122.3763788,47.6550337],[-122.3763448,47.6550494],[-122.3762426,47.6550806],[-122.376208,47.6551021],[-122.3761878,47.6551913],[-122.3761079,47.6552621],[-122.375992,47.6553413],[-122.3758201,47.6554478],[-122.3755271,47.6555989],[-122.3752676,47.6557091],[-122.3750557,47.6557892],[-122.3748568,47.6558532],[-122.3746416,47.6559103],[-122.3743966,47.6559609],[-122.3741352,47.6560017],[-122.3739127,47.6560249],[-122.3736736,47.6560387]]}},{"type":"Feature","id":"way/50783042/303","properties":{"highway":"service","oneway":"yes","service":"parking_aisle","surface":"asphalt","osm_id":50783042},"geometry":{"type":"LineString","coordinates":[[-122.36643,47.6531034],[-122.3659533,47.6536419],[-122.3659153,47.6536515],[-122.3658299,47.6536451],[-122.3657967,47.6536339],[-122.3657777,47.6536003],[-122.365818,47.6535476],[-122.3659962,47.6533415],[-122.3662522,47.6530457]]}},{"type":"Feature","id":"way/51456283/304","properties":{"highway":"service","oneway":"yes","service":"parking_aisle","surface":"asphalt","osm_id":51456283},"geometry":{"type":"LineString","coordinates":[[-122.3657174,47.6528703],[-122.365608,47.6530174],[-122.3655855,47.653073],[-122.365593,47.6530949],[-122.3656331,47.6531169],[-122.3657232,47.6531506]]}},{"type":"Feature","id":"way/51456288/305","properties":{"highway":"service","oneway":"yes","service":"parking_aisle","osm_id":51456288},"geometry":{"type":"LineString","coordinates":[[-122.3660861,47.6529923],[-122.3658985,47.6532046],[-122.365886,47.6532265],[-122.3658985,47.6532569],[-122.3659286,47.6532957],[-122.3659611,47.653321],[-122.3659962,47.6533415]]}},{"type":"Feature","id":"way/51456290/306","properties":{"highway":"service","service":"parking_aisle","osm_id":51456290},"geometry":{"type":"LineString","coordinates":[[-122.365886,47.6532265],[-122.3657683,47.6531725],[-122.3657232,47.6531506]]}},{"type":"Feature","id":"way/51456291/307","properties":{"highway":"service","oneway":"yes","service":"parking_aisle","osm_id":51456291},"geometry":{"type":"LineString","coordinates":[[-122.3657232,47.6531506],[-122.3659032,47.6529334]]}},{"type":"Feature","id":"way/51459158/308","properties":{"highway":"service","oneway":"yes","service":"parking_aisle","surface":"asphalt","osm_id":51459158},"geometry":{"type":"LineString","coordinates":[[-122.3610391,47.6518857],[-122.3615009,47.6519838],[-122.3621321,47.6521179],[-122.3621501,47.65213],[-122.3621473,47.6521502],[-122.362125,47.6522105]]}},{"type":"Feature","id":"way/51470129/309","properties":{"highway":"residential","lanes":"2","maxspeed":"20 mph","name":"West Dravus Street","osm_id":51470129},"geometry":{"type":"LineString","coordinates":[[-122.36387447234043,47.648],[-122.3639076,47.6480255],[-122.3640191,47.6480828],[-122.3648216,47.6484931],[-122.3648586,47.6485365],[-122.3648657,47.6485888],[-122.3650922,47.6485902],[-122.3655718,47.6485734],[-122.3662463,47.6485177],[-122.3663188,47.648516],[-122.3666367,47.6485089],[-122.366916,47.6485312],[-122.3671222,47.6485586],[-122.3672914,47.6484819],[-122.3676882,47.6483382],[-122.368073,47.6482469],[-122.3681144,47.6482372]]}},{"type":"Feature","id":"way/52142054/310","properties":{"access":"destination","highway":"service","lanes":"1","maxspeed":"15 mph","service":"alley","source":"yahoo_wms","osm_id":52142054},"geometry":{"type":"LineString","coordinates":[[-122.3640126,47.663294],[-122.363908,47.6632937],[-122.360921,47.6632858],[-122.3608153,47.6632855]]}},{"type":"Feature","id":"way/52142056/311","properties":{"access":"destination","highway":"service","lanes":"1","maxspeed":"15 mph","oneway":"yes","service":"alley","source":"yahoo_wms","osm_id":52142056},"geometry":{"type":"LineString","coordinates":[[-122.3608175,47.6625647],[-122.3609166,47.6625643],[-122.3639119,47.6625536],[-122.3640154,47.6625532]]}},{"type":"Feature","id":"way/53830278/312","properties":{"highway":"service","lanes":"1","maxspeed":"15 mph","service":"alley","surface":"concrete:lanes","osm_id":53830278},"geometry":{"type":"LineString","coordinates":[[-122.3590163,47.6628208],[-122.3591491,47.6628213],[-122.3601676,47.6628254],[-122.3601668,47.662852],[-122.360166,47.6628818]]}},{"type":"Feature","id":"way/53862223/313","properties":{"highway":"service","surface":"asphalt","osm_id":53862223},"geometry":{"type":"LineString","coordinates":[[-122.367721,47.6594261],[-122.3677214,47.6593488],[-122.3677219,47.6592704]]}},{"type":"Feature","id":"way/58752869/314","properties":{"highway":"residential","lanes":"2","maxspeed":"20 mph","name":"Northwest 49th Street","oneway":"no","parking:lane:both":"parallel","sidewalk:both":"separate","surface":"concrete","osm_id":58752869},"geometry":{"type":"LineString","coordinates":[[-122.3608077,47.6643287],[-122.360907,47.6643601],[-122.3609868,47.6643737],[-122.3638698,47.6643846],[-122.363905,47.6643847],[-122.363992,47.664385],[-122.3641172,47.6643852],[-122.3641449,47.6643852],[-122.366019,47.6643886],[-122.366051,47.6643887],[-122.3661897,47.6643889],[-122.3663383,47.6643891],[-122.366369,47.6643891],[-122.3667147,47.6643896],[-122.3670591,47.6643901],[-122.36739,47.6643905],[-122.3678124,47.6643911],[-122.3684813,47.664392],[-122.3685124,47.6643921],[-122.3686135,47.6643925]]}},{"type":"Feature","id":"way/58752875/315","properties":{"highway":"residential","lanes":"1","maxspeed":"20 mph","name":"Northwest 49th Street","oneway":"yes","sidewalk:both":"separate","surface":"asphalt","osm_id":58752875},"geometry":{"type":"LineString","coordinates":[[-122.3590531,47.6642901],[-122.3589875,47.6643039],[-122.358825,47.6643032]]}},{"type":"Feature","id":"way/62147010/316","properties":{"highway":"tertiary","lanes":"1","maxspeed":"20 mph","name":"Ballard Avenue Northwest","oneway":"yes","sidewalk":"separate","snowplowing":"no","surface":"asphalt","winter_service":"no","osm_id":62147010},"geometry":{"type":"LineString","coordinates":[[-122.3847621,47.6676893],[-122.3849249,47.6677301],[-122.3849699,47.6677414],[-122.3851936,47.6678948],[-122.3854586,47.6680764],[-122.385536,47.6681294],[-122.3860458,47.668479],[-122.3860678,47.6684986],[-122.3860836,47.6685206],[-122.3860925,47.6685443],[-122.3860944,47.6685688],[-122.3860943,47.668573],[-122.3860911,47.668674]]}},{"type":"Feature","id":"way/68666735/317","properties":{"highway":"service","lanes":"1","maxspeed":"15 mph","service":"alley","source":"Yahoo","surface":"fine_gravel","osm_id":68666735},"geometry":{"type":"LineString","coordinates":[[-122.3583261,47.6541498],[-122.358326,47.6540879],[-122.3583262,47.6536527]]}},{"type":"Feature","id":"way/68666736/318","properties":{"highway":"service","lanes":"1","maxspeed":"15 mph","service":"alley","source":"Yahoo","surface":"asphalt","osm_id":68666736},"geometry":{"type":"LineString","coordinates":[[-122.3576752,47.6525672],[-122.3575678,47.6525429],[-122.357,47.652414615127704]]}},{"type":"Feature","id":"way/75971722/319","properties":{"highway":"residential","lanes":"2","maxspeed":"20 mph","name":"Northwest 50th Street","sidewalk:both":"separate","osm_id":75971722},"geometry":{"type":"LineString","coordinates":[[-122.3571255,47.6650248],[-122.3572519,47.6650253],[-122.3586843,47.6650314],[-122.3588201,47.6650296],[-122.3589575,47.6650302],[-122.3593119,47.6650321]]}},{"type":"Feature","id":"way/75971724/320","properties":{"highway":"residential","lanes":"1","maxspeed":"20 mph","name":"2nd Avenue Northwest","oneway":"yes","sidewalk:both":"separate","osm_id":75971724},"geometry":{"type":"LineString","coordinates":[[-122.3587325,47.6668598],[-122.3587323,47.6667952],[-122.358732,47.6666794],[-122.3587364,47.665869],[-122.3587369,47.6657784],[-122.3587382,47.6657338],[-122.3587472,47.6654327],[-122.3587564,47.6651135],[-122.3587569,47.6651045],[-122.3588201,47.6650296]]}},{"type":"Feature","id":"way/79671009/321","properties":{"highway":"residential","lanes":"2","maxspeed":"20 mph","name":"West Dravus Street","surface":"concrete","osm_id":79671009},"geometry":{"type":"LineString","coordinates":[[-122.3704282,47.6484834],[-122.3704822,47.6484829],[-122.3707222,47.6484805],[-122.3707701,47.6484808],[-122.3708088,47.6484807]]}},{"type":"Feature","id":"way/80494052/322","properties":{"highway":"service","maxspeed":"15 mph","service":"alley","osm_id":80494052},"geometry":{"type":"LineString","coordinates":[[-122.371576,47.65271],[-122.3715064,47.6527248],[-122.3714777,47.6527311],[-122.3712921,47.6527707],[-122.3711728,47.6527823],[-122.3711014,47.652769],[-122.3703315,47.6523239],[-122.3702901,47.6522902],[-122.370277,47.6522796],[-122.3702279,47.6522666],[-122.3701553,47.6522473]]}},{"type":"Feature","id":"way/83145769/323","properties":{"access":"destination","highway":"service","maxspeed":"15 mph","service":"alley","source":"yahoo_wms","osm_id":83145769},"geometry":{"type":"LineString","coordinates":[[-122.3686071,47.6697976],[-122.368501,47.6697978],[-122.3663315,47.6698027],[-122.3661742,47.6698031]]}},{"type":"Feature","id":"way/83145774/324","properties":{"access":"destination","highway":"service","maxspeed":"15 mph","service":"alley","source":"yahoo_wms","osm_id":83145774},"geometry":{"type":"LineString","coordinates":[[-122.3686147,47.6690682],[-122.3685016,47.6690684],[-122.3663327,47.6690719],[-122.3661757,47.6690721]]}},{"type":"Feature","id":"way/83572577/325","properties":{"highway":"residential","lanes":"2","maxspeed":"20 mph","name":"3rd Avenue West","osm_id":83572577},"geometry":{"type":"LineString","coordinates":[[-122.3608716,47.650849],[-122.3608686,47.6509382],[-122.3608619,47.6512171],[-122.3608547,47.6515767]]}},{"type":"Feature","id":"way/89637426/326","properties":{"highway":"residential","lanes":"1","maxspeed":"20 mph","name":"Cremona Street","oneway":"yes","osm_id":89637426},"geometry":{"type":"LineString","coordinates":[[-122.3576887,47.6495444],[-122.3575755,47.6495443],[-122.3574398,47.6495419],[-122.357148,47.6495365]]}},{"type":"Feature","id":"way/89637428/327","properties":{"highway":"residential","lanes":"1","maxspeed":"25 mph","name":"West Bertona Street","oneway":"yes","osm_id":89637428},"geometry":{"type":"LineString","coordinates":[[-122.3608662,47.6504138],[-122.3607615,47.6504137],[-122.3596644,47.650413]]}},{"type":"Feature","id":"way/111874140/328","properties":{"highway":"tertiary","lanes":"2","lit":"yes","maxspeed":"25 mph","name":"Northwest 48th Street","sidewalk:both":"separate","snowplowing":"no","surface":"concrete","winter_service":"no","osm_id":111874140},"geometry":{"type":"LineString","coordinates":[[-122.3662005,47.6636514],[-122.3663517,47.6636522],[-122.367503,47.6636578],[-122.3681098,47.6636608],[-122.3685122,47.6636627],[-122.3686077,47.6636632]]}},{"type":"Feature","id":"way/111874141/329","properties":{"cycleway:both":"no","highway":"residential","lanes":"2","lit":"yes","maxspeed":"20 mph","name":"Northwest 48th Street","sidewalk:both":"separate","surface":"concrete","osm_id":111874141},"geometry":{"type":"LineString","coordinates":[[-122.3608104,47.6636182],[-122.3608667,47.6636392],[-122.3609233,47.6636502],[-122.3638888,47.6636505],[-122.3639071,47.6636505],[-122.3640133,47.6636504]]}},{"type":"Feature","id":"way/121949087/330","properties":{"bicycle":"designated","cycleway":"lane","highway":"tertiary","lanes":"2","lit":"yes","maxspeed":"25 mph","name":"20th Avenue Northwest","old_name":"Second Avenue","parking:both":"lane","parking:both:orientation":"parallel","sidewalk":"separate","snowplowing":"no","surface":"asphalt","winter_service":"no","osm_id":121949087},"geometry":{"type":"LineString","coordinates":[[-122.3821604,47.6686665],[-122.3821589,47.6687902],[-122.3821598,47.6690902],[-122.3821596,47.6691808],[-122.3821594,47.669309],[-122.3821594,47.6693423],[-122.3821593,47.6693871],[-122.3821592,47.6694464],[-122.3821588,47.6695343],[-122.3821587,47.6695677],[-122.3821562,47.6701258],[-122.382156,47.6701705],[-122.3821556,47.6702582],[-122.3821531,47.6708108],[-122.382153,47.6708398],[-122.3821527,47.6709071],[-122.3821523,47.670989],[-122.3821522,47.6710179],[-122.3821495,47.6716026],[-122.3821494,47.6716361],[-122.3821492,47.6716801],[-122.3821486,47.6718337],[-122.38214782807265,47.672]]}},{"type":"Feature","id":"way/129026132/331","properties":{"cycleway:both":"no","highway":"secondary","lanes":"4","maxspeed":"25 mph","name":"Northwest Market Street","sidewalk:both":"separate","snowplowing":"yes","surface":"asphalt","trolley_wire":"yes","winter_service":"yes","winter_service:priority":"2","osm_id":129026132},"geometry":{"type":"LineString","coordinates":[[-122.3860911,47.668674],[-122.3862855,47.6686752],[-122.3869477,47.6686793]]}},{"type":"Feature","id":"way/137276519/332","properties":{"highway":"service","service":"parking_aisle","surface":"asphalt","osm_id":137276519},"geometry":{"type":"LineString","coordinates":[[-122.3755139,47.6682644],[-122.3748733,47.668259]]}},{"type":"Feature","id":"way/137276521/333","properties":{"highway":"service","service":"drive-through","surface":"asphalt","osm_id":137276521},"geometry":{"type":"LineString","coordinates":[[-122.3758344,47.6680686],[-122.3758345,47.6681713],[-122.3758345,47.668203]]}},{"type":"Feature","id":"way/137276525/334","properties":{"highway":"service","service":"parking_aisle","surface":"asphalt","osm_id":137276525},"geometry":{"type":"LineString","coordinates":[[-122.3755112,47.6684627],[-122.3755139,47.6682644],[-122.3755147,47.668204],[-122.3756612,47.6682035],[-122.3758345,47.668203]]}},{"type":"Feature","id":"way/140804207/335","properties":{"dual_carriageway":"yes","highway":"tertiary","lanes":"1","maxspeed":"20 mph","name":"14th Avenue Northwest","oneway":"yes","sidewalk:left":"no","sidewalk:right":"separate","surface":"asphalt","osm_id":140804207},"geometry":{"type":"LineString","coordinates":[[-122.3736634,47.6686686],[-122.3736648,47.6685394],[-122.3736681,47.6682497],[-122.3736713,47.6679689],[-122.3736722,47.6678896],[-122.3736729,47.6678387],[-122.3736736,47.6677909],[-122.3736808,47.6672724],[-122.3736813,47.6672411],[-122.3736824,47.6671591],[-122.373681,47.6670883],[-122.3736806,47.6670647],[-122.3736705,47.6665372],[-122.37367,47.6665117],[-122.3736685,47.6664322],[-122.3736681,47.6663578],[-122.3736679,47.6663179],[-122.373667,47.6660704],[-122.3736661,47.6658094],[-122.373666,47.6657831],[-122.3736658,47.6657086],[-122.3736657,47.6656285],[-122.3736657,47.6655962],[-122.3736656,47.665392],[-122.3736664,47.6651681],[-122.3736665,47.6651279],[-122.3736668,47.6650493],[-122.3736681,47.6649738],[-122.3736686,47.6649442],[-122.3736722,47.6647292],[-122.3736762,47.6644961],[-122.3736775,47.6644681],[-122.3736779,47.6643945],[-122.3736773,47.6643181],[-122.3736743,47.6639854],[-122.3736248,47.6637757],[-122.3736075,47.6636617]]}},{"type":"Feature","id":"way/140804211/336","properties":{"highway":"tertiary","lanes":"2","maxspeed":"20 mph","name":"14th Avenue Northwest","sidewalk:both":"separate","osm_id":140804211},"geometry":{"type":"LineString","coordinates":[[-122.3736072,47.6629281],[-122.3736072,47.6630306],[-122.3736075,47.6635471],[-122.3736075,47.6636617]]}},{"type":"Feature","id":"way/140804212/337","properties":{"dual_carriageway":"yes","highway":"tertiary","lanes":"1","maxspeed":"20 mph","name":"14th Avenue Northwest","oneway":"yes","parking:left":"separate","parking:right":"lane","parking:right:orientation":"parallel","sidewalk:left":"no","sidewalk:right":"separate","source":"Local Knwoladge","surface":"asphalt","osm_id":140804212},"geometry":{"type":"LineString","coordinates":[[-122.373493,47.6686686],[-122.3734932,47.6687948],[-122.3734937,47.6690136],[-122.3734941,47.6691998],[-122.3734944,47.6693551],[-122.3734942,47.6693846],[-122.3734946,47.669443]]}},{"type":"Feature","id":"way/140804214/338","properties":{"dual_carriageway":"yes","highway":"tertiary","lanes":"1","maxspeed":"20 mph","name":"14th Avenue Northwest","oneway":"yes","parking:left":"separate","parking:right":"lane","parking:right:orientation":"parallel","sidewalk:left":"no","sidewalk:right":"separate","source":"Local Knwoladge","surface":"concrete","osm_id":140804214},"geometry":{"type":"LineString","coordinates":[[-122.3736075,47.6636617],[-122.3735872,47.6637755],[-122.3735283,47.6639504],[-122.373517,47.6640141],[-122.3735163,47.6641154],[-122.3735148,47.6643167],[-122.3735142,47.6643948],[-122.3735149,47.6644529],[-122.3735142,47.6644961],[-122.3735145,47.6649477],[-122.3735145,47.6649731],[-122.3735145,47.6650449],[-122.3735143,47.6651277],[-122.3735143,47.6651663],[-122.3735138,47.6655962],[-122.3735138,47.6656294],[-122.3735137,47.6657089],[-122.3735139,47.6657838],[-122.373514,47.6658058],[-122.3735156,47.6663206],[-122.3735158,47.6663561],[-122.373516,47.6664338],[-122.3735143,47.6665087],[-122.3735144,47.6665125],[-122.3735145,47.6665337],[-122.3735192,47.6670648],[-122.3735194,47.6670878],[-122.3735201,47.6671613],[-122.3735194,47.6672413],[-122.3735192,47.6672706],[-122.373517,47.6675365],[-122.3735177,47.6677891],[-122.3735178,47.667822],[-122.373518,47.6678903],[-122.3735155,47.6679694],[-122.3735061,47.6682609]]}},{"type":"Feature","id":"way/140804216/339","properties":{"dual_carriageway":"yes","highway":"tertiary","lanes":"1","maxspeed":"20 mph","name":"14th Avenue Northwest","oneway":"yes","parking:left":"separate","parking:right":"lane","parking:right:orientation":"parallel","sidewalk:left":"no","sidewalk:right":"separate","source":"Local Knwoladge","osm_id":140804216},"geometry":{"type":"LineString","coordinates":[[-122.37352,47.6621993],[-122.3735213,47.6623035],[-122.3735215,47.6623212],[-122.3735241,47.6625657],[-122.3735275,47.6627981],[-122.3735279,47.6628281],[-122.3735442,47.6628487],[-122.3736072,47.6629281]]}},{"type":"Feature","id":"way/142843339/340","properties":{"highway":"residential","lanes":"2","maxspeed":"20 mph","name":"Northwest 48th Street","sidewalk":"separate","surface":"concrete","osm_id":142843339},"geometry":{"type":"LineString","coordinates":[[-122.3788887,47.6637178],[-122.3790314,47.6637391],[-122.3790783,47.6637462],[-122.3800749,47.6638954],[-122.380239,47.66392]]}},{"type":"Feature","id":"way/142843340/341","properties":{"check_date":"2024-10-12","cycleway:both":"separate","highway":"residential","lanes":"1","maxspeed":"20 mph","name":"Northwest 45th Street","oneway":"yes","parking:both":"no","sidewalk:left":"no","sidewalk:right":"separate","surface":"asphalt","osm_id":142843340},"geometry":{"type":"LineString","coordinates":[[-122.3707463,47.6614493],[-122.3706679,47.6614451],[-122.3704673,47.6614345],[-122.368841,47.6614419],[-122.3688101,47.6614459],[-122.3686186,47.6614709]]}},{"type":"Feature","id":"way/142843341/342","properties":{"check_date":"2024-10-12","cycleway:both":"no","highway":"residential","lanes":"1","maxspeed":"20 mph","name":"Northwest 45th Street","oneway":"yes","parking:both":"no","sidewalk:left":"no","sidewalk:right":"separate","surface":"asphalt","osm_id":142843341},"geometry":{"type":"LineString","coordinates":[[-122.3686186,47.6614709],[-122.3687935,47.6614859],[-122.3688314,47.6614891],[-122.3689977,47.6615108],[-122.3698157,47.6615162],[-122.370604,47.6615108],[-122.3706736,47.6615123],[-122.3707441,47.6615175]]}},{"type":"Feature","id":"way/142843342/343","properties":{"highway":"residential","lanes":"2","maxspeed":"20 mph","name":"Northwest 45th Street","sidewalk:left":"no","sidewalk:right":"separate","surface":"asphalt","osm_id":142843342},"geometry":{"type":"LineString","coordinates":[[-122.3671883,47.6614588],[-122.3673616,47.6614603],[-122.3674587,47.6614612],[-122.3676841,47.6614632],[-122.3677223,47.6614635],[-122.3683966,47.6614695],[-122.3686186,47.6614709]]}},{"type":"Feature","id":"way/142843343/344","properties":{"cycleway:both":"separate","highway":"residential","lanes":"1","maxspeed":"20 mph","name":"Northwest 45th Street","old_name":"A Street","oneway":"yes","parking:lane:left":"no_parking","parking:lane:right":"parallel","sidewalk":"no","surface":"asphalt","osm_id":142843343},"geometry":{"type":"LineString","coordinates":[[-122.3757845,47.6614711],[-122.3755149,47.6614576],[-122.3752701,47.6614487],[-122.3749972,47.6614398],[-122.3748786,47.6614359],[-122.37381,47.6614378],[-122.3737914,47.6614379],[-122.3737021,47.6614382],[-122.3736108,47.661439],[-122.3735137,47.661439],[-122.3726235,47.6614383],[-122.3724617,47.6614381],[-122.3720954,47.6614378],[-122.3715904,47.6614374],[-122.370941,47.6614369],[-122.3707463,47.6614493]]}},{"type":"Feature","id":"way/142843345/345","properties":{"highway":"unclassified","lanes":"2","maxspeed":"20 mph","name":"Shilshole Avenue Northwest","sidewalk":"no","snowplowing":"no","winter_service":"no","osm_id":142843345},"geometry":{"type":"LineString","coordinates":[[-122.3757845,47.6614711],[-122.375624,47.6613859],[-122.3749003,47.6611703],[-122.3742661,47.6609815],[-122.3741243,47.6609393],[-122.3739831,47.6609393],[-122.3737665,47.6609393],[-122.3736079,47.6609393]]}},{"type":"Feature","id":"way/156745198/346","properties":{"highway":"residential","lanes":"1","maxspeed":"20 mph","name":"Northwest Canal Street","oneway":"yes","sidewalk:left":"no","sidewalk:right":"separate","surface":"asphalt","osm_id":156745198},"geometry":{"type":"LineString","coordinates":[[-122.3594731,47.6528437],[-122.3588823,47.6525458],[-122.3585717,47.6524038],[-122.3584861,47.6523646]]}},{"type":"Feature","id":"way/156745203/347","properties":{"highway":"residential","lanes":"2","maxspeed":"20 mph","name":"1st Avenue Northwest","sidewalk":"separate","surface":"concrete","osm_id":156745203},"geometry":{"type":"LineString","coordinates":[[-122.3576752,47.6525672],[-122.3576757,47.6526867]]}},{"type":"Feature","id":"way/158265741/348","properties":{"alt_name":"Ballard Boulevard","cycleway:right":"no","highway":"tertiary","lanes":"1","maxspeed":"25 mph","name":"Northwest 55th Place","oneway":"yes","sidewalk":"no","snowplowing":"no","surface":"asphalt","winter_service":"no","osm_id":158265741},"geometry":{"type":"LineString","coordinates":[[-122.3608084,47.669265],[-122.3608952,47.669252],[-122.360953,47.6692398],[-122.3610004,47.6692062],[-122.3610336,47.6691699],[-122.3611389,47.6690175],[-122.3611954,47.6689447],[-122.3612792,47.668881],[-122.3614387,47.6687928],[-122.3615705,47.6687507],[-122.361704,47.6686903]]}},{"type":"Feature","id":"way/158265755/349","properties":{"cycleway:right":"no","highway":"tertiary","lanes":"1","maxspeed":"25 mph","name":"Northwest 55th Street","oneway":"yes","parking:lane:both":"no_stopping","sidewalk:left":"no","sidewalk:right":"separate","snowplowing":"no","surface":"concrete","winter_service":"no","osm_id":158265755},"geometry":{"type":"LineString","coordinates":[[-122.3618468,47.6686826],[-122.3619349,47.6687122],[-122.3620006,47.6687122],[-122.3620301,47.6687121],[-122.3625023,47.6687119]]}},{"type":"Feature","id":"way/158265763/350","properties":{"highway":"tertiary","lanes":"1","maxspeed":"25 mph","name":"Northwest 55th Street","oneway":"yes","parking:lane:both":"no_stopping","sidewalk:left":"no","sidewalk:right":"separate","snowplowing":"no","surface":"asphalt","winter_service":"no","osm_id":158265763},"geometry":{"type":"LineString","coordinates":[[-122.3621953,47.6686532],[-122.3619807,47.6686558],[-122.3619192,47.6686566],[-122.3618468,47.6686826]]}},{"type":"Feature","id":"way/158265772/351","properties":{"highway":"tertiary","lanes":"1","lit":"yes","maxspeed":"25 mph","name":"Northwest 55th Street","oneway":"yes","parking:lane:both":"no_stopping","sidewalk":"separate","snowplowing":"no","surface":"concrete","winter_service":"no","osm_id":158265772},"geometry":{"type":"LineString","coordinates":[[-122.3627213,47.6686319],[-122.3625025,47.6686664],[-122.3622691,47.6686522],[-122.3621953,47.6686532]]}},{"type":"Feature","id":"way/158265786/352","properties":{"highway":"residential","lanes":"2","maxspeed":"20 mph","name":"Northwest 56th Street","old_name":"State Street","sidewalk":"separate","surface":"concrete","osm_id":158265786},"geometry":{"type":"LineString","coordinates":[[-122.3762671,47.6694449],[-122.3764053,47.6694449],[-122.3775581,47.6694426],[-122.3787391,47.669437],[-122.3787936,47.6694368],[-122.3788874,47.6694372],[-122.3790068,47.6694367],[-122.3790542,47.6694368],[-122.3795014,47.6694374],[-122.3797974,47.6694393],[-122.3799694,47.6694398],[-122.3801304,47.6694403],[-122.3807716,47.6694422],[-122.380981,47.6694428],[-122.3819824,47.6694458],[-122.3820322,47.669446],[-122.3821592,47.6694464],[-122.3822529,47.6694467],[-122.3823119,47.6694469],[-122.3825229,47.6694476],[-122.3827969,47.6694481],[-122.3828137,47.6694481],[-122.3829302,47.6694484],[-122.3829966,47.6694486],[-122.3830986,47.669449],[-122.3832194,47.6694488],[-122.3832655,47.6694491],[-122.383313,47.6694497],[-122.3833365,47.6694499],[-122.3833631,47.6694501],[-122.3835024,47.6694507],[-122.3836397,47.6694511],[-122.3839344,47.6694521],[-122.3841109,47.6694527],[-122.3846425,47.6694544],[-122.3847387,47.6694547],[-122.3848983,47.6694552],[-122.385479,47.6694571],[-122.386027,47.6694589],[-122.3861321,47.6694592],[-122.3862113,47.6694595],[-122.3864423,47.6694603],[-122.386698,47.6694611],[-122.3867595,47.6694613],[-122.3868243,47.6694615],[-122.387,47.66946207543668]]}},{"type":"Feature","id":"way/158265814/353","properties":{"bicycle":"yes","highway":"residential","lanes":"2","maxspeed":"20 mph","name":"Northwest 56th Street","sidewalk:both":"separate","osm_id":158265814},"geometry":{"type":"LineString","coordinates":[[-122.3651732,47.6694342],[-122.3652025,47.6694342],[-122.3660647,47.6694342],[-122.3661757,47.6694342],[-122.3663495,47.6694343],[-122.3685011,47.669436],[-122.3685534,47.669436]]}},{"type":"Feature","id":"way/158265852/354","properties":{"highway":"primary","lanes":"4","lit":"yes","maxspeed":"25 mph","name":"Northwest Market Street","old_name":"Broadway (Ballard)","sidewalk":"separate","snowplowing":"yes","surface":"asphalt","trolley_wire":"yes","winter_service":"yes","winter_service:priority":"1","osm_id":158265852},"geometry":{"type":"LineString","coordinates":[[-122.370765,47.6686661],[-122.3708827,47.6686661],[-122.3711435,47.668666],[-122.3718355,47.6686671],[-122.3724865,47.6686682],[-122.3726366,47.6686684],[-122.3727885,47.6686686],[-122.3729563,47.6686688],[-122.3730151,47.6686688],[-122.3730639,47.6686688]]}},{"type":"Feature","id":"way/158265857/355","properties":{"cycleway:both":"no","dual_carriageway":"yes","highway":"primary","lanes":"2","lit":"yes","maxspeed":"25 mph","name":"Northwest Market Street","oneway":"yes","parking:lane:both":"no_stopping","sidewalk:left":"no","sidewalk:right":"separate","snowplowing":"yes","surface":"asphalt","trolley_wire":"yes","winter_service":"yes","winter_service:priority":"1","osm_id":158265857},"geometry":{"type":"LineString","coordinates":[[-122.3629384,47.6687198],[-122.3631123,47.6687168],[-122.363205,47.6687141]]}},{"type":"Feature","id":"way/158265862/356","properties":{"cycleway:both":"no","dual_carriageway":"yes","highway":"primary","lanes":"2","lit":"yes","maxspeed":"25 mph","name":"Northwest Market Street","oneway":"yes","parking:lane:both":"no_stopping","sidewalk:left":"no","sidewalk:right":"separate","snowplowing":"yes","surface":"asphalt","trolley_wire":"yes","winter_service":"yes","winter_service:priority":"1","osm_id":158265862},"geometry":{"type":"LineString","coordinates":[[-122.3640443,47.668671],[-122.3638118,47.6686416],[-122.3633005,47.6686257],[-122.3631305,47.6686286],[-122.3629389,47.6686319]]}},{"type":"Feature","id":"way/158265863/357","properties":{"cycleway:both":"no","dual_carriageway":"yes","highway":"primary","lanes":"2","lit":"yes","maxspeed":"25 mph","name":"Northwest Market Street","oneway":"yes","parking:lane:both":"no_stopping","sidewalk:left":"no","sidewalk:right":"separate","snowplowing":"yes","surface":"concrete","trolley_wire":"yes","winter_service":"yes","winter_service:priority":"1","osm_id":158265863},"geometry":{"type":"LineString","coordinates":[[-122.3619732,47.6684036],[-122.3620267,47.6685145],[-122.3621268,47.6686226],[-122.3621953,47.6686532],[-122.3622744,47.6686884],[-122.3625023,47.6687119],[-122.3629384,47.6687198]]}},{"type":"Feature","id":"way/158265864/358","properties":{"cycleway:both":"no","dual_carriageway":"yes","highway":"primary","lanes":"2","lit":"yes","maxspeed":"25 mph","name":"Northwest Market Street","oneway":"yes","parking:lane:both":"no_stopping","sidewalk:left":"no","sidewalk:right":"separate","snowplowing":"yes","surface":"concrete","trolley_wire":"yes","winter_service":"yes","winter_service:priority":"1","osm_id":158265864},"geometry":{"type":"LineString","coordinates":[[-122.3629389,47.6686319],[-122.3628535,47.6686319],[-122.3627213,47.6686319],[-122.3626034,47.6686319],[-122.3624461,47.6686196],[-122.3623439,47.6685957],[-122.3622482,47.668564],[-122.3621328,47.6685084],[-122.3619732,47.6684036]]}},{"type":"Feature","id":"way/158266231/359","properties":{"cycleway:both":"no","highway":"residential","lanes":"2","lit":"yes","maxspeed":"20 mph","name":"5th Avenue Northwest","sidewalk":"separate","surface":"concrete","osm_id":158266231},"geometry":{"type":"LineString","coordinates":[[-122.3629384,47.6687198],[-122.3629387,47.6687847]]}},{"type":"Feature","id":"way/158266237/360","properties":{"highway":"residential","lanes":"2","maxspeed":"20 mph","name":"6th Avenue Northwest","sidewalk":"separate","surface":"concrete","osm_id":158266237},"geometry":{"type":"LineString","coordinates":[[-122.3640246,47.6709268],[-122.3640253,47.6709413],[-122.3640252,47.6709807],[-122.36402198355269,47.672]]}},{"type":"Feature","id":"way/158266246/361","properties":{"bicycle":"designated","cycleway":"shared_lane","highway":"residential","lanes":"2","maxspeed":"20 mph","name":"6th Avenue Northwest","sidewalk":"separate","surface":"concrete","osm_id":158266246},"geometry":{"type":"LineString","coordinates":[[-122.3640253,47.6694693],[-122.3640257,47.6695088],[-122.3640257,47.6695254],[-122.3640249,47.6698422],[-122.3640234,47.6704561],[-122.3640226,47.6708005],[-122.3640232,47.6708143],[-122.3640227,47.6708527]]}},{"type":"Feature","id":"way/158266268/362","properties":{"highway":"residential","lanes":"2","maxspeed":"20 mph","name":"7th Avenue Northwest","sidewalk":"separate","osm_id":158266268},"geometry":{"type":"LineString","coordinates":[[-122.3651087,47.6694744],[-122.3651085,47.6695096],[-122.3651018,47.6708039],[-122.3651015,47.6708184],[-122.365101,47.6708507]]}},{"type":"Feature","id":"way/158266294/363","properties":{"highway":"residential","lanes":"2","maxspeed":"20 mph","name":"9th Avenue Northwest","sidewalk:both":"separate","osm_id":158266294},"geometry":{"type":"LineString","coordinates":[[-122.3686108,47.669479],[-122.3686104,47.6695153],[-122.3686071,47.6697976],[-122.3686076,47.6700921],[-122.3686077,47.6701266]]}},{"type":"Feature","id":"way/158780994/364","properties":{"highway":"residential","lanes":"2","maxspeed":"20 mph","name":"Baker Avenue Northwest","sidewalk:both":"separate","surface":"asphalt","osm_id":158780994},"geometry":{"type":"LineString","coordinates":[[-122.3596059,47.658996],[-122.3596052,47.6590204],[-122.3595745,47.6601492],[-122.3595727,47.6602166],[-122.3595723,47.6602869],[-122.3595667,47.6614144],[-122.3595663,47.6614881]]}},{"type":"Feature","id":"way/158781278/365","properties":{"cycleway:both":"no","highway":"residential","lanes":"2","lit":"yes","maxspeed":"20 mph","name":"Northwest 43rd Street","sidewalk:both":"separate","surface":"concrete","osm_id":158781278},"geometry":{"type":"LineString","coordinates":[[-122.3596687,47.6589565],[-122.3597064,47.6589562],[-122.3602087,47.6589519],[-122.3607032,47.6589516],[-122.3608148,47.6589517],[-122.3609116,47.6589512],[-122.3618106,47.6589484],[-122.3618891,47.6589481],[-122.3619808,47.6589483],[-122.3623847,47.6589491],[-122.3628687,47.65895],[-122.3629398,47.6589501],[-122.36304,47.6589506],[-122.3639017,47.658955],[-122.3640066,47.6589555]]}},{"type":"Feature","id":"way/158781285/366","properties":{"highway":"residential","lanes":"2","maxspeed":"20 mph","name":"Northwest 43rd Street","sidewalk:both":"separate","osm_id":158781285},"geometry":{"type":"LineString","coordinates":[[-122.357296,47.6594715],[-122.3573676,47.6593768],[-122.357395,47.6593405],[-122.3575034,47.6592202],[-122.3576673,47.6590982],[-122.3578457,47.65902],[-122.3580199,47.6589756],[-122.358301,47.6589541],[-122.3583865,47.6589476],[-122.3585051,47.6589486],[-122.3589992,47.6589527],[-122.3595033,47.6589551],[-122.3595457,47.6589553]]}},{"type":"Feature","id":"way/158781288/367","properties":{"highway":"residential","lanes":"2","maxspeed":"20 mph","name":"Northwest 44th Street","sidewalk:both":"separate","surface":"asphalt","osm_id":158781288},"geometry":{"type":"LineString","coordinates":[[-122.3584527,47.6602169],[-122.3584957,47.660217],[-122.3589915,47.6602178],[-122.3594938,47.6602168],[-122.3595727,47.6602166],[-122.3596947,47.6602153],[-122.3601755,47.6602102],[-122.3602007,47.6602102],[-122.3606925,47.6602112],[-122.3608024,47.6602114]]}},{"type":"Feature","id":"way/158781291/368","properties":{"highway":"residential","lanes":"2","maxspeed":"20 mph","name":"Northwest 44th Street","sidewalk:both":"separate","osm_id":158781291},"geometry":{"type":"LineString","coordinates":[[-122.3572899,47.6596074],[-122.3573852,47.659802],[-122.3574458,47.6598865],[-122.3574687,47.6599185],[-122.3575805,47.6600085],[-122.3576949,47.6600842],[-122.3578474,47.6601587],[-122.3580595,47.6601975],[-122.3582016,47.6602134],[-122.3582937,47.660217],[-122.358341,47.6602189]]}},{"type":"Feature","id":"way/158781296/369","properties":{"cycleway:both":"no","highway":"residential","lanes":"2","lit":"yes","maxspeed":"20 mph","name":"Northwest 45th Street","sidewalk:both":"separate","surface":"concrete","osm_id":158781296},"geometry":{"type":"LineString","coordinates":[[-122.364108,47.6614658],[-122.3641178,47.6614657],[-122.3641619,47.6614655],[-122.3656554,47.6614569],[-122.365757,47.6614564],[-122.3660906,47.6614549],[-122.366191,47.6614545]]}},{"type":"Feature","id":"way/158781300/370","properties":{"cycleway:both":"no","highway":"residential","lanes":"2","lit":"yes","maxspeed":"20 mph","name":"Northwest 46th Street","sidewalk:both":"separate","surface":"asphalt","osm_id":158781300},"geometry":{"type":"LineString","coordinates":[[-122.3640914,47.6621939],[-122.3641106,47.6621932],[-122.3641692,47.6621931],[-122.3643867,47.6621928],[-122.365136,47.6621922],[-122.3652276,47.6621921],[-122.3658677,47.6621916],[-122.3660779,47.6621914],[-122.3661846,47.6621913]]}},{"type":"Feature","id":"way/158781304/371","properties":{"highway":"residential","lanes":"2","lit":"yes","maxspeed":"20 mph","name":"Northwest 47th Street","sidewalk:both":"separate","surface":"asphalt","osm_id":158781304},"geometry":{"type":"LineString","coordinates":[[-122.3640913,47.6629218],[-122.364104,47.6629218],[-122.3641607,47.6629217],[-122.3658261,47.6629193],[-122.3660771,47.6629195],[-122.3661883,47.6629196]]}},{"type":"Feature","id":"way/158781308/372","properties":{"highway":"residential","lanes":"2","maxspeed":"20 mph","name":"Northwest 54th Street","sidewalk":"separate","osm_id":158781308},"geometry":{"type":"LineString","coordinates":[[-122.3686756,47.6678884],[-122.3687381,47.6678889],[-122.3706604,47.6678791],[-122.3707166,47.6678786]]}},{"type":"Feature","id":"way/158781318/373","properties":{"highway":"residential","lanes":"2","maxspeed":"20 mph","name":"Northwest 57th Street","sidewalk":"separate","surface":"asphalt","osm_id":158781318},"geometry":{"type":"LineString","coordinates":[[-122.3707709,47.6701694],[-122.3708844,47.6701696],[-122.3729529,47.6701746],[-122.3731847,47.6701757],[-122.3734439,47.6701766],[-122.373502,47.6701765],[-122.3736689,47.6701782],[-122.3737598,47.6701778],[-122.3742062,47.6701766],[-122.3746081,47.6701756],[-122.3751756,47.6701736],[-122.3756262,47.6701728],[-122.3760336,47.6701738],[-122.3761978,47.6701711],[-122.3763991,47.6701711],[-122.3767514,47.6701711],[-122.3777143,47.670171],[-122.3779955,47.670171],[-122.3787898,47.6701709],[-122.3788943,47.6701709]]}},{"type":"Feature","id":"way/158782193/374","properties":{"highway":"residential","lanes":"2","maxspeed":"20 mph","name":"11th Avenue Northwest","sidewalk:both":"separate","surface":"concrete","osm_id":158782193},"geometry":{"type":"LineString","coordinates":[[-122.3707622,47.6709416],[-122.3707622,47.6709709],[-122.3707622,47.6709823],[-122.3707472,47.6715641],[-122.3707455,47.6716294]]}},{"type":"Feature","id":"way/158782239/375","properties":{"highway":"residential","lanes":"2","maxspeed":"20 mph","name":"22nd Avenue Northwest","sidewalk":"separate","surface":"asphalt","osm_id":158782239},"geometry":{"type":"LineString","coordinates":[[-122.38475202521217,47.672],[-122.3847484,47.6716825],[-122.3847479,47.6716432],[-122.3847481,47.6716069],[-122.384752,47.6710037],[-122.3847502,47.6709601]]}},{"type":"Feature","id":"way/158782243/376","properties":{"alt_name":"Rob Mattson Way","highway":"residential","lanes":"2","lit":"yes","maxspeed":"20 mph","name":"22nd Avenue Northwest","sidewalk":"separate","surface":"concrete","osm_id":158782243},"geometry":{"type":"LineString","coordinates":[[-122.3847371,47.6701817],[-122.3847373,47.670109],[-122.3847385,47.6695439],[-122.3847387,47.6694547]]}},{"type":"Feature","id":"way/158782304/377","properties":{"highway":"residential","lanes":"2","maxspeed":"20 mph","name":"2nd Avenue Northwest","sidewalk:both":"separate","surface":"concrete","osm_id":158782304},"geometry":{"type":"LineString","coordinates":[[-122.3583954,47.6602563],[-122.3583946,47.6602891],[-122.3583674,47.6614159],[-122.3583656,47.6614921]]}},{"type":"Feature","id":"way/158782354/378","properties":{"bicycle":"designated","cycleway":"shared_lane","highway":"residential","lanes":"2","maxspeed":"20 mph","name":"6th Avenue Northwest","sidewalk:both":"separate","osm_id":158782354},"geometry":{"type":"LineString","coordinates":[[-122.3640181,47.6615203],[-122.3640181,47.6615342],[-122.364018,47.6617825],[-122.3640187,47.6618288],[-122.3640225,47.662132],[-122.3640227,47.6621471]]}},{"type":"Feature","id":"way/158782362/379","properties":{"bicycle":"designated","cycleway":"shared_lane","highway":"residential","lanes":"2","maxspeed":"20 mph","name":"6th Avenue Northwest","sidewalk:both":"separate","osm_id":158782362},"geometry":{"type":"LineString","coordinates":[[-122.3640269,47.6622397],[-122.3640265,47.6622513],[-122.3640163,47.6625186],[-122.3640154,47.6625532],[-122.3640122,47.6628567],[-122.3640121,47.6628664]]}},{"type":"Feature","id":"way/158782367/380","properties":{"bicycle":"designated","cycleway":"shared_lane","highway":"residential","lanes":"2","maxspeed":"20 mph","name":"6th Avenue Northwest","sidewalk:both":"separate","osm_id":158782367},"geometry":{"type":"LineString","coordinates":[[-122.3640153,47.6629722],[-122.3640151,47.6629888],[-122.3640124,47.6632554],[-122.3640126,47.663294],[-122.3640132,47.6635842],[-122.3640133,47.6636504],[-122.36401,47.6637228],[-122.363998,47.663987],[-122.3639987,47.6640246],[-122.3639987,47.6640855]]}},{"type":"Feature","id":"way/158782398/381","properties":{"highway":"residential","lanes":"2","maxspeed":"20 mph","name":"9th Avenue Northwest","sidewalk:both":"separate","osm_id":158782398},"geometry":{"type":"LineString","coordinates":[[-122.3686086,47.6702093],[-122.3686085,47.6702439],[-122.3686073,47.6708118],[-122.3686072,47.6708277],[-122.368607,47.6708526]]}},{"type":"Feature","id":"way/158782402/382","properties":{"highway":"residential","lanes":"2","maxspeed":"20 mph","name":"9th Avenue Northwest","sidewalk:both":"separate","surface":"concrete","osm_id":158782402},"geometry":{"type":"LineString","coordinates":[[-122.368608,47.6709338],[-122.3686085,47.670969],[-122.3686086,47.6709789],[-122.3685984,47.6715552],[-122.3685972,47.6716216]]}},{"type":"Feature","id":"way/158782404/383","properties":{"highway":"residential","lanes":"2","maxspeed":"20 mph","name":"9th Avenue Northwest","sidewalk:both":"separate","surface":"asphalt","osm_id":158782404},"geometry":{"type":"LineString","coordinates":[[-122.3686221,47.668662],[-122.3686214,47.6687887],[-122.3686147,47.6690682],[-122.3686179,47.6693601],[-122.3686182,47.6693902]]}},{"type":"Feature","id":"way/158811616/384","properties":{"highway":"residential","lanes":"1","maxspeed":"20 mph","name":"9th Avenue Northwest","oneway":"yes","sidewalk:left":"no","sidewalk:right":"separate","osm_id":158811616},"geometry":{"type":"LineString","coordinates":[[-122.3687292,47.6631078],[-122.3686376,47.6631672],[-122.3686181,47.6631817],[-122.368603,47.6632096],[-122.3686047,47.6633235],[-122.3686057,47.6634353],[-122.3686069,47.6635751],[-122.3686071,47.6635935],[-122.3686077,47.6636632]]}},{"type":"Feature","id":"way/158811617/385","properties":{"highway":"residential","lanes":"2","maxspeed":"20 mph","name":"9th Avenue Northwest","sidewalk:both":"separate","osm_id":158811617},"geometry":{"type":"LineString","coordinates":[[-122.3686077,47.6636632],[-122.3686069,47.6637338],[-122.3686136,47.6643188],[-122.3686135,47.6643925],[-122.3686141,47.6644597],[-122.3686147,47.6647025],[-122.3686153,47.6647137],[-122.368616,47.6649652],[-122.3686162,47.6650224],[-122.3686177,47.6650944],[-122.3686203,47.6653887],[-122.3686225,47.6656223],[-122.3686234,47.6656491]]}},{"type":"Feature","id":"way/159547039/386","properties":{"highway":"secondary","lanes":"3","lanes:backward":"2","lanes:forward":"1","lcn":"yes","maxspeed":"25 mph","name":"Gilman Avenue West","snowplowing":"yes","surface":"asphalt","turn:lanes:backward":"left;through|right","winter_service":"yes","winter_service:priority":"2","osm_id":159547039},"geometry":{"type":"LineString","coordinates":[[-122.3864696,47.6558589],[-122.3865768,47.6559477],[-122.3867485,47.6560886],[-122.3867909,47.6561224],[-122.386894,47.6562045],[-122.386985,47.6562764],[-122.387,47.65628827906372]]}},{"type":"Feature","id":"way/159547072/387","properties":{"highway":"tertiary","lanes":"2","maxspeed":"25 mph","name":"West Dravus Street","parking:lane:both":"no_stopping","osm_id":159547072},"geometry":{"type":"LineString","coordinates":[[-122.3820542,47.6484615],[-122.382184,47.6484615],[-122.3822815,47.6484615]]}},{"type":"Feature","id":"way/159547099/388","properties":{"highway":"residential","lanes":"2","maxspeed":"20 mph","name":"21st Avenue West","sidewalk:both":"separate","surface":"concrete","osm_id":159547099},"geometry":{"type":"LineString","coordinates":[[-122.38333397711193,47.648],[-122.3833332,47.648361],[-122.3833333,47.6484742],[-122.3833353,47.6485727],[-122.3833758,47.6502813],[-122.383377,47.6503308],[-122.3833767,47.6503831],[-122.3833689,47.6518276],[-122.3833681,47.6520011],[-122.3832914,47.6521648]]}},{"type":"Feature","id":"way/159547101/389","properties":{"highway":"residential","lanes":"2","maxspeed":"20 mph","name":"23rd Avenue West","sidewalk:both":"separate","surface":"concrete","osm_id":159547101},"geometry":{"type":"LineString","coordinates":[[-122.3859618820528,47.648],[-122.3859687,47.6483419],[-122.3859712,47.64846],[-122.3859722,47.6485658],[-122.3859924,47.650277],[-122.3859935,47.6503314],[-122.3859928,47.6503753],[-122.3859852,47.6521021],[-122.385985,47.6521495],[-122.3859853,47.6522046],[-122.385991,47.6533928],[-122.3859928,47.6539123],[-122.3859936,47.6539775]]}},{"type":"Feature","id":"way/159553379/390","properties":{"highway":"residential","lanes":"2","maxspeed":"20 mph","name":"West Thurman Street","surface":"asphalt","osm_id":159553379},"geometry":{"type":"LineString","coordinates":[[-122.3864696,47.6558589],[-122.3865673,47.6558184],[-122.3865879,47.6558099],[-122.3867428,47.6558101],[-122.3867934,47.65581],[-122.387,47.655809695536846]]}},{"type":"Feature","id":"way/159934458/391","properties":{"highway":"secondary","lanes":"2","lcn":"yes","maxspeed":"25 mph","name":"Gilman Avenue West","sidewalk:both":"separate","snowplowing":"yes","surface":"asphalt","winter_service":"yes","winter_service:priority":"2","osm_id":159934458},"geometry":{"type":"LineString","coordinates":[[-122.384637,47.653988],[-122.3853139,47.6549],[-122.3853724,47.6549777],[-122.3854379,47.6550529],[-122.3855099,47.6551253],[-122.3855883,47.6551946],[-122.3856191,47.6552167],[-122.3858607,47.6553899],[-122.3862047,47.6556595],[-122.386337,47.6557602],[-122.3864696,47.6558589]]}},{"type":"Feature","id":"way/161332339/392","properties":{"highway":"residential","lanes":"2","maxspeed":"20 mph","noname":"yes","sidewalk:left":"separate","sidewalk:right":"no","osm_id":161332339},"geometry":{"type":"LineString","coordinates":[[-122.359659,47.6676309],[-122.3595782,47.6676256],[-122.3595162,47.6676347],[-122.3594558,47.6676498],[-122.359405,47.6676763],[-122.3593709,47.667707],[-122.3593429,47.6677494]]}},{"type":"Feature","id":"way/163631454/393","properties":{"bicycle":"designated","foot":"designated","highway":"cycleway","incline":"-0.04%","name":"Burke-Gilman Trail","note":"railway=abandone is rail-trail","oneway":"no","railway":"abandoned","segregated":"no","source":"Local Knwoladge","start_date":"1887","surface":"asphalt","osm_id":163631454},"geometry":{"type":"LineString","coordinates":[[-122.3596306,47.6528072],[-122.3594766,47.6527374],[-122.3588694,47.6524358],[-122.3586915,47.6523543],[-122.358539,47.6522935],[-122.3584284,47.652254],[-122.3582064,47.6521945],[-122.3581259,47.6521651],[-122.3580562,47.6521174],[-122.3580205,47.6520851],[-122.3579477,47.6519983],[-122.3579071,47.651958],[-122.3578483,47.6519137],[-122.3576596,47.6518179],[-122.357,47.65150150963172]]}},{"type":"Feature","id":"way/163631494/394","properties":{"dual_carriageway":"yes","highway":"residential","lanes":"1","maxspeed":"20 mph","name":"14th Avenue Northwest","oneway":"yes","sidewalk:left":"no","sidewalk:right":"separate","osm_id":163631494},"geometry":{"type":"LineString","coordinates":[[-122.3736759,47.6621972],[-122.3736772,47.6621064],[-122.37369,47.6616672],[-122.373697,47.6615712],[-122.3736991,47.6615305],[-122.3736997,47.6614971],[-122.3737014,47.6614633],[-122.3737021,47.6614382]]}},{"type":"Feature","id":"way/166895878/395","properties":{"highway":"service","oneway":"yes","service":"parking_aisle","surface":"asphalt","osm_id":166895878},"geometry":{"type":"LineString","coordinates":[[-122.3820458,47.6553666],[-122.3819928,47.6553399],[-122.3819356,47.6553174],[-122.3818751,47.6552995],[-122.3818118,47.6552863],[-122.3817468,47.655278],[-122.3811907,47.6552284],[-122.3811579,47.6552254],[-122.3811208,47.6552283],[-122.3806014,47.6552701],[-122.3805769,47.655279],[-122.3805572,47.6552923],[-122.380544,47.6553089],[-122.3805384,47.6553272],[-122.3805385,47.6554038],[-122.3805505,47.6554274],[-122.3805747,47.6554461],[-122.3806077,47.6554574],[-122.3806445,47.6554594],[-122.3807115,47.65546],[-122.3807646,47.6554335],[-122.3811548,47.6554338],[-122.3817008,47.6554341],[-122.3817387,47.6554353],[-122.3817759,47.6554402],[-122.3818116,47.6554487],[-122.3818451,47.6554608],[-122.381889,47.655488],[-122.3821521,47.6556505],[-122.3822226,47.6556602],[-122.3823101,47.6556678],[-122.3823834,47.6556488],[-122.3823969,47.6556307],[-122.3824088,47.6556146],[-122.3823615,47.655577],[-122.3820458,47.6553666]]}},{"type":"Feature","id":"way/166896574/396","properties":{"bicycle":"yes","highway":"service","lanes":"2","maxspeed":"25 mph","name":"19th Avenue West","oneway":"no","osm_id":166896574},"geometry":{"type":"LineString","coordinates":[[-122.381144,47.6550112],[-122.3811448,47.6550585]]}},{"type":"Feature","id":"way/166896575/397","properties":{"bicycle":"yes","highway":"service","name":"19th Avenue West","oneway":"yes","osm_id":166896575},"geometry":{"type":"LineString","coordinates":[[-122.3812605,47.6544196],[-122.3811497,47.6544415],[-122.3811012,47.6545368],[-122.3810915,47.6546173],[-122.3811038,47.6549493],[-122.381144,47.6550112]]}},{"type":"Feature","id":"way/166896577/398","properties":{"bicycle":"yes","highway":"service","name":"19th Avenue West","oneway":"yes","osm_id":166896577},"geometry":{"type":"LineString","coordinates":[[-122.381144,47.6550112],[-122.3811925,47.6549466],[-122.3811957,47.6547083],[-122.3811895,47.6546195],[-122.3811955,47.6545435],[-122.3812324,47.6544878],[-122.3812653,47.6544616],[-122.3812605,47.6544196]]}},{"type":"Feature","id":"way/169909147/399","properties":{"foot":"no","hgv":"designated","highway":"primary_link","lanes":"1","lit":"yes","maxspeed":"25 mph","oneway":"yes","parking:lane:both":"no_stopping","source:hgv":"https://www.seattle.gov/Documents/Departments/SDOT/Services/Permits/MajorTruckStreets.pdf","surface":"concrete","osm_id":169909147},"geometry":{"type":"LineString","coordinates":[[-122.3756848,47.6543729],[-122.3757158,47.654289],[-122.3757301,47.6542319],[-122.3757391,47.6542018],[-122.3757607,47.6541749],[-122.3757931,47.6541534],[-122.3758333,47.6541391],[-122.375878,47.6541334],[-122.37589,47.6541343],[-122.3759232,47.6541367],[-122.375965,47.6541487],[-122.3759998,47.6541684],[-122.3760246,47.6541941],[-122.3760749,47.6542582]]}},{"type":"Feature","id":"way/170013420/400","properties":{"bridge":"yes","highway":"secondary","lanes":"1","layer":"1","maxspeed":"25 mph","name":"West Emerson Street","oneway":"yes","parking:both":"no","parking:both:restriction":"no_stopping","sidewalk:left":"no","sidewalk:right":"separate","surface":"concrete","osm_id":170013420},"geometry":{"type":"LineString","coordinates":[[-122.3763603,47.6540793],[-122.3763989,47.6540592],[-122.376453,47.6540397],[-122.3765311,47.6540235],[-122.3765964,47.654014],[-122.3766433,47.6540031],[-122.3767181,47.6539855]]}},{"type":"Feature","id":"way/170014241/401","properties":{"highway":"service","service":"parking_aisle","osm_id":170014241},"geometry":{"type":"LineString","coordinates":[[-122.3600023,47.6494317],[-122.3599968,47.6491672],[-122.3599885,47.6487736]]}},{"type":"Feature","id":"way/170014306/402","properties":{"highway":"service","service":"parking_aisle","osm_id":170014306},"geometry":{"type":"LineString","coordinates":[[-122.359732,47.6494331],[-122.3597446,47.6487737]]}},{"type":"Feature","id":"way/172409890/403","properties":{"highway":"residential","lanes":"2","maxspeed":"20 mph","name":"1st Avenue Northwest","sidewalk:both":"separate","osm_id":172409890},"geometry":{"type":"LineString","coordinates":[[-122.3571921,47.6555833],[-122.3571917,47.6556313],[-122.3571858,47.6562887],[-122.3571853,47.6563452]]}},{"type":"Feature","id":"way/198548485/404","properties":{"highway":"service","oneway":"yes","service":"drive-through","surface":"asphalt","osm_id":198548485},"geometry":{"type":"LineString","coordinates":[[-122.3828137,47.6694481],[-122.3828141,47.6695277],[-122.3828153,47.6697371],[-122.382857,47.6697781],[-122.3829804,47.6697857],[-122.3831053,47.6697857],[-122.3832051,47.66978]]}},{"type":"Feature","id":"way/199130201/405","properties":{"highway":"residential","lanes":"2","maxspeed":"20 mph","name":"11th Avenue Northwest","sidewalk:both":"separate","surface":"concrete","osm_id":199130201},"geometry":{"type":"LineString","coordinates":[[-122.3707455,47.6716294],[-122.3707452,47.6717003],[-122.37074375640805,47.672]]}},{"type":"Feature","id":"way/199130522/406","properties":{"access":"yes","foot":"yes","highway":"service","maxspeed":"15 mph","oneway":"no","service":"alley","osm_id":199130522},"geometry":{"type":"LineString","coordinates":[[-122.3729563,47.6686688],[-122.3729566,47.668779],[-122.3729549,47.6693667],[-122.3729547,47.6694427]]}},{"type":"Feature","id":"way/199130523/407","properties":{"access":"destination","foot":"yes","highway":"service","maxspeed":"15 mph","oneway":"no","service":"alley","osm_id":199130523},"geometry":{"type":"LineString","coordinates":[[-122.3729547,47.6694427],[-122.3729546,47.6695208]]}},{"type":"Feature","id":"way/199138638/408","properties":{"highway":"service","service":"parking_aisle","osm_id":199138638},"geometry":{"type":"LineString","coordinates":[[-122.3750703,47.6694445],[-122.3750697,47.6695177],[-122.3750683,47.6696957],[-122.3746403,47.6696963],[-122.3746409,47.6697409],[-122.3746424,47.6698448]]}},{"type":"Feature","id":"way/199138639/409","properties":{"highway":"service","oneway":"no","service":"parking_aisle","surface":"asphalt","osm_id":199138639},"geometry":{"type":"LineString","coordinates":[[-122.3751467,47.6698444],[-122.3758905,47.6698439]]}},{"type":"Feature","id":"way/199138640/410","properties":{"highway":"service","oneway":"yes","service":"parking_aisle","surface":"asphalt","osm_id":199138640},"geometry":{"type":"LineString","coordinates":[[-122.3746424,47.6698448],[-122.3751467,47.6698444]]}},{"type":"Feature","id":"way/199138641/411","properties":{"highway":"service","oneway":"no","service":"parking_aisle","surface":"asphalt","osm_id":199138641},"geometry":{"type":"LineString","coordinates":[[-122.3746424,47.6698448],[-122.3746427,47.6699578],[-122.3746428,47.6700082]]}},{"type":"Feature","id":"way/199138642/412","properties":{"highway":"service","oneway":"no","service":"parking_aisle","osm_id":199138642},"geometry":{"type":"LineString","coordinates":[[-122.3750683,47.6696957],[-122.3751311,47.6696944],[-122.3751465,47.6697342]]}},{"type":"Feature","id":"way/199138643/413","properties":{"highway":"service","oneway":"no","service":"parking_aisle","surface":"asphalt","osm_id":199138643},"geometry":{"type":"LineString","coordinates":[[-122.3746081,47.6701756],[-122.374608,47.6701008],[-122.3746078,47.6700082],[-122.3746428,47.6700082],[-122.3751469,47.6700078],[-122.3751754,47.6700078]]}},{"type":"Feature","id":"way/199414691/414","properties":{"highway":"service","oneway":"no","service":"parking_aisle","osm_id":199414691},"geometry":{"type":"LineString","coordinates":[[-122.3755004,47.6697338],[-122.3754982,47.6695311],[-122.3754983,47.6695183],[-122.3754974,47.669446]]}},{"type":"Feature","id":"way/199417579/415","properties":{"access":"permissive","foot":"yes","highway":"service","horse":"no","service":"parking_aisle","sidewalk:left":"separate","sidewalk:right":"no","surface":"asphalt","osm_id":199417579},"geometry":{"type":"LineString","coordinates":[[-122.3750016,47.6636629],[-122.3750005,47.6635673],[-122.3749987,47.6634015],[-122.3749974,47.6632861],[-122.3749944,47.663017],[-122.3749935,47.6629318]]}},{"type":"Feature","id":"way/209807932/416","properties":{"access":"yes","bicycle":"yes","foot":"yes","highway":"footway","horse":"no","motor_vehicle":"no","sidewalk":"both","surface":"concrete","osm_id":209807932},"geometry":{"type":"LineString","coordinates":[[-122.3855264,47.6702698],[-122.3855056,47.670313],[-122.3854815,47.6703615],[-122.385455,47.670398],[-122.3854187,47.6704437],[-122.3853725,47.6704917],[-122.3853075,47.6705454],[-122.3852631,47.6705833],[-122.3852163,47.6706171],[-122.3850915,47.6706884],[-122.3850142,47.6707227],[-122.3849615,47.6707418],[-122.3849087,47.6707542],[-122.3848675,47.6707576]]}},{"type":"Feature","id":"way/209807933/417","properties":{"access":"yes","bicycle":"yes","foot":"yes","highway":"footway","horse":"no","motor_vehicle":"no","sidewalk":"both","surface":"concrete","osm_id":209807933},"geometry":{"type":"LineString","coordinates":[[-122.3860933,47.6705017],[-122.3860541,47.6705914],[-122.3860352,47.670638],[-122.3860031,47.6707023],[-122.3859696,47.6707513],[-122.3859178,47.6708203]]}},{"type":"Feature","id":"way/209807934/418","properties":{"access":"yes","bicycle":"yes","foot":"yes","highway":"footway","horse":"no","motor_vehicle":"no","sidewalk":"both","surface":"concrete","osm_id":209807934},"geometry":{"type":"LineString","coordinates":[[-122.3848683,47.67049],[-122.3853725,47.6704917],[-122.3854258,47.6705111],[-122.3855237,47.6705545],[-122.3855827,47.6705843],[-122.3856531,47.6706214],[-122.385696,47.6706463],[-122.385736,47.6706731],[-122.3857772,47.6707015],[-122.3858237,47.6707359],[-122.3858712,47.6707774],[-122.3859178,47.6708203],[-122.3859167,47.6708433]]}},{"type":"Feature","id":"way/214022964/419","properties":{"dual_carriageway":"yes","hgv":"designated","highway":"primary","lanes":"3","maxspeed":"30 mph","name":"15th Avenue Northwest","oneway":"yes","parking:both":"no","parking:both:restriction":"no_stopping","sidewalk:left":"no","sidewalk:right":"separate","snowplowing":"yes","source:hgv":"https://www.seattle.gov/Documents/Departments/SDOT/Services/Permits/MajorTruckStreets.pdf","surface":"concrete","winter_service":"yes","winter_service:priority":"1","osm_id":214022964},"geometry":{"type":"LineString","coordinates":[[-122.3761679,47.6654678],[-122.3761661,47.6656329],[-122.3761653,47.6657065],[-122.3761652,47.6657853],[-122.3761625,47.6660368]]}},{"type":"Feature","id":"way/221684312/420","properties":{"highway":"service","maxspeed":"15 mph","service":"alley","surface":"unpaved","osm_id":221684312},"geometry":{"type":"LineString","coordinates":[[-122.3853331,47.6502768],[-122.3853576,47.6499646],[-122.3853674,47.6498453],[-122.3853242,47.6496985],[-122.3853187,47.648952],[-122.3853154,47.6488539],[-122.385308,47.6485675]]}},{"type":"Feature","id":"way/240188496/421","properties":{"bicycle":"designated","cycleway":"shared_lane","foot":"designated","highway":"residential","lanes":"2","maxspeed":"20 mph","motor_vehicle":"destination","name":"17th Avenue Northwest","old_name":"First Avenue West (Ballard)","sidewalk":"separate","smoothness":"intermediate","surface":"concrete","osm_id":240188496},"geometry":{"type":"LineString","coordinates":[[-122.3788921,47.6709496],[-122.3788922,47.6709838],[-122.3788922,47.6709992],[-122.3788928,47.6713401],[-122.3788963,47.6715682],[-122.3788971,47.6716295],[-122.3788969,47.6717101],[-122.37889620072364,47.672]]}},{"type":"Feature","id":"way/240188635/422","properties":{"highway":"residential","lanes":"2","lit":"yes","maxspeed":"20 mph","name":"Northwest 54th Street","sidewalk":"separate","surface":"concrete","osm_id":240188635},"geometry":{"type":"LineString","coordinates":[[-122.3708244,47.6678807],[-122.3708908,47.6678813],[-122.3710347,47.6678798],[-122.3714024,47.6678813],[-122.3717706,47.6678829],[-122.3727862,47.6678872],[-122.372955,47.6678879],[-122.3731126,47.6678886],[-122.3732833,47.6678893],[-122.3734259,47.6678899],[-122.373518,47.6678903],[-122.3736722,47.6678896],[-122.3737826,47.6678902],[-122.3742315,47.6678925],[-122.3742699,47.6678927],[-122.3748249,47.6678956],[-122.3754878,47.6678988],[-122.3755484,47.6678984]]}},{"type":"Feature","id":"way/240188636/423","properties":{"highway":"residential","lanes":"2","maxspeed":"20 mph","name":"11th Avenue Northwest","sidewalk:both":"separate","surface":"concrete","osm_id":240188636},"geometry":{"type":"LineString","coordinates":[[-122.370765,47.6686661],[-122.3707656,47.6687779],[-122.3707682,47.6693649],[-122.3707689,47.6694413],[-122.3707689,47.669518],[-122.3707707,47.6700964],[-122.3707709,47.6701694]]}},{"type":"Feature","id":"way/240189228/424","properties":{"highway":"residential","lanes":"2","maxspeed":"20 mph","name":"Northwest 52nd Street","oneway":"no","sidewalk:both":"separate","osm_id":240189228},"geometry":{"type":"LineString","coordinates":[[-122.368674,47.6664226],[-122.3687351,47.6664225],[-122.3706758,47.6664194],[-122.3707569,47.6664197],[-122.3708917,47.6664204],[-122.3717363,47.6664247],[-122.3722806,47.6664275],[-122.3725276,47.6664288],[-122.3729634,47.666431],[-122.3734286,47.6664334],[-122.373516,47.6664338],[-122.3736685,47.6664322],[-122.3737686,47.6664324],[-122.373784,47.6664324],[-122.3745372,47.6664342],[-122.3753713,47.6664362],[-122.3756515,47.6664369],[-122.3756798,47.666437],[-122.37591,47.6664375],[-122.3759486,47.6664376],[-122.3760631,47.6664376],[-122.3761586,47.6664384]]}},{"type":"Feature","id":"way/240189232/425","properties":{"highway":"residential","lanes":"2","maxspeed":"20 mph","name":"9th Avenue Northwest","sidewalk:both":"separate","osm_id":240189232},"geometry":{"type":"LineString","coordinates":[[-122.3686183,47.6664604],[-122.3686168,47.666492],[-122.3686056,47.6669797],[-122.3686033,47.6670818],[-122.3686028,47.6671569],[-122.3686013,47.6672314],[-122.3686173,47.6678105],[-122.3686171,47.667849]]}},{"type":"Feature","id":"way/240191063/426","properties":{"highway":"residential","lanes":"2","maxspeed":"20 mph","name":"9th Avenue Northwest","sidewalk:both":"separate","surface":"concrete","osm_id":240191063},"geometry":{"type":"LineString","coordinates":[[-122.3686242,47.6657418],[-122.3686242,47.6657754],[-122.3686192,47.6663683],[-122.3686192,47.6663868]]}},{"type":"Feature","id":"way/240191064/427","properties":{"highway":"residential","lanes":"2","maxspeed":"20 mph","name":"Northwest 51st Street","oneway":"no","sidewalk:both":"separate","osm_id":240191064},"geometry":{"type":"LineString","coordinates":[[-122.3686916,47.6656996],[-122.3687367,47.6657006],[-122.370661,47.6657007],[-122.3707605,47.6657012],[-122.3708961,47.6657016],[-122.3713899,47.665703],[-122.3716388,47.6657037],[-122.3721895,47.6657052],[-122.3729383,47.6657073],[-122.3729674,47.6657074],[-122.373429,47.6657087],[-122.3735137,47.6657089],[-122.3735814,47.6657085],[-122.3736658,47.6657086],[-122.3737871,47.6657085],[-122.3743292,47.6657081],[-122.3745223,47.665708],[-122.3747288,47.6657078],[-122.3748717,47.6657077],[-122.3749997,47.6657079],[-122.3755199,47.6657086],[-122.3756817,47.6657092],[-122.3757492,47.6657087],[-122.3759317,47.6657075],[-122.3760624,47.6657065],[-122.3761653,47.6657065]]}},{"type":"Feature","id":"way/241668464/428","properties":{"highway":"service","maxspeed":"25 mph","name":"11th Avenue West","service":"parking_aisle","osm_id":241668464},"geometry":{"type":"LineString","coordinates":[[-122.3715807,47.6536821],[-122.3715507,47.6538281],[-122.3715171,47.6539918],[-122.3714921,47.6541136]]}},{"type":"Feature","id":"way/241671740/429","properties":{"construction":"minor","highway":"service","maxspeed":"15 mph","name":"Irondale Avenue West","service":"alley","surface":"gravel","osm_id":241671740},"geometry":{"type":"LineString","coordinates":[[-122.3655318,47.6504533],[-122.3655324,47.6504244],[-122.3655325,47.6503417],[-122.365533,47.6499165],[-122.3655316,47.6499044],[-122.3655286,47.6498726]]}},{"type":"Feature","id":"way/241673027/430","properties":{"highway":"residential","lanes":"2","maxspeed":"20 mph","name":"2nd Avenue Northwest","sidewalk:both":"separate","surface":"concrete","osm_id":241673027},"geometry":{"type":"LineString","coordinates":[[-122.3590585,47.6541482],[-122.3590582,47.6542227],[-122.359056,47.6547957],[-122.3590558,47.6548604],[-122.359055,47.6549378],[-122.3590491,47.6555102],[-122.3590484,47.6555735],[-122.3590488,47.6556472],[-122.3590523,47.6562867],[-122.3590526,47.6563515],[-122.3590656,47.6564104],[-122.3590786,47.6564697],[-122.3590255,47.6565037],[-122.3589378,47.6565599],[-122.3588042,47.6566189],[-122.3586899,47.6566674],[-122.3586403,47.6567313],[-122.3586087,47.6568115],[-122.3586105,47.6574356],[-122.3585864,47.6574981],[-122.3585373,47.6575579],[-122.3584485,47.6576567],[-122.3584188,47.6577335],[-122.358413,47.6577486],[-122.3584125,47.6577694],[-122.3583878,47.6588894],[-122.3583865,47.6589476],[-122.358387,47.659027],[-122.3583943,47.6601519],[-122.3583945,47.6601815]]}},{"type":"Feature","id":"way/241675814/431","properties":{"cycleway:both":"no","highway":"residential","lanes":"2","lit":"yes","maxspeed":"20 mph","name":"5th Avenue Northwest","sidewalk":"no","surface":"asphalt","osm_id":241675814},"geometry":{"type":"LineString","coordinates":[[-122.3634465,47.6604935],[-122.3634462,47.660544],[-122.3634416,47.66139],[-122.3634412,47.6614617]]}},{"type":"Feature","id":"way/241677917/432","properties":{"highway":"residential","lanes":"2","maxspeed":"20 mph","name":"Palmer Court Northwest","sidewalk":"no","surface":"gravel","osm_id":241677917},"geometry":{"type":"LineString","coordinates":[[-122.358732,47.6666794],[-122.3586774,47.6666447],[-122.3581793,47.666328],[-122.3581374,47.6663019]]}},{"type":"Feature","id":"way/261640925/433","properties":{"highway":"service","railway":"abandoned","surface":"asphalt","osm_id":261640925},"geometry":{"type":"LineString","coordinates":[[-122.3623184,47.6551925],[-122.3622256,47.6550947],[-122.3621309,47.6549948],[-122.3620666,47.6549269],[-122.3614905,47.6543634],[-122.3608791,47.6537603],[-122.3607362,47.6535893],[-122.3605812,47.6535531]]}},{"type":"Feature","id":"way/261640926/434","properties":{"highway":"service","oneway":"yes","service":"parking_aisle","surface":"asphalt","osm_id":261640926},"geometry":{"type":"LineString","coordinates":[[-122.3628873,47.6560562],[-122.3627986,47.6559634],[-122.3627842,47.6559483],[-122.3621339,47.6552683],[-122.3620607,47.6551918]]}},{"type":"Feature","id":"way/261643582/435","properties":{"highway":"service","surface":"concrete","osm_id":261643582},"geometry":{"type":"LineString","coordinates":[[-122.3862542,47.6675261],[-122.3863,47.6675012],[-122.3864489,47.6674201],[-122.3864772,47.6674048]]}},{"type":"Feature","id":"way/261643583/436","properties":{"highway":"service","service":"parking_aisle","osm_id":261643583},"geometry":{"type":"LineString","coordinates":[[-122.3836525,47.6655698],[-122.3837419,47.6655333],[-122.3837794,47.6655169],[-122.3838137,47.6654946],[-122.3839569,47.6654017],[-122.3840839,47.6652619],[-122.3841417,47.6651983],[-122.3842209,47.665105],[-122.3842538,47.6650662],[-122.384471,47.6649011],[-122.3848259,47.664725],[-122.3849076,47.6647171],[-122.384959,47.6647282],[-122.385008,47.6647612],[-122.3853159,47.6649751],[-122.3856225,47.6650265],[-122.3858066,47.6651024],[-122.3869614,47.6659691],[-122.387,47.66599943722536]]}},{"type":"Feature","id":"way/261643586/437","properties":{"highway":"service","surface":"asphalt","osm_id":261643586},"geometry":{"type":"LineString","coordinates":[[-122.3810065,47.6633199],[-122.3810853,47.6632795],[-122.3811064,47.6632687],[-122.3811248,47.6632593],[-122.3811879,47.663227],[-122.3813467,47.6631477],[-122.3814917,47.6630753],[-122.3816798,47.662979]]}},{"type":"Feature","id":"way/261754523/438","properties":{"highway":"service","surface":"asphalt","osm_id":261754523},"geometry":{"type":"LineString","coordinates":[[-122.3730151,47.6684389],[-122.3732766,47.6684403]]}},{"type":"Feature","id":"way/261754524/439","properties":{"highway":"service","surface":"asphalt","osm_id":261754524},"geometry":{"type":"LineString","coordinates":[[-122.3732815,47.668036],[-122.3732803,47.6681367],[-122.3732789,47.6682461],[-122.3732766,47.6684403]]}},{"type":"Feature","id":"way/261754527/440","properties":{"highway":"service","oneway":"yes","service":"drive-through","surface":"asphalt","osm_id":261754527},"geometry":{"type":"LineString","coordinates":[[-122.3732815,47.668036],[-122.3731058,47.668035],[-122.3730695,47.6680437],[-122.3730398,47.6680602],[-122.3730202,47.6680826],[-122.3730132,47.6681081],[-122.3730151,47.6684389]]}},{"type":"Feature","id":"way/261754528/441","properties":{"highway":"service","oneway":"yes","service":"drive-through","surface":"concrete","osm_id":261754528},"geometry":{"type":"LineString","coordinates":[[-122.3769967,47.6677777],[-122.3769386,47.6676975],[-122.3768514,47.667674],[-122.3766421,47.667674],[-122.3765741,47.6676338]]}},{"type":"Feature","id":"way/261754530/442","properties":{"highway":"service","service":"parking_aisle","surface":"asphalt","osm_id":261754530},"geometry":{"type":"LineString","coordinates":[[-122.3769975,47.6676348],[-122.3765741,47.6676338]]}},{"type":"Feature","id":"way/263549159/443","properties":{"bicycle":"designated","cycleway:left":"track","cycleway:left:oneway":"no","cycleway:right":"shared_lane","hgv":"designated","highway":"tertiary","lanes":"2","maxspeed":"25 mph","name":"Shilshole Avenue Northwest","parking:lane:left":"perpendicular","parking:lane:right":"no_parking","sidewalk:left":"separate","sidewalk:right":"no","snowplowing":"no","source:hgv":"https://www.seattle.gov/Documents/Departments/SDOT/Services/Permits/MajorTruckStreets.pdf","surface":"asphalt","winter_service":"no","osm_id":263549159},"geometry":{"type":"LineString","coordinates":[[-122.3789103,47.6624078],[-122.3785,47.6622849],[-122.3782588,47.6622127],[-122.3781573,47.6621923],[-122.3780352,47.6621909],[-122.377849,47.6622018]]}},{"type":"Feature","id":"way/263687623/444","properties":{"bicycle":"designated","highway":"primary_link","lanes":"1","maxspeed":"30 mph","oneway":"yes","surface":"asphalt","osm_id":263687623},"geometry":{"type":"LineString","coordinates":[[-122.3767714,47.6484642],[-122.3767728,47.6483678],[-122.3767755,47.6482459]]}},{"type":"Feature","id":"way/263687624/445","properties":{"bicycle":"designated","cycleway:left":"lane","cycleway:right":"shared_lane","highway":"tertiary","lanes":"3","lanes:backward":"1","lanes:forward":"2","maxspeed":"25 mph","name":"West Dravus Street","parking:lane:left":"no_stopping","parking:lane:right":"parallel","sidewalk:both":"separate","surface":"asphalt","osm_id":263687624},"geometry":{"type":"LineString","coordinates":[[-122.3748968,47.6484698],[-122.3749724,47.6484694],[-122.3755727,47.6484659],[-122.3759768,47.6484636],[-122.3760784,47.648463],[-122.3761496,47.6484626]]}},{"type":"Feature","id":"way/263687626/446","properties":{"cycleway:right":"no","highway":"primary_link","lanes":"1","maxspeed":"30 mph","oneway":"yes","parking:lane:left":"no_stopping","parking:lane:right":"parallel","sidewalk":"right","surface":"asphalt","osm_id":263687626},"geometry":{"type":"LineString","coordinates":[[-122.3761496,47.6484626],[-122.3761491,47.6485514],[-122.3761501,47.649112],[-122.3761502,47.6493073],[-122.3761435,47.6498349],[-122.3761453,47.6501797],[-122.3761579,47.6503321]]}},{"type":"Feature","id":"way/285293313/447","properties":{"highway":"service","surface":"gravel","osm_id":285293313},"geometry":{"type":"LineString","coordinates":[[-122.3796699,47.6626451],[-122.3797328,47.6625964],[-122.3797625,47.6625783],[-122.3797762,47.6625699],[-122.3798395,47.6625327]]}},{"type":"Feature","id":"way/285293314/448","properties":{"highway":"service","osm_id":285293314},"geometry":{"type":"LineString","coordinates":[[-122.3802949,47.6628857],[-122.3803519,47.6628361],[-122.3803716,47.6628197],[-122.3803957,47.6627955],[-122.3804283,47.662764],[-122.3805149,47.6626537],[-122.3809739,47.6623112]]}},{"type":"Feature","id":"way/285293315/449","properties":{"highway":"service","surface":"concrete","osm_id":285293315},"geometry":{"type":"LineString","coordinates":[[-122.383041,47.6650515],[-122.3831271,47.6650092],[-122.3831578,47.6649956],[-122.3832011,47.6649727],[-122.3832277,47.6649528],[-122.3835718,47.6647677]]}},{"type":"Feature","id":"way/285293316/450","properties":{"highway":"service","surface":"asphalt","osm_id":285293316},"geometry":{"type":"LineString","coordinates":[[-122.3835034,47.6654434],[-122.3835836,47.6653978],[-122.3836195,47.6653814],[-122.3836661,47.6653689],[-122.3837281,47.6653515],[-122.383839,47.665282],[-122.3838883,47.6652011],[-122.3838852,47.6651305]]}},{"type":"Feature","id":"way/285293326/451","properties":{"highway":"service","surface":"asphalt","osm_id":285293326},"geometry":{"type":"LineString","coordinates":[[-122.368597,47.659529],[-122.3685681,47.6595831],[-122.3685714,47.6596332],[-122.3685779,47.659654]]}},{"type":"Feature","id":"way/292096847/452","properties":{"highway":"residential","lanes":"2","maxspeed":"20 mph","name":"11th Avenue West","osm_id":292096847},"geometry":{"type":"LineString","coordinates":[[-122.3715562,47.6503913],[-122.3715564,47.6504243],[-122.3715581,47.6505582],[-122.3715785,47.6521644],[-122.3715791,47.6522057],[-122.3715789,47.6522254],[-122.3715786,47.6522669],[-122.3715768,47.6526573],[-122.371576,47.65271],[-122.3715938,47.6535031],[-122.3715954,47.653557]]}},{"type":"Feature","id":"way/292096848/453","properties":{"highway":"residential","incline":"up","lanes":"2","maxspeed":"20 mph","name":"West Bertona Street","sidewalk:both":"separate","osm_id":292096848},"geometry":{"type":"LineString","coordinates":[[-122.3715562,47.6503913],[-122.371626,47.6503907],[-122.3721845,47.6503859],[-122.3722169,47.6503856],[-122.3723061,47.6503707],[-122.372402,47.6503546],[-122.3724215,47.6503514],[-122.3729263,47.6503484],[-122.3735058,47.6503487],[-122.373552,47.6503487]]}},{"type":"Feature","id":"way/292929724/454","properties":{"dual_carriageway":"yes","expressway":"yes","foot":"use_sidepath","hgv":"designated","highway":"primary","lanes":"3","maxspeed":"30 mph","name":"15th Avenue West","oneway":"yes","sidewalk":"no","source:hgv":"https://www.seattle.gov/Documents/Departments/SDOT/Services/Permits/MajorTruckStreets.pdf","osm_id":292929724},"geometry":{"type":"LineString","coordinates":[[-122.3764467,47.6503353],[-122.3764722,47.650024],[-122.3765157,47.6495647],[-122.3765151,47.6492422]]}},{"type":"Feature","id":"way/292929725/455","properties":{"highway":"primary_link","lanes":"1","maxspeed":"30 mph","oneway":"yes","surface":"asphalt","osm_id":292929725},"geometry":{"type":"LineString","coordinates":[[-122.3761579,47.6503321],[-122.376179,47.6505771],[-122.3762056,47.6508092]]}},{"type":"Feature","id":"way/292929996/456","properties":{"highway":"residential","lanes":"2","maxspeed":"20 mph","name":"West Ruffner Street","osm_id":292929996},"geometry":{"type":"LineString","coordinates":[[-122.3778961,47.6518706],[-122.3775257,47.6518762]]}},{"type":"Feature","id":"way/293814227/457","properties":{"highway":"residential","lanes":"2","maxspeed":"20 mph","name":"6th Avenue West","osm_id":293814227},"geometry":{"type":"LineString","coordinates":[[-122.3639801,47.652619],[-122.3639582,47.6526613],[-122.3639337,47.6527071]]}},{"type":"Feature","id":"way/295034142/458","properties":{"highway":"service","maxspeed":"15 mph","oneway":"yes","service":"alley","osm_id":295034142},"geometry":{"type":"LineString","coordinates":[[-122.378142,47.6481302],[-122.3781447,47.6483564],[-122.3781463,47.6484663]]}},{"type":"Feature","id":"way/295570599/459","properties":{"highway":"residential","lanes":"1","maxspeed":"20 mph","name":"Northwest 48th Street","oneway":"yes","parking:left":"no","parking:right":"lane","parking:right:orientation":"parallel","sidewalk:left":"no","sidewalk:right":"separate","surface":"concrete","osm_id":295570599},"geometry":{"type":"LineString","coordinates":[[-122.3788902,47.6636239],[-122.378353,47.6636192],[-122.3782539,47.6636183],[-122.3780495,47.6636746]]}},{"type":"Feature","id":"way/296527628/460","properties":{"highway":"residential","lanes":"1","lcn":"yes","maxspeed":"25 mph","name":"3rd Avenue West","oneway":"yes","osm_id":296527628},"geometry":{"type":"LineString","coordinates":[[-122.3606975063933,47.648],[-122.360697,47.6482297],[-122.3607152,47.648667]]}},{"type":"Feature","id":"way/300419621/461","properties":{"cutting":"yes","dual_carriageway":"yes","expressway":"yes","foot":"use_sidepath","hgv":"designated","highway":"primary","lanes":"3","maxspeed":"30 mph","name":"15th Avenue West","oneway":"yes","sidewalk":"no","source:hgv":"https://www.seattle.gov/Documents/Departments/SDOT/Services/Permits/MajorTruckStreets.pdf","surface":"asphalt","osm_id":300419621},"geometry":{"type":"LineString","coordinates":[[-122.3763322,47.6485932],[-122.376337,47.6492494]]}},{"type":"Feature","id":"way/300419622/462","properties":{"cutting":"yes","dual_carriageway":"yes","expressway":"yes","hgv":"designated","highway":"primary","lanes":"3","maxheight:physical":"14'6\"","maxspeed":"30 mph","name":"15th Avenue West","oneway":"yes","sidewalk":"no","source:hgv":"https://www.seattle.gov/Documents/Departments/SDOT/Services/Permits/MajorTruckStreets.pdf","osm_id":300419622},"geometry":{"type":"LineString","coordinates":[[-122.3765119,47.6485989],[-122.3765119,47.6483321]]}},{"type":"Feature","id":"way/300419623/463","properties":{"cutting":"yes","dual_carriageway":"yes","expressway":"yes","hgv":"designated","highway":"primary","lanes":"3","maxheight:physical":"14'6\"","maxspeed":"30 mph","name":"15th Avenue West","oneway":"yes","sidewalk":"no","source:hgv":"https://www.seattle.gov/Documents/Departments/SDOT/Services/Permits/MajorTruckStreets.pdf","osm_id":300419623},"geometry":{"type":"LineString","coordinates":[[-122.3763265,47.6483378],[-122.3763322,47.6485932]]}},{"type":"Feature","id":"way/300419624/464","properties":{"cutting":"yes","dual_carriageway":"yes","expressway":"yes","foot":"use_sidepath","hgv":"designated","highway":"primary","lanes":"3","maxspeed":"30 mph","name":"15th Avenue West","oneway":"yes","sidewalk":"no","source:hgv":"https://www.seattle.gov/Documents/Departments/SDOT/Services/Permits/MajorTruckStreets.pdf","surface":"asphalt","osm_id":300419624},"geometry":{"type":"LineString","coordinates":[[-122.3765119,47.6483321],[-122.3765092,47.64821],[-122.3765080030399,47.648]]}},{"type":"Feature","id":"way/301180696/465","properties":{"bicycle":"yes","highway":"service","maxspeed":"15 mph","name":"Silky's Alley","service":"alley","osm_id":301180696},"geometry":{"type":"LineString","coordinates":[[-122.380067,47.6546867],[-122.3797543,47.6546873],[-122.3793923,47.6546881],[-122.3790142,47.6546889],[-122.378593,47.6546897],[-122.3782133,47.6546877]]}},{"type":"Feature","id":"way/305194525/466","properties":{"hgv":"designated","highway":"secondary","lanes":"5","lanes:backward":"2","lanes:both_ways":"1","lanes:forward":"2","maxspeed":"25 mph","name":"Leary Way Northwest","sidewalk:both":"separate","snowplowing":"yes","source:hgv":"https://www.seattle.gov/Documents/Departments/SDOT/Services/Permits/MajorTruckStreets.pdf","turn:lanes:both_ways":"left","winter_service":"yes","winter_service:priority":"2","osm_id":305194525},"geometry":{"type":"LineString","coordinates":[[-122.3685694,47.6629259],[-122.3687292,47.6631078],[-122.3688394,47.6631952],[-122.3689181,47.6632605],[-122.3689871,47.6633099],[-122.3690995,47.6633846],[-122.3691978,47.6634357]]}},{"type":"Feature","id":"way/305197030/467","properties":{"bicycle":"designated","check_date:surface":"2024-06-06","cycleway:surface":"asphalt","foot":"designated","footway:surface":"asphalt","highway":"cycleway","name":"Burke-Gilman Trail","oneway":"no","railtrail":"yes","segregated":"no","source":"Local Knwoladge","surface":"asphalt","osm_id":305197030},"geometry":{"type":"LineString","coordinates":[[-122.3685674,47.6612948],[-122.3684555,47.6612579],[-122.3683654,47.6612223],[-122.3682426,47.6611627],[-122.3681465,47.6611075],[-122.3680404,47.661032],[-122.3679523,47.6609607],[-122.3664895,47.659448],[-122.3663916,47.6593483]]}},{"type":"Feature","id":"way/305201470/468","properties":{"bicycle":"designated","highway":"service","maxheight:signed":"no","maxspeed":"15 mph","motor_vehicle":"no","name":"15th Avenue Northwest","service":"alley","surface":"asphalt","osm_id":305201470},"geometry":{"type":"LineString","coordinates":[[-122.37639,47.6622056],[-122.3763897,47.6621471],[-122.3763897,47.66214],[-122.3763896,47.6621166],[-122.3763878,47.6616636],[-122.376387,47.6616368],[-122.3763869,47.6615682]]}},{"type":"Feature","id":"way/305201471/469","properties":{"foot":"yes","highway":"service","maxspeed":"15 mph","name":"15th Avenue Northwest","service":"alley","surface":"gravel","osm_id":305201471},"geometry":{"type":"LineString","coordinates":[[-122.3760326,47.6614965],[-122.3760351,47.6615617],[-122.3760375,47.6616219],[-122.376035,47.6616532],[-122.3759965,47.6621393],[-122.3759913,47.6622054]]}},{"type":"Feature","id":"way/306057491/470","properties":{"highway":"service","service":"parking_aisle","surface":"concrete","osm_id":306057491},"geometry":{"type":"LineString","coordinates":[[-122.3841109,47.6694527],[-122.3841097,47.6695354],[-122.3841067,47.6697267]]}},{"type":"Feature","id":"way/309141833/471","properties":{"highway":"service","name":"West Emerson Street","service":"alley","osm_id":309141833},"geometry":{"type":"LineString","coordinates":[[-122.3729173,47.6539291],[-122.3727891,47.6539482],[-122.3725751,47.6539651],[-122.3723885,47.6539764],[-122.3723002,47.6539817]]}},{"type":"Feature","id":"way/311200934/472","properties":{"highway":"service","service":"alley","osm_id":311200934},"geometry":{"type":"LineString","coordinates":[[-122.3847105,47.6562669],[-122.3851649,47.6562632],[-122.3852561,47.6562776],[-122.3852964,47.6563372],[-122.385291,47.6576426],[-122.3852984,47.6583309],[-122.3853071,47.6589496]]}},{"type":"Feature","id":"way/311200935/473","properties":{"highway":"service","service":"alley","osm_id":311200935},"geometry":{"type":"LineString","coordinates":[[-122.3840432,47.6563066],[-122.3840448,47.6566032],[-122.3840465,47.6576486],[-122.3840403,47.6594892],[-122.3840403,47.6595743]]}},{"type":"Feature","id":"way/314354422/474","properties":{"highway":"service","oneway":"no","service":"parking_aisle","surface":"asphalt","osm_id":314354422},"geometry":{"type":"LineString","coordinates":[[-122.3830983,47.6693473],[-122.3830977,47.6691785],[-122.3830976,47.6691428]]}},{"type":"Feature","id":"way/314354423/475","properties":{"highway":"service","maxheight":"10'6\"","oneway":"yes","service":"drive-through","surface":"asphalt","osm_id":314354423},"geometry":{"type":"LineString","coordinates":[[-122.3830977,47.6691785],[-122.3832099,47.669179],[-122.3832446,47.6691804],[-122.3832705,47.66919],[-122.3832901,47.6692038],[-122.3833001,47.6692162],[-122.3833062,47.6692319],[-122.3833079,47.6692612],[-122.3833104,47.6693551],[-122.3833358,47.6693751],[-122.3833365,47.6694499]]}},{"type":"Feature","id":"way/314354424/476","properties":{"highway":"service","maxheight":"10'6\"","oneway":"yes","service":"drive-through","surface":"asphalt","osm_id":314354424},"geometry":{"type":"LineString","coordinates":[[-122.3830976,47.6691428],[-122.3832097,47.6691417],[-122.3832446,47.6691483],[-122.3832862,47.6691597],[-122.3833079,47.6691717],[-122.3833254,47.6691856],[-122.3833415,47.6692054],[-122.3833515,47.6692323],[-122.3833532,47.6692549],[-122.3833583,47.6693554],[-122.3833358,47.6693751]]}},{"type":"Feature","id":"way/314354425/477","properties":{"highway":"service","oneway":"yes","surface":"asphalt","osm_id":314354425},"geometry":{"type":"LineString","coordinates":[[-122.3821594,47.669309],[-122.3822587,47.6693098],[-122.3822898,47.6693101]]}},{"type":"Feature","id":"way/314354426/478","properties":{"highway":"service","oneway":"yes","service":"parking_aisle","surface":"asphalt","osm_id":314354426},"geometry":{"type":"LineString","coordinates":[[-122.3822896,47.6691817],[-122.3829033,47.6691862],[-122.382928,47.6692162],[-122.3829287,47.6693154]]}},{"type":"Feature","id":"way/315997371/479","properties":{"highway":"residential","lanes":"2","maxspeed":"20 mph","name":"Northwest 40th Street","old_name":"Ross Place","sidewalk":"no","osm_id":315997371},"geometry":{"type":"LineString","coordinates":[[-122.363041,47.6560561],[-122.3631221,47.6560559],[-122.3635867,47.6560546],[-122.3641831,47.6560508],[-122.3643935,47.6560495]]}},{"type":"Feature","id":"way/318770303/480","properties":{"bicycle":"designated","foot":"designated","highway":"cycleway","lcn_ref":"SCT","name":"Ship Canal Trail","railway":"abandoned","segregated":"no","surface":"asphalt","width":"4","osm_id":318770303},"geometry":{"type":"LineString","coordinates":[[-122.3734646,47.6560844],[-122.3734183,47.6560886],[-122.373295,47.6560915],[-122.3730014,47.6560784],[-122.3728271,47.6560622],[-122.3726473,47.6560415],[-122.3724688,47.656016],[-122.372277,47.6559802],[-122.3721057,47.6559426],[-122.3719579,47.6559039],[-122.371739,47.6558258],[-122.3716155,47.6557692],[-122.3711888,47.6555798]]}},{"type":"Feature","id":"way/325150521/481","properties":{"cycleway:both":"no","highway":"residential","lanes":"1","lit":"no","maxspeed":"20 mph","name":"Northwest 48th Street","oneway":"yes","sidewalk:both":"separate","surface":"concrete","osm_id":325150521},"geometry":{"type":"LineString","coordinates":[[-122.3640133,47.6636504],[-122.3641169,47.6636505],[-122.3641327,47.6636505],[-122.3659463,47.6636515]]}},{"type":"Feature","id":"way/328327263/482","properties":{"cycleway:both":"separate","highway":"residential","lanes":"1","lit":"yes","maxspeed":"20 mph","name":"Shilshole Avenue Northwest","oneway":"yes","parking:lane:left":"marked","parking:right":"no","parking:right:restriction":"no_parking","sidewalk":"no","surface":"asphalt","osm_id":328327263},"geometry":{"type":"LineString","coordinates":[[-122.377849,47.6622018],[-122.3777907,47.6621555],[-122.3777767,47.6621309],[-122.3777533,47.6620916],[-122.3777078,47.6620468],[-122.3776482,47.6620106],[-122.3773297,47.6619114],[-122.376712,47.6617191],[-122.3765855,47.6616745],[-122.3764841,47.6616108],[-122.3764161,47.6615801],[-122.3763869,47.6615682],[-122.376319,47.6615406],[-122.3761881,47.6615116],[-122.3760326,47.6614965],[-122.3760205,47.6614952],[-122.3757845,47.6614711]]}},{"type":"Feature","id":"way/328327264/483","properties":{"hgv":"designated","highway":"secondary","lanes":"5","lanes:backward":"2","lanes:both_ways":"1","lanes:forward":"2","maxspeed":"25 mph","name":"Leary Way Northwest","sidewalk":"separate","snowplowing":"yes","source:hgv":"https://www.seattle.gov/Documents/Departments/SDOT/Services/Permits/MajorTruckStreets.pdf","surface":"asphalt","turn:lanes:both_ways":"left","winter_service":"yes","winter_service:priority":"2","osm_id":328327264},"geometry":{"type":"LineString","coordinates":[[-122.3680918,47.6624269],[-122.3681798,47.6625197],[-122.3684124,47.6627651],[-122.3684724,47.6628266],[-122.3685694,47.6629259]]}},{"type":"Feature","id":"way/328327265/484","properties":{"hgv":"designated","highway":"tertiary","lanes":"3","lanes:backward":"2","lanes:forward":"1","maxspeed":"25 mph","name":"Northwest 46th Street","sidewalk":"separate","snowplowing":"no","source:hgv":"https://www.seattle.gov/Documents/Departments/SDOT/Services/Permits/MajorTruckStreets.pdf","surface":"asphalt","winter_service":"no","osm_id":328327265},"geometry":{"type":"LineString","coordinates":[[-122.3678725,47.6621955],[-122.3680885,47.6621953],[-122.3683915,47.6621949],[-122.3685692,47.6621947],[-122.3686246,47.6621947]]}},{"type":"Feature","id":"way/328327266/485","properties":{"bicycle":"designated","foot":"yes","highway":"cycleway","railtrail":"yes","segregated":"no","smoothness":"good","surface":"asphalt","osm_id":328327266},"geometry":{"type":"LineString","coordinates":[[-122.3776454,47.6621516],[-122.3776446,47.6621264],[-122.3776368,47.6620932],[-122.3776191,47.662062],[-122.3775952,47.6620368],[-122.3775484,47.6620142],[-122.3767414,47.6617553],[-122.376635,47.6617277],[-122.3764375,47.6616779],[-122.3763878,47.6616636],[-122.3760351,47.6615617],[-122.3760182,47.661558],[-122.3759304,47.6615389],[-122.3759007,47.6615338],[-122.3758507,47.6615251],[-122.3756304,47.661496],[-122.3753824,47.6614742],[-122.3752037,47.6614639],[-122.3750558,47.6614597],[-122.3749971,47.6614599],[-122.3737954,47.6614631],[-122.3737014,47.6614633],[-122.3735125,47.6614637],[-122.3726228,47.6614634],[-122.3720954,47.6614632],[-122.370928,47.6614644],[-122.3707463,47.6614493],[-122.3706653,47.6614139]]}},{"type":"Feature","id":"way/330097577/486","properties":{"highway":"residential","lanes":"1","maxspeed":"25 mph","name":"West Bertona Street","oneway":"yes","osm_id":330097577},"geometry":{"type":"LineString","coordinates":[[-122.3596644,47.650413],[-122.3596495,47.6504209],[-122.3595946,47.650451],[-122.3595377,47.6505334]]}},{"type":"Feature","id":"way/330595940/487","properties":{"highway":"service","surface":"asphalt","osm_id":330595940},"geometry":{"type":"LineString","coordinates":[[-122.368772,47.6597773],[-122.3687905,47.6597771],[-122.3688517,47.6597572]]}},{"type":"Feature","id":"way/330595941/488","properties":{"covered":"yes","highway":"service","maxheight:signed":"no","surface":"asphalt","osm_id":330595941},"geometry":{"type":"LineString","coordinates":[[-122.3685779,47.659654],[-122.3685995,47.6596867],[-122.3686657,47.6597491],[-122.3686915,47.6597652],[-122.36872,47.6597751],[-122.368772,47.6597773]]}},{"type":"Feature","id":"way/331901421/489","properties":{"bicycle":"designated","bridge":"yes","cycleway":"shared_lane","highway":"secondary","lanes":"2","lanes:backward":"1","lanes:forward":"1","layer":"1","lcn":"yes","maxspeed":"25 mph","name":"West Emerson Street","parking:lane:both":"no_stopping","surface":"asphalt","osm_id":331901421},"geometry":{"type":"LineString","coordinates":[[-122.3772434,47.6539872],[-122.3773792,47.6539897],[-122.3775333,47.6539928]]}},{"type":"Feature","id":"way/331901422/490","properties":{"highway":"secondary","lanes":"1","lcn":"yes","maxspeed":"25 mph","name":"West Emerson Street","oneway":"yes","parking:lane:both":"no_stopping","surface":"concrete","osm_id":331901422},"geometry":{"type":"LineString","coordinates":[[-122.3763625,47.6538679],[-122.3763428,47.6538411],[-122.3763266,47.6538044],[-122.3763127,47.6537584],[-122.3762558,47.6535067]]}},{"type":"Feature","id":"way/331901423/491","properties":{"bicycle":"yes","cycleway":"no","hgv":"designated","highway":"primary","lanes":"4","lcn":"yes","maxspeed":"25 mph","name":"West Nickerson Street","oneway":"no","parking:lane:both":"no_stopping","source:hgv":"https://www.seattle.gov/Documents/Departments/SDOT/Services/Permits/MajorTruckStreets.pdf","surface":"concrete","osm_id":331901423},"geometry":{"type":"LineString","coordinates":[[-122.3756075,47.6546588],[-122.3755664,47.6547351]]}},{"type":"Feature","id":"way/331901426/492","properties":{"bicycle":"designated","cycleway":"shared_lane","hgv":"designated","highway":"primary","lanes":"3","lanes:backward":"1","lanes:forward":"2","lcn":"yes","lit":"yes","maxspeed":"25 mph","name":"West Nickerson Street","source:hgv":"https://www.seattle.gov/Documents/Departments/SDOT/Services/Permits/MajorTruckStreets.pdf","surface":"asphalt","osm_id":331901426},"geometry":{"type":"LineString","coordinates":[[-122.3728819,47.6554381],[-122.3729507,47.655452],[-122.3730349,47.6554618],[-122.3731364,47.6554735]]}},{"type":"Feature","id":"way/331901428/493","properties":{"bicycle":"yes","cycleway":"no","highway":"primary_link","lanes":"2","lcn":"yes","maxspeed":"25 mph","oneway":"no","parking:lane:both":"no_stopping","surface":"concrete","osm_id":331901428},"geometry":{"type":"LineString","coordinates":[[-122.3752189,47.6534824],[-122.3752149,47.6534574],[-122.3752144,47.6534322],[-122.3752162,47.6534071],[-122.3752203,47.6533821],[-122.3752268,47.6533573],[-122.3752356,47.6533328],[-122.3752466,47.6533088],[-122.37526,47.6532852],[-122.3752755,47.6532623],[-122.3752931,47.6532401],[-122.3753127,47.6532187],[-122.3753344,47.6531982],[-122.3753579,47.6531786],[-122.3753832,47.6531601],[-122.3754102,47.6531427],[-122.3754388,47.6531264],[-122.3754688,47.6531115]]}},{"type":"Feature","id":"way/331901430/494","properties":{"bicycle":"yes","bridge":"yes","cycleway":"no","highway":"primary_link","lanes":"2","layer":"1","lcn":"yes","maxspeed":"25 mph","oneway":"no","parking:lane:both":"no_stopping","surface":"asphalt","osm_id":331901430},"geometry":{"type":"LineString","coordinates":[[-122.3772392,47.6534597],[-122.377245,47.6538177],[-122.3772456,47.6539175],[-122.3772434,47.6539872]]}},{"type":"Feature","id":"way/332301667/495","properties":{"highway":"residential","lanes":"2","lit":"yes","maxspeed":"20 mph","name":"17th Avenue Northwest","old_name":"First Avenue West (Ballard)","sidewalk:both":"separate","surface":"asphalt","osm_id":332301667},"geometry":{"type":"LineString","coordinates":[[-122.3788829,47.664296],[-122.3788825,47.6643257],[-122.3788816,47.6643995],[-122.3788819,47.664503],[-122.3788825,47.6647129],[-122.3788833,47.6649861],[-122.3788833,47.6649862],[-122.3788836,47.6650784]]}},{"type":"Feature","id":"way/332301668/496","properties":{"highway":"residential","maxspeed":"20 mph","name":"17th Avenue Northwest","old_name":"First Avenue West (Ballard)","oneway":"yes","parking:lane:left":"no_stopping","parking:lane:right":"parallel","sidewalk:left":"no","sidewalk:right":"separate","surface":"asphalt","osm_id":332301668},"geometry":{"type":"LineString","coordinates":[[-122.3788844,47.6639532],[-122.3788833,47.6641965],[-122.3788829,47.664296]]}},{"type":"Feature","id":"way/332301670/497","properties":{"highway":"residential","maxspeed":"20 mph","name":"17th Avenue Northwest","old_name":"First Avenue West (Ballard)","oneway":"yes","parking:lane:both":"no_stopping","sidewalk:left":"no","sidewalk:right":"separate","surface":"asphalt","osm_id":332301670},"geometry":{"type":"LineString","coordinates":[[-122.3788829,47.664296],[-122.3789577,47.6642168],[-122.3789715,47.6642076],[-122.3790107,47.6641811],[-122.3791134,47.6641253]]}},{"type":"Feature","id":"way/332301675/498","properties":{"bicycle":"designated","cycleway":"shared_lane","highway":"residential","lanes":"2","lit":"yes","maxspeed":"20 mph","name":"17th Avenue Northwest","old_name":"First Avenue West (Ballard)","sidewalk":"separate","smoothness":"intermediate","surface":"asphalt","osm_id":332301675},"geometry":{"type":"LineString","coordinates":[[-122.3788829,47.6686674],[-122.3788847,47.6687921],[-122.3788862,47.6688611],[-122.3788865,47.6690901],[-122.378887,47.6691348],[-122.378886,47.6693702],[-122.3788874,47.6694372],[-122.3788883,47.6695304],[-122.3788911,47.6698913],[-122.3788936,47.6701204],[-122.3788943,47.6701709]]}},{"type":"Feature","id":"way/332301679/499","properties":{"highway":"residential","lanes":"2","maxspeed":"20 mph","name":"22nd Avenue Northwest","sidewalk":"separate","surface":"asphalt","osm_id":332301679},"geometry":{"type":"LineString","coordinates":[[-122.384739,47.6686658],[-122.3847415,47.668563],[-122.3847584,47.6678436],[-122.3847586,47.6678341],[-122.3847621,47.6676893],[-122.3847644,47.6675401],[-122.3847716,47.6670835],[-122.3847776,47.6667058],[-122.384798,47.6666392],[-122.384826,47.6665535]]}},{"type":"Feature","id":"way/332301682/500","properties":{"highway":"secondary","lanes":"4","maxspeed":"25 mph","name":"Northwest Leary Way","oneway":"no","parking:left":"no","parking:right":"lane","parking:right:orientation":"parallel","sidewalk:left":"no","sidewalk:right":"separate","surface":"concrete","osm_id":332301682},"geometry":{"type":"LineString","coordinates":[[-122.3780495,47.6636746],[-122.3782046,47.663692],[-122.3783689,47.6637304],[-122.3786429,47.6638269],[-122.3787472,47.6638815],[-122.3788844,47.6639532]]}},{"type":"Feature","id":"way/332301689/501","properties":{"cycleway:both":"no","highway":"secondary","lanes":"4","maxspeed":"25 mph","name":"Northwest Market Street","old_name":"Broadway (Ballard)","sidewalk":"separate","snowplowing":"yes","surface":"asphalt","trolley_wire":"yes","winter_service":"yes","winter_service:priority":"2","osm_id":332301689},"geometry":{"type":"LineString","coordinates":[[-122.3827578,47.6686664],[-122.3831247,47.6686648]]}},{"type":"Feature","id":"way/332301693/502","properties":{"cycleway:both":"no","highway":"secondary","lanes":"4","maxspeed":"25 mph","name":"Northwest Market Street","old_name":"Broadway (Ballard)","sidewalk":"separate","snowplowing":"yes","surface":"asphalt","trolley_wire":"yes","winter_service":"yes","winter_service:priority":"2","osm_id":332301693},"geometry":{"type":"LineString","coordinates":[[-122.384439,47.6686659],[-122.3845839,47.6686659],[-122.384739,47.6686658]]}},{"type":"Feature","id":"way/332301697/503","properties":{"highway":"secondary","lanes":"4","lit":"yes","maxspeed":"25 mph","name":"Northwest Market Street","old_name":"Broadway (Ballard)","sidewalk":"separate","snowplowing":"yes","surface":"asphalt","trolley_wire":"yes","winter_service":"yes","winter_service:priority":"2","osm_id":332301697},"geometry":{"type":"LineString","coordinates":[[-122.384739,47.6686658],[-122.3849139,47.6686668],[-122.385561,47.6686708],[-122.3859977,47.6686735],[-122.3860911,47.668674]]}},{"type":"Feature","id":"way/332301699/504","properties":{"cycleway:both":"no","highway":"secondary","lanes":"4","maxspeed":"25 mph","name":"Northwest Market Street","old_name":"Broadway (Ballard)","sidewalk":"separate","snowplowing":"yes","surface":"asphalt","trolley_wire":"yes","winter_service":"yes","winter_service:priority":"2","osm_id":332301699},"geometry":{"type":"LineString","coordinates":[[-122.3831247,47.6686648],[-122.3832203,47.6686649],[-122.3842805,47.6686658],[-122.384439,47.6686659]]}},{"type":"Feature","id":"way/332301700/505","properties":{"highway":"residential","lane_markings":"no","lit":"yes","maxspeed":"20 mph","name":"Russell Avenue Northwest","oneway":"yes","sidewalk:both":"yes","surface":"asphalt","osm_id":332301700},"geometry":{"type":"LineString","coordinates":[[-122.3831247,47.6686648],[-122.3829954,47.6685593],[-122.3829068,47.6684871]]}},{"type":"Feature","id":"way/332301701/506","properties":{"highway":"residential","lanes":"1","lit":"yes","maxspeed":"20 mph","name":"Russell Avenue Northwest","oneway":"yes","sidewalk:left":"yes","sidewalk:right":"separate","surface":"asphalt","osm_id":332301701},"geometry":{"type":"LineString","coordinates":[[-122.3829068,47.6684871],[-122.3828983,47.6685505],[-122.3828974,47.6685574],[-122.3828736,47.6685991],[-122.3828251,47.6686386],[-122.3827578,47.6686664]]}},{"type":"Feature","id":"way/332301702/507","properties":{"highway":"service","service":"drive-through","tunnel":"building_passage","osm_id":332301702},"geometry":{"type":"LineString","coordinates":[[-122.3758346,47.668351],[-122.3758347,47.6684125]]}},{"type":"Feature","id":"way/332301703/508","properties":{"highway":"service","service":"drive-through","surface":"asphalt","osm_id":332301703},"geometry":{"type":"LineString","coordinates":[[-122.3758347,47.6684125],[-122.3758347,47.6684259],[-122.3758347,47.6684419],[-122.3757703,47.6684708],[-122.3756639,47.6684706],[-122.3755394,47.6684703],[-122.3755112,47.6684627],[-122.3753868,47.6684293],[-122.3748716,47.6684312]]}},{"type":"Feature","id":"way/332305528/509","properties":{"cycleway:right":"no","highway":"tertiary","lanes":"1","lit":"yes","maxspeed":"25 mph","name":"3rd Avenue Northwest","oneway":"yes","sidewalk:left":"no","sidewalk:right":"separate","snowplowing":"yes","surface":"asphalt","winter_service":"yes","winter_service:priority":"2","osm_id":332305528},"geometry":{"type":"LineString","coordinates":[[-122.3607929,47.6669059],[-122.3608033,47.66658]]}},{"type":"Feature","id":"way/332305529/510","properties":{"cycleway:right":"no","highway":"tertiary","lanes":"1","maxspeed":"25 mph","name":"3rd Avenue Northwest","oneway":"yes","sidewalk":"separate","snowplowing":"yes","surface":"asphalt","winter_service":"yes","winter_service:priority":"2","osm_id":332305529},"geometry":{"type":"LineString","coordinates":[[-122.3607929,47.6669059],[-122.3607993,47.667261]]}},{"type":"Feature","id":"way/332305530/511","properties":{"cycleway:right":"no","highway":"tertiary","lanes":"1","maxspeed":"25 mph","name":"3rd Avenue Northwest","oneway":"yes","sidewalk:left":"no","sidewalk:right":"separate","snowplowing":"yes","surface":"concrete","winter_service":"yes","winter_service:priority":"2","osm_id":332305530},"geometry":{"type":"LineString","coordinates":[[-122.3608033,47.66658],[-122.3607668,47.6666486],[-122.360729,47.6666885],[-122.360675,47.6667077]]}},{"type":"Feature","id":"way/332305531/512","properties":{"cycleway:right":"no","highway":"tertiary_link","lanes":"1","maxspeed":"25 mph","oneway":"yes","sidewalk:left":"no","sidewalk:right":"separate","snowplowing":"yes","surface":"asphalt","winter_service":"yes","winter_service:priority":"2","osm_id":332305531},"geometry":{"type":"LineString","coordinates":[[-122.3607993,47.667261],[-122.3608979,47.6672017],[-122.3609777,47.6671734]]}},{"type":"Feature","id":"way/332305532/513","properties":{"cycleway:both":"no","highway":"tertiary","lanes":"2","maxspeed":"25 mph","name":"3rd Avenue Northwest","sidewalk:both":"separate","snowplowing":"yes","surface":"asphalt","winter_service":"yes","winter_service:priority":"2","osm_id":332305532},"geometry":{"type":"LineString","coordinates":[[-122.3608092,47.6686859],[-122.3608089,47.6687623],[-122.3608084,47.669265],[-122.3608031,47.6693759],[-122.3608011,47.6694565]]}},{"type":"Feature","id":"way/332305534/514","properties":{"highway":"primary","lanes":"3","lanes:backward":"1","lanes:forward":"2","lit":"yes","maxspeed":"25 mph","name":"Northwest Market Street","parking:lane:both":"no_stopping","sidewalk:left":"no","sidewalk:right":"separate","snowplowing":"yes","surface":"concrete","trolley_wire":"yes","winter_service":"yes","winter_service:priority":"1","osm_id":332305534},"geometry":{"type":"LineString","coordinates":[[-122.3607686,47.6668663],[-122.3607929,47.6669059]]}},{"type":"Feature","id":"way/333470142/515","properties":{"highway":"residential","lanes":"2","maxspeed":"20 mph","name":"7th Avenue West","osm_id":333470142},"geometry":{"type":"LineString","coordinates":[[-122.3662463,47.6485177],[-122.3662466,47.6485756],[-122.3662492,47.6490717],[-122.3662494,47.6491329],[-122.36625,47.6492793],[-122.3662507,47.6494518],[-122.3662507,47.6494638],[-122.3662513,47.6496228],[-122.366251,47.6497384],[-122.3662519,47.649794],[-122.3662504,47.6498258],[-122.3662386,47.6504235],[-122.3662381,47.6504536]]}},{"type":"Feature","id":"way/335610712/516","properties":{"access":"yes","fixme":"Can you actually make a left to the underpass at the bottom of 13th?","highway":"primary_link","lanes":"1","maxspeed":"25 mph","oneway":"yes","parking:lane:both":"no_stopping","osm_id":335610712},"geometry":{"type":"LineString","coordinates":[[-122.3735807,47.6554946],[-122.373735,47.6555309],[-122.3737542,47.6555297],[-122.3739043,47.65552],[-122.3741986,47.6554855],[-122.3746064,47.6554125],[-122.3749935,47.6552984],[-122.3753443,47.6551313],[-122.3756286,47.655001],[-122.3757761,47.6549603],[-122.3758619,47.6549357],[-122.3760289,47.6548977],[-122.3761608,47.6548665],[-122.3763004,47.6548288],[-122.3764284,47.654766],[-122.3765621,47.6546356],[-122.3766205,47.6544754],[-122.3766553,47.6542821],[-122.3766738,47.6540901],[-122.3766694,47.6538542],[-122.3766277,47.6536168]]}},{"type":"Feature","id":"way/335610714/517","properties":{"highway":"service","name":"13th Avenue West","osm_id":335610714},"geometry":{"type":"LineString","coordinates":[[-122.373556,47.6555959],[-122.3735482,47.6557165],[-122.3735623,47.6559485],[-122.3735626,47.655975],[-122.3735632,47.656026],[-122.373566,47.6560622],[-122.3735709,47.6561108],[-122.3735754,47.6561518],[-122.3735801,47.6561936],[-122.3735888,47.6562522]]}},{"type":"Feature","id":"way/335842880/518","properties":{"highway":"residential","lanes":"2","maxspeed":"20 mph","name":"Northwest Bowdoin Place","old_name":"West 40th Street","sidewalk":"separate","surface":"concrete","osm_id":335842880},"geometry":{"type":"LineString","coordinates":[[-122.3610804,47.6551895],[-122.3612767,47.6551899],[-122.3620607,47.6551918],[-122.3621246,47.655192],[-122.3621739,47.6551922],[-122.3622982,47.6551925],[-122.3623184,47.6551925],[-122.3634892,47.6551953],[-122.3635812,47.6551956]]}},{"type":"Feature","id":"way/335842881/519","properties":{"highway":"service","lanes":"1","oneway":"yes","service":"parking_aisle","osm_id":335842881},"geometry":{"type":"LineString","coordinates":[[-122.3608432,47.6553054],[-122.3607282,47.6553051],[-122.3605881,47.6553047],[-122.3605889,47.6554173],[-122.360616,47.6554464],[-122.3606148,47.6555093],[-122.3606134,47.6555788]]}},{"type":"Feature","id":"way/336460515/520","properties":{"bicycle":"designated","highway":"residential","lanes":"2","maxspeed":"20 mph","name":"8th Avenue Northwest","sidewalk":"no","osm_id":336460515},"geometry":{"type":"LineString","coordinates":[[-122.3662437,47.6602304],[-122.366245,47.6603009],[-122.3662453,47.6603203]]}},{"type":"Feature","id":"way/336460518/521","properties":{"highway":"service","service":"parking_aisle","osm_id":336460518},"geometry":{"type":"LineString","coordinates":[[-122.367022,47.6603618],[-122.3670742,47.660399],[-122.367556,47.6609122],[-122.36736,47.6609941],[-122.367038,47.6610665]]}},{"type":"Feature","id":"way/337270248/522","properties":{"highway":"residential","maxspeed":"20 mph","name":"3rd Avenue West","osm_id":337270248},"geometry":{"type":"LineString","coordinates":[[-122.3608547,47.6515767],[-122.3608415,47.6516959],[-122.360837,47.6517348],[-122.3608342,47.6517832],[-122.3608273,47.6519247]]}},{"type":"Feature","id":"way/338835937/523","properties":{"highway":"service","service":"parking_aisle","osm_id":338835937},"geometry":{"type":"LineString","coordinates":[[-122.3735819,47.660863],[-122.3730396,47.6608403]]}},{"type":"Feature","id":"way/339063352/524","properties":{"highway":"residential","lanes":"2","maxspeed":"20 mph","name":"Northwest 48th Street","sidewalk:both":"separate","osm_id":339063352},"geometry":{"type":"LineString","coordinates":[[-122.3571309,47.6635931],[-122.3572448,47.6635929],[-122.3577363,47.6635922]]}},{"type":"Feature","id":"way/339578665/525","properties":{"bicycle":"yes","highway":"service","maxspeed":"20 mph","name":"West Ewing Place","surface":"asphalt","width":"5","osm_id":339578665},"geometry":{"type":"LineString","coordinates":[[-122.3715433,47.6555069],[-122.3715239,47.6555212],[-122.3714977,47.6555263],[-122.3712344,47.6555286]]}},{"type":"Feature","id":"way/339580079/526","properties":{"highway":"service","maxspeed":"15 mph","service":"alley","osm_id":339580079},"geometry":{"type":"LineString","coordinates":[[-122.3694765,47.6522613],[-122.3694749,47.6522316],[-122.3694669,47.6519952],[-122.369475,47.6516284],[-122.3694884,47.6514477],[-122.3694796,47.6512281]]}},{"type":"Feature","id":"way/339602376/527","properties":{"highway":"service","service":"parking_aisle","surface":"asphalt","osm_id":339602376},"geometry":{"type":"LineString","coordinates":[[-122.3770844,47.6684435],[-122.3765385,47.6684417],[-122.3765364,47.668013]]}},{"type":"Feature","id":"way/339602378/528","properties":{"highway":"service","oneway":"no","service":"parking_aisle","surface":"asphalt","osm_id":339602378},"geometry":{"type":"LineString","coordinates":[[-122.3751754,47.6700078],[-122.375889,47.6700073]]}},{"type":"Feature","id":"way/339602379/529","properties":{"highway":"service","oneway":"no","service":"parking_aisle","osm_id":339602379},"geometry":{"type":"LineString","coordinates":[[-122.3751754,47.6700078],[-122.3751755,47.6701016],[-122.3751756,47.6701736]]}},{"type":"Feature","id":"way/339602380/530","properties":{"highway":"service","oneway":"no","service":"parking_aisle","surface":"asphalt","osm_id":339602380},"geometry":{"type":"LineString","coordinates":[[-122.3751465,47.6697342],[-122.3751467,47.6698444],[-122.3751469,47.6700078]]}},{"type":"Feature","id":"way/339602381/531","properties":{"access":"permissive","highway":"service","motor_vehicle":"private","service":"parking_aisle","osm_id":339602381},"geometry":{"type":"LineString","coordinates":[[-122.3756259,47.670905],[-122.3756264,47.6708345],[-122.3756261,47.670722],[-122.3756266,47.6703401],[-122.3756263,47.6702501],[-122.3756262,47.6701728]]}},{"type":"Feature","id":"way/339602382/532","properties":{"highway":"service","service":"parking_aisle","surface":"asphalt","osm_id":339602382},"geometry":{"type":"LineString","coordinates":[[-122.3759126,47.6707227],[-122.3756261,47.670722],[-122.3753735,47.6707213],[-122.3751469,47.6707209],[-122.3751469,47.67059],[-122.3751469,47.670338],[-122.3753695,47.6703388],[-122.3756266,47.6703401],[-122.3759126,47.6703416],[-122.3759126,47.6707227]]}},{"type":"Feature","id":"way/339602383/533","properties":{"highway":"service","service":"parking_aisle","osm_id":339602383},"geometry":{"type":"LineString","coordinates":[[-122.3753695,47.6703388],[-122.3753735,47.6707213]]}},{"type":"Feature","id":"way/339602384/534","properties":{"highway":"service","oneway":"yes","service":"parking_aisle","osm_id":339602384},"geometry":{"type":"LineString","coordinates":[[-122.3756817,47.6657092],[-122.3756824,47.6656321],[-122.3756842,47.6654199],[-122.375931,47.6654199],[-122.3759315,47.6656326],[-122.3759317,47.6657075]]}},{"type":"Feature","id":"way/339621684/535","properties":{"highway":"service","oneway":"yes","service":"parking_aisle","osm_id":339621684},"geometry":{"type":"LineString","coordinates":[[-122.3755199,47.6657086],[-122.3755199,47.6657845],[-122.3755199,47.6658816],[-122.3755199,47.6660507],[-122.3753633,47.6660499],[-122.3748705,47.6660474],[-122.3748709,47.6658808],[-122.3748713,47.6657839],[-122.3748717,47.6657077]]}},{"type":"Feature","id":"way/339621685/536","properties":{"highway":"service","oneway":"yes","service":"parking_aisle","osm_id":339621685},"geometry":{"type":"LineString","coordinates":[[-122.3755199,47.6658816],[-122.3748709,47.6658808]]}},{"type":"Feature","id":"way/339621687/537","properties":{"highway":"service","oneway":"yes","service":"parking_aisle","osm_id":339621687},"geometry":{"type":"LineString","coordinates":[[-122.3759486,47.6664376],[-122.3759713,47.6663618],[-122.3759752,47.6663487],[-122.3759766,47.6658786],[-122.3759343,47.6658252],[-122.3759334,47.6657849],[-122.3759317,47.6657075]]}},{"type":"Feature","id":"way/339622604/538","properties":{"highway":"service","lanes":"1","service":"parking_aisle","surface":"asphalt","osm_id":339622604},"geometry":{"type":"LineString","coordinates":[[-122.3757266,47.6645178],[-122.3757268,47.6645713],[-122.3757274,47.6646906],[-122.3758735,47.664761],[-122.3758725,47.6649745],[-122.3758725,47.6649857]]}},{"type":"Feature","id":"way/339622605/539","properties":{"highway":"service","service":"parking_aisle","surface":"asphalt","osm_id":339622605},"geometry":{"type":"LineString","coordinates":[[-122.3757268,47.6645713],[-122.3752902,47.6645686]]}},{"type":"Feature","id":"way/339639923/540","properties":{"cutting":"yes","dual_carriageway":"yes","expressway":"yes","hgv":"designated","highway":"primary","lanes":"3","maxspeed":"30 mph","name":"15th Avenue West","oneway":"yes","sidewalk":"no","source:hgv":"https://www.seattle.gov/Documents/Departments/SDOT/Services/Permits/MajorTruckStreets.pdf","surface":"asphalt","osm_id":339639923},"geometry":{"type":"LineString","coordinates":[[-122.37633167701149,47.648],[-122.3763265,47.6483378]]}},{"type":"Feature","id":"way/339639925/541","properties":{"cutting":"yes","dual_carriageway":"yes","expressway":"yes","foot":"use_sidepath","hgv":"designated","highway":"primary","lanes":"3","maxspeed":"30 mph","name":"15th Avenue West","oneway":"yes","sidewalk":"no","source:hgv":"https://www.seattle.gov/Documents/Departments/SDOT/Services/Permits/MajorTruckStreets.pdf","surface":"asphalt","osm_id":339639925},"geometry":{"type":"LineString","coordinates":[[-122.3765151,47.6492422],[-122.3765148,47.6490714],[-122.3765119,47.6485989]]}},{"type":"Feature","id":"way/339639926/542","properties":{"dual_carriageway":"yes","expressway":"yes","foot":"use_sidepath","hgv":"designated","highway":"primary","lanes":"3","maxspeed":"30 mph","name":"15th Avenue West","oneway":"yes","sidewalk":"no","source:hgv":"https://www.seattle.gov/Documents/Departments/SDOT/Services/Permits/MajorTruckStreets.pdf","surface":"asphalt","osm_id":339639926},"geometry":{"type":"LineString","coordinates":[[-122.376337,47.6492494],[-122.3763375,47.6493243],[-122.3763236,47.6497022],[-122.3762937,47.6500286],[-122.3762549,47.6503583],[-122.3762056,47.6508092]]}},{"type":"Feature","id":"way/340064095/543","properties":{"hgv":"designated","highway":"primary_link","lanes":"1","lit":"yes","maxspeed":"25 mph","oneway":"yes","parking:lane:both":"no_stopping","source:hgv":"https://www.seattle.gov/Documents/Departments/SDOT/Services/Permits/MajorTruckStreets.pdf","osm_id":340064095},"geometry":{"type":"LineString","coordinates":[[-122.3760368,47.6534921],[-122.3760063,47.6535652],[-122.3759679,47.6536365],[-122.3759218,47.6537057],[-122.3758603,47.6537813],[-122.375805,47.6538506],[-122.3757534,47.6539163]]}},{"type":"Feature","id":"way/340334667/544","properties":{"highway":"service","lanes":"1","oneway":"yes","service":"parking_aisle","osm_id":340334667},"geometry":{"type":"LineString","coordinates":[[-122.3751309,47.6650536],[-122.3751307,47.6649744],[-122.3751307,47.6649579],[-122.3751306,47.6649215],[-122.3751298,47.6645115],[-122.3751298,47.664484]]}},{"type":"Feature","id":"way/340334668/545","properties":{"highway":"service","lanes":"1","oneway":"yes","service":"parking_aisle","osm_id":340334668},"geometry":{"type":"LineString","coordinates":[[-122.374914,47.6644848],[-122.3749141,47.6645097],[-122.3749158,47.6649206],[-122.3749159,47.6649582],[-122.374916,47.6649743],[-122.3749163,47.665053]]}},{"type":"Feature","id":"way/340334669/546","properties":{"highway":"service","oneway":"yes","service":"parking_aisle","osm_id":340334669},"geometry":{"type":"LineString","coordinates":[[-122.3749158,47.6649206],[-122.3751306,47.6649215]]}},{"type":"Feature","id":"way/340334670/547","properties":{"highway":"service","oneway":"yes","service":"parking_aisle","osm_id":340334670},"geometry":{"type":"LineString","coordinates":[[-122.3751298,47.6645115],[-122.3749141,47.6645097]]}},{"type":"Feature","id":"way/340334673/548","properties":{"highway":"service","service":"parking_aisle","surface":"asphalt","osm_id":340334673},"geometry":{"type":"LineString","coordinates":[[-122.3762721,47.6674365],[-122.376406,47.6674371],[-122.3767976,47.6674387],[-122.3767967,47.6672441],[-122.3767963,47.6671666]]}},{"type":"Feature","id":"way/343101082/549","properties":{"bicycle":"designated","cycleway":"shared_lane","highway":"residential","maxspeed":"20 mph","name":"Northwest 58th Street","sidewalk":"separate","osm_id":343101082},"geometry":{"type":"LineString","coordinates":[[-122.3708289,47.6709006],[-122.3708738,47.6709004],[-122.372008,47.6709014],[-122.372734,47.670902],[-122.3729444,47.6709024],[-122.3733854,47.6709026],[-122.3734452,47.6709027],[-122.3735044,47.6709027],[-122.3735807,47.6709031],[-122.3736213,47.6709033],[-122.3736794,47.6709026],[-122.3737711,47.6709036],[-122.3738138,47.6709036],[-122.374251,47.6709039],[-122.3743612,47.670904],[-122.3745595,47.6709042],[-122.3756259,47.670905]]}},{"type":"Feature","id":"way/343101083/550","properties":{"highway":"residential","lanes":"2","maxspeed":"20 mph","name":"4th Avenue Northwest","sidewalk":"separate","surface":"concrete","osm_id":343101083},"geometry":{"type":"LineString","coordinates":[[-122.3618658,47.670883],[-122.3618646,47.6709454],[-122.3618642,47.6709762],[-122.36186710361797,47.672]]}},{"type":"Feature","id":"way/343494555/551","properties":{"highway":"tertiary","lanes":"2","maxspeed":"25 mph","name":"22nd Avenue West","sidewalk:both":"separate","snowplowing":"no","surface":"asphalt","winter_service":"no","osm_id":343494555},"geometry":{"type":"LineString","coordinates":[[-122.38466408711302,47.648],[-122.3846662,47.648253],[-122.384667,47.6483664],[-122.3846681,47.6484719],[-122.384668,47.6485692],[-122.3846687,47.6486843],[-122.3846696,47.6487276],[-122.3846777,47.6501567],[-122.3846763,47.6502791],[-122.384676,47.6503266],[-122.3846769,47.6503793],[-122.3846809,47.6505534],[-122.3846955,47.6519218],[-122.384697,47.6520609],[-122.3846975,47.6521095],[-122.384698,47.6521544],[-122.3846972,47.6522181],[-122.3846834,47.6534026],[-122.3846815,47.6535404],[-122.3846811,47.6535901],[-122.3846805,47.6536406],[-122.3846733,47.6536978],[-122.384637,47.653988]]}},{"type":"Feature","id":"way/343738759/552","properties":{"access":"customers","highway":"service","osm_id":343738759},"geometry":{"type":"LineString","coordinates":[[-122.37591,47.6664375],[-122.375911,47.6665145],[-122.3759114,47.6665437]]}},{"type":"Feature","id":"way/343738760/553","properties":{"access":"customers","highway":"service","service":"parking_aisle","osm_id":343738760},"geometry":{"type":"LineString","coordinates":[[-122.3759148,47.6667945],[-122.3760191,47.6667941]]}},{"type":"Feature","id":"way/343738761/554","properties":{"access":"customers","highway":"service","service":"parking_aisle","osm_id":343738761},"geometry":{"type":"LineString","coordinates":[[-122.3759148,47.6667945],[-122.3756892,47.6667993],[-122.375568,47.6668669],[-122.3755701,47.6670606]]}},{"type":"Feature","id":"way/343774045/555","properties":{"access":"destination","bicycle":"private","highway":"service","maxspeed":"15 mph","motor_vehicle":"yes","service":"alley","surface":"unpaved","osm_id":343774045},"geometry":{"type":"LineString","coordinates":[[-122.3686153,47.6647137],[-122.3685119,47.6647141],[-122.3663429,47.6647154],[-122.366188,47.6647155]]}},{"type":"Feature","id":"way/343780112/556","properties":{"highway":"service","service":"parking_aisle","osm_id":343780112},"geometry":{"type":"LineString","coordinates":[[-122.36811,47.6635909],[-122.3681104,47.6634802],[-122.3681116,47.6630681]]}},{"type":"Feature","id":"way/343780113/557","properties":{"highway":"service","service":"parking_aisle","osm_id":343780113},"geometry":{"type":"LineString","coordinates":[[-122.3681104,47.6634802],[-122.3683617,47.6634817],[-122.3683661,47.6630696],[-122.3681116,47.6630681]]}},{"type":"Feature","id":"way/347403966/558","properties":{"highway":"service","service":"parking_aisle","osm_id":347403966},"geometry":{"type":"LineString","coordinates":[[-122.3755639,47.6716359],[-122.3755635,47.6717063],[-122.3755621,47.6719592],[-122.37556187557756,47.672]]}},{"type":"Feature","id":"way/347403967/559","properties":{"highway":"service","service":"parking_aisle","osm_id":347403967},"geometry":{"type":"LineString","coordinates":[[-122.3762015,47.6719628],[-122.3760577,47.671962],[-122.3759663,47.6719615],[-122.3755621,47.6719592]]}},{"type":"Feature","id":"way/347403968/560","properties":{"highway":"service","oneway":"yes","service":"drive-through","surface":"concrete","osm_id":347403968},"geometry":{"type":"LineString","coordinates":[[-122.37596581265824,47.672],[-122.3759663,47.6719615]]}},{"type":"Feature","id":"way/347655375/561","properties":{"highway":"residential","lanes":"2","maxspeed":"20 mph","name":"Northwest Bright Street","sidewalk:left":"no","sidewalk:right":"separate","osm_id":347655375},"geometry":{"type":"LineString","coordinates":[[-122.3657648,47.6600311],[-122.3659645,47.6600286],[-122.3660405,47.6600261],[-122.3662397,47.6599901]]}},{"type":"Feature","id":"way/348719576/562","properties":{"highway":"service","oneway":"yes","service":"parking_aisle","osm_id":348719576},"geometry":{"type":"LineString","coordinates":[[-122.3751934,47.6631222],[-122.3751792,47.6631475],[-122.3751812,47.6632886],[-122.3756449,47.6632905],[-122.3756449,47.6631224],[-122.3751934,47.6631222]]}},{"type":"Feature","id":"way/348723147/563","properties":{"highway":"service","osm_id":348723147},"geometry":{"type":"LineString","coordinates":[[-122.3732627,47.6629282],[-122.373264,47.6630124],[-122.3732653,47.6630879]]}},{"type":"Feature","id":"way/348723148/564","properties":{"highway":"service","service":"parking_aisle","osm_id":348723148},"geometry":{"type":"LineString","coordinates":[[-122.3732716,47.6634648],[-122.3723092,47.6634612]]}},{"type":"Feature","id":"way/349337344/565","properties":{"highway":"service","oneway":"yes","service":"drive-through","surface":"concrete","osm_id":349337344},"geometry":{"type":"LineString","coordinates":[[-122.3764919,47.6669567],[-122.3764917,47.6670091],[-122.3764916,47.6670302],[-122.3765085,47.6670467],[-122.3765381,47.6670533],[-122.3767125,47.6670536],[-122.3768538,47.6669618],[-122.3768724,47.666938],[-122.3768778,47.6669114],[-122.3768694,47.6668851],[-122.3768481,47.6668623],[-122.3768165,47.6668459],[-122.3767967,47.6668416],[-122.3767785,47.6668377],[-122.3765477,47.6668373],[-122.3765135,47.6668439],[-122.3764922,47.6668586],[-122.3764919,47.6669567]]}},{"type":"Feature","id":"way/349607871/566","properties":{"highway":"service","oneway":"yes","service":"drive-through","osm_id":349607871},"geometry":{"type":"LineString","coordinates":[[-122.3840413,47.6559565],[-122.3839348,47.6559559],[-122.3835344,47.6559538],[-122.3835142,47.6559537]]}},{"type":"Feature","id":"way/351719647/567","properties":{"dual_carriageway":"yes","expressway":"yes","foot":"use_sidepath","hgv":"designated","highway":"primary","lanes":"2","maxheight:physical":"15'0''","maxspeed":"40 mph","name":"15th Avenue West","oneway":"yes","source:hgv":"https://www.seattle.gov/Documents/Departments/SDOT/Services/Permits/MajorTruckStreets.pdf","osm_id":351719647},"geometry":{"type":"LineString","coordinates":[[-122.376169,47.652971],[-122.376161,47.6531159]]}},{"type":"Feature","id":"way/353132632/568","properties":{"highway":"residential","lanes":"1","lit":"no","maxspeed":"20 mph","name":"7th Avenue Northwest","oneway":"yes","sidewalk":"separate","smoothness":"good","surface":"asphalt","osm_id":353132632},"geometry":{"type":"LineString","coordinates":[[-122.3650644,47.659309],[-122.3650709,47.6590485],[-122.3650714,47.6590314],[-122.3650734,47.6589501]]}},{"type":"Feature","id":"way/353132633/569","properties":{"hgv":"designated","highway":"secondary","lanes":"5","lanes:backward":"2","lanes:both_ways":"1","lanes:forward":"2","maxspeed":"25 mph","name":"Leary Way Northwest","sidewalk":"separate","smoothness":"intermediate","snowplowing":"yes","source:hgv":"https://www.seattle.gov/Documents/Departments/SDOT/Services/Permits/MajorTruckStreets.pdf","surface":"asphalt","turn:lanes:both_ways":"left","winter_service":"yes","winter_service:priority":"2","osm_id":353132633},"geometry":{"type":"LineString","coordinates":[[-122.3650644,47.659309],[-122.3652362,47.6594863]]}},{"type":"Feature","id":"way/353132634/570","properties":{"hgv":"designated","highway":"secondary","lanes":"4","maxspeed":"25 mph","name":"Leary Way Northwest","sidewalk":"separate","smoothness":"intermediate","snowplowing":"yes","source:hgv":"https://www.seattle.gov/Documents/Departments/SDOT/Services/Permits/MajorTruckStreets.pdf","surface":"asphalt","winter_service":"yes","winter_service:priority":"2","osm_id":353132634},"geometry":{"type":"LineString","coordinates":[[-122.3647175,47.6589511],[-122.3647965,47.6590327],[-122.3650644,47.659309]]}},{"type":"Feature","id":"way/353132637/571","properties":{"bicycle":"designated","cycleway":"shared_lane","highway":"residential","lanes":"1","maxspeed":"20 mph","name":"Northwest 43rd Street","oneway":"yes","oneway:bicycle":"no","sidewalk":"separate","surface":"asphalt","osm_id":353132637},"geometry":{"type":"LineString","coordinates":[[-122.3644519,47.6589685],[-122.3645775,47.658969],[-122.3647175,47.6589511]]}},{"type":"Feature","id":"way/353132639/572","properties":{"highway":"residential","lanes":"2","maxspeed":"20 mph","name":"Northwest 43rd Street","sidewalk":"separate","surface":"asphalt","osm_id":353132639},"geometry":{"type":"LineString","coordinates":[[-122.3647175,47.6589511],[-122.3649167,47.6589505],[-122.3650734,47.6589501]]}},{"type":"Feature","id":"way/355382128/573","properties":{"highway":"service","service":"parking_aisle","surface":"asphalt","osm_id":355382128},"geometry":{"type":"LineString","coordinates":[[-122.3807716,47.6694422],[-122.3807719,47.6693715],[-122.3807729,47.6690903]]}},{"type":"Feature","id":"way/355382129/574","properties":{"highway":"service","oneway":"yes","service":"parking_aisle","surface":"asphalt","osm_id":355382129},"geometry":{"type":"LineString","coordinates":[[-122.380981,47.6694428],[-122.3809812,47.6693717],[-122.3809822,47.6690903]]}},{"type":"Feature","id":"way/355383750/575","properties":{"highway":"service","oneway":"yes","service":"drive-through","surface":"asphalt","osm_id":355383750},"geometry":{"type":"LineString","coordinates":[[-122.3847388,47.6691666],[-122.3846493,47.6691664],[-122.3841031,47.6691649],[-122.383939,47.6691645]]}},{"type":"Feature","id":"way/355383751/576","properties":{"highway":"service","service":"parking_aisle","surface":"asphalt","osm_id":355383751},"geometry":{"type":"LineString","coordinates":[[-122.383939,47.6691645],[-122.3839354,47.6693884],[-122.3839344,47.6694521]]}},{"type":"Feature","id":"way/355386698/577","properties":{"covered":"yes","highway":"service","maxheight":"10'6\"","oneway":"yes","service":"drive-through","surface":"asphalt","osm_id":355386698},"geometry":{"type":"LineString","coordinates":[[-122.3810762,47.6684517],[-122.3810706,47.6684576],[-122.3810544,47.6684815],[-122.3810367,47.6685142],[-122.3810352,47.66852]]}},{"type":"Feature","id":"way/355386699/578","properties":{"highway":"service","oneway":"yes","service":"parking_aisle","surface":"asphalt","osm_id":355386699},"geometry":{"type":"LineString","coordinates":[[-122.3812817,47.6682971],[-122.3812027,47.6683401],[-122.3810506,47.6684229],[-122.3810228,47.668441],[-122.3810044,47.6684592],[-122.3809967,47.6684706],[-122.3809928,47.6684831]]}},{"type":"Feature","id":"way/355389353/579","properties":{"highway":"service","service":"parking_aisle","surface":"asphalt","osm_id":355389353},"geometry":{"type":"LineString","coordinates":[[-122.3814444,47.6684405],[-122.3815377,47.6683899],[-122.3818984,47.6681944],[-122.3819697,47.6681561],[-122.3820309,47.6681561],[-122.3821612,47.6681562]]}},{"type":"Feature","id":"way/355396627/580","properties":{"highway":"service","service":"parking_aisle","surface":"asphalt","osm_id":355396627},"geometry":{"type":"LineString","coordinates":[[-122.386509,47.6666127],[-122.3866583,47.6667232],[-122.3867172,47.6667667],[-122.3868275,47.6668483],[-122.3862978,47.667173],[-122.3861286,47.6670479],[-122.3859793,47.6669374]]}},{"type":"Feature","id":"way/355396628/581","properties":{"highway":"service","service":"parking_aisle","surface":"asphalt","osm_id":355396628},"geometry":{"type":"LineString","coordinates":[[-122.3866583,47.6667232],[-122.3861286,47.6670479]]}},{"type":"Feature","id":"way/355396629/582","properties":{"highway":"service","service":"parking_aisle","osm_id":355396629},"geometry":{"type":"LineString","coordinates":[[-122.386509,47.6666127],[-122.3864069,47.6665377],[-122.3863395,47.6664882],[-122.3862317,47.6664089],[-122.3861786,47.6663699],[-122.3860158,47.6662502],[-122.3858422,47.6661227],[-122.3856728,47.6660666],[-122.3854451,47.66589]]}},{"type":"Feature","id":"way/355396630/583","properties":{"highway":"service","service":"parking_aisle","osm_id":355396630},"geometry":{"type":"LineString","coordinates":[[-122.3858422,47.6661227],[-122.3853197,47.6664451]]}},{"type":"Feature","id":"way/355396631/584","properties":{"highway":"service","service":"parking_aisle","osm_id":355396631},"geometry":{"type":"LineString","coordinates":[[-122.3863395,47.6664882],[-122.3858088,47.6668157]]}},{"type":"Feature","id":"way/355396632/585","properties":{"highway":"service","service":"parking_aisle","osm_id":355396632},"geometry":{"type":"LineString","coordinates":[[-122.3861786,47.6663699],[-122.3856446,47.6666995]]}},{"type":"Feature","id":"way/355396633/586","properties":{"highway":"service","service":"parking_aisle","osm_id":355396633},"geometry":{"type":"LineString","coordinates":[[-122.3860158,47.6662502],[-122.3854339,47.6666093]]}},{"type":"Feature","id":"way/355396634/587","properties":{"highway":"service","service":"parking_aisle","osm_id":355396634},"geometry":{"type":"LineString","coordinates":[[-122.3864069,47.6665377],[-122.387,47.66616927671616]]}},{"type":"Feature","id":"way/355396635/588","properties":{"highway":"service","service":"parking_aisle","osm_id":355396635},"geometry":{"type":"LineString","coordinates":[[-122.3862317,47.6664089],[-122.3869614,47.6659691]]}},{"type":"Feature","id":"way/355397021/589","properties":{"highway":"service","service":"parking_aisle","osm_id":355397021},"geometry":{"type":"LineString","coordinates":[[-122.3851053,47.6653445],[-122.3856225,47.6650265]]}},{"type":"Feature","id":"way/355397022/590","properties":{"highway":"service","service":"parking_aisle","osm_id":355397022},"geometry":{"type":"LineString","coordinates":[[-122.3848116,47.6652837],[-122.3853159,47.6649751]]}},{"type":"Feature","id":"way/355397023/591","properties":{"highway":"service","service":"parking_aisle","osm_id":355397023},"geometry":{"type":"LineString","coordinates":[[-122.3839569,47.6654017],[-122.3843019,47.6656687],[-122.3844839,47.6655603],[-122.3846842,47.665441],[-122.3842209,47.665105]]}},{"type":"Feature","id":"way/355397024/592","properties":{"highway":"service","service":"parking_aisle","osm_id":355397024},"geometry":{"type":"LineString","coordinates":[[-122.3844839,47.6655603],[-122.3840839,47.6652619]]}},{"type":"Feature","id":"way/355399009/593","properties":{"highway":"service","service":"parking_aisle","osm_id":355399009},"geometry":{"type":"LineString","coordinates":[[-122.3839656,47.667517],[-122.3837964,47.6673784],[-122.3840431,47.6672415],[-122.3841428,47.6671862]]}},{"type":"Feature","id":"way/357283725/594","properties":{"highway":"service","service":"parking_aisle","osm_id":357283725},"geometry":{"type":"LineString","coordinates":[[-122.3783779,47.6481293],[-122.378142,47.6481302]]}},{"type":"Feature","id":"way/357283728/595","properties":{"highway":"service","service":"parking_aisle","osm_id":357283728},"geometry":{"type":"LineString","coordinates":[[-122.3786542,47.6481238],[-122.3784497,47.6481243]]}},{"type":"Feature","id":"way/357283732/596","properties":{"highway":"service","service":"parking_aisle","osm_id":357283732},"geometry":{"type":"LineString","coordinates":[[-122.3777546,47.6499261],[-122.3777539,47.6500491]]}},{"type":"Feature","id":"way/357283733/597","properties":{"highway":"service","service":"parking_aisle","osm_id":357283733},"geometry":{"type":"LineString","coordinates":[[-122.3777546,47.6499261],[-122.3781673,47.6499268]]}},{"type":"Feature","id":"way/357284893/598","properties":{"highway":"service","osm_id":357284893},"geometry":{"type":"LineString","coordinates":[[-122.3661345,47.6586584],[-122.3662547,47.6586591],[-122.3676011,47.6586587]]}},{"type":"Feature","id":"way/357284895/599","properties":{"highway":"service","surface":"asphalt","osm_id":357284895},"geometry":{"type":"LineString","coordinates":[[-122.3681134,47.6590792],[-122.3680227,47.6590793],[-122.3676404,47.6590798]]}},{"type":"Feature","id":"way/357337195/600","properties":{"highway":"service","surface":"asphalt","osm_id":357337195},"geometry":{"type":"LineString","coordinates":[[-122.3720954,47.6614378],[-122.3720954,47.6614632],[-122.372094,47.6614889],[-122.3720941,47.6615162],[-122.3720947,47.6615693]]}},{"type":"Feature","id":"way/357899481/601","properties":{"highway":"service","service":"parking_aisle","osm_id":357899481},"geometry":{"type":"LineString","coordinates":[[-122.3759378,47.6520842],[-122.3759378,47.6518909]]}},{"type":"Feature","id":"way/358219431/602","properties":{"cycleway:both":"no","highway":"residential","lanes":"2","maxspeed":"20 mph","name":"West Emerson Street","sidewalk":"right","osm_id":358219431},"geometry":{"type":"LineString","coordinates":[[-122.3709233,47.6531536],[-122.3695425,47.6523579],[-122.3692968,47.6522596]]}},{"type":"Feature","id":"way/358219447/603","properties":{"bicycle":"yes","highway":"service","osm_id":358219447},"geometry":{"type":"LineString","coordinates":[[-122.3785115,47.6558029],[-122.3785008,47.6550997]]}},{"type":"Feature","id":"way/358219448/604","properties":{"bicycle":"yes","highway":"service","osm_id":358219448},"geometry":{"type":"LineString","coordinates":[[-122.3789917,47.655803],[-122.3789937,47.6552906],[-122.3789944,47.6551023]]}},{"type":"Feature","id":"way/358219449/605","properties":{"highway":"service","oneway":"yes","service":"parking_aisle","osm_id":358219449},"geometry":{"type":"LineString","coordinates":[[-122.3782159,47.6548072],[-122.378997,47.6548136],[-122.379048,47.6549075],[-122.3790453,47.654969]]}},{"type":"Feature","id":"way/358219451/606","properties":{"highway":"service","oneway":"yes","service":"parking_aisle","osm_id":358219451},"geometry":{"type":"LineString","coordinates":[[-122.3790453,47.654969],[-122.3782195,47.6549697]]}},{"type":"Feature","id":"way/358219452/607","properties":{"bicycle":"yes","highway":"service","name":"18th Avenue West","osm_id":358219452},"geometry":{"type":"LineString","coordinates":[[-122.3799841,47.6551076],[-122.3799838,47.6551175],[-122.3799814,47.6552852],[-122.3799733,47.6558033]]}},{"type":"Feature","id":"way/358219453/608","properties":{"highway":"service","service":"parking_aisle","osm_id":358219453},"geometry":{"type":"LineString","coordinates":[[-122.3799814,47.6552852],[-122.3790948,47.6552949],[-122.3790674,47.6552904],[-122.3790655,47.6551027]]}},{"type":"Feature","id":"way/358219462/609","properties":{"highway":"service","service":"parking_aisle","osm_id":358219462},"geometry":{"type":"LineString","coordinates":[[-122.3808646,47.654615],[-122.3808564,47.6548835],[-122.3805936,47.6549413],[-122.3803441,47.6549377],[-122.3803389,47.6546096]]}},{"type":"Feature","id":"way/358219463/610","properties":{"highway":"service","service":"parking_aisle","osm_id":358219463},"geometry":{"type":"LineString","coordinates":[[-122.3805936,47.6549413],[-122.3805938,47.6546122]]}},{"type":"Feature","id":"way/358219467/611","properties":{"highway":"service","service":"parking_aisle","osm_id":358219467},"geometry":{"type":"LineString","coordinates":[[-122.3828513,47.6558073],[-122.3830822,47.6558065],[-122.383084,47.656059],[-122.3830857,47.6562785],[-122.3830884,47.6566415],[-122.3830468,47.6568207],[-122.3830102,47.6569796],[-122.3826461,47.6569809]]}},{"type":"Feature","id":"way/358219469/612","properties":{"highway":"service","service":"parking_aisle","osm_id":358219469},"geometry":{"type":"LineString","coordinates":[[-122.3830884,47.6566415],[-122.3829376,47.656642],[-122.3825233,47.6566434]]}},{"type":"Feature","id":"way/358219471/613","properties":{"highway":"service","service":"parking_aisle","osm_id":358219471},"geometry":{"type":"LineString","coordinates":[[-122.3829376,47.656642],[-122.3829349,47.656279],[-122.3830857,47.6562785]]}},{"type":"Feature","id":"way/358219473/614","properties":{"highway":"service","layer":"1","name":"Northwest Dock","osm_id":358219473},"geometry":{"type":"LineString","coordinates":[[-122.3830187,47.6590485],[-122.3829123,47.6591075],[-122.3827332,47.6591074],[-122.3825142,47.6591073],[-122.3786902,47.6591057],[-122.3786892,47.6589438]]}},{"type":"Feature","id":"way/358227083/615","properties":{"highway":"service","maxspeed":"15 mph","service":"alley","osm_id":358227083},"geometry":{"type":"LineString","coordinates":[[-122.3865178,47.6521458],[-122.3865191,47.6520956],[-122.386543,47.6515364],[-122.3865886,47.6513864],[-122.3865859,47.6507197]]}},{"type":"Feature","id":"way/358984591/616","properties":{"highway":"service","name":"Thorndyke Avenue West","service":"parking_aisle","surface":"gravel","osm_id":358984591},"geometry":{"type":"LineString","coordinates":[[-122.3775166,47.6522553],[-122.377395,47.6522987],[-122.3773668,47.652342],[-122.3770624,47.65281],[-122.377209,47.6528708]]}},{"type":"Feature","id":"way/359882149/617","properties":{"highway":"service","service":"parking_aisle","osm_id":359882149},"geometry":{"type":"LineString","coordinates":[[-122.3840432,47.6563066],[-122.3835168,47.6563038]]}},{"type":"Feature","id":"way/359889588/618","properties":{"bicycle":"yes","highway":"footway","osm_id":359889588},"geometry":{"type":"LineString","coordinates":[[-122.3691713,47.6671597],[-122.3689939,47.6670589],[-122.3688896,47.6669996],[-122.3688756,47.6669945],[-122.3688498,47.6669851],[-122.3688037,47.6669801],[-122.3687345,47.66698]]}},{"type":"Feature","id":"way/360792298/619","properties":{"access":"destination","highway":"service","lanes":"1","maxspeed":"15 mph","service":"alley","osm_id":360792298},"geometry":{"type":"LineString","coordinates":[[-122.3587472,47.6654327],[-122.3586851,47.6654326],[-122.3572276,47.6654292],[-122.3571286,47.665429],[-122.3570647,47.6654286],[-122.357,47.665428188539906]]}},{"type":"Feature","id":"way/361090135/620","properties":{"bicycle":"yes","highway":"footway","surface":"concrete","osm_id":361090135},"geometry":{"type":"LineString","coordinates":[[-122.38013,47.6541348],[-122.3801267,47.6541098],[-122.3801169,47.6540936],[-122.3800496,47.6540634]]}},{"type":"Feature","id":"way/361206767/621","properties":{"highway":"service","service":"parking_aisle","surface":"asphalt","osm_id":361206767},"geometry":{"type":"LineString","coordinates":[[-122.3788787,47.6676243],[-122.3787862,47.6676242],[-122.378063,47.6676235],[-122.3780619,47.6675771],[-122.3778436,47.6675771]]}},{"type":"Feature","id":"way/361206768/622","properties":{"highway":"service","service":"parking_aisle","surface":"asphalt","osm_id":361206768},"geometry":{"type":"LineString","coordinates":[[-122.378063,47.6676235],[-122.3780624,47.6676439]]}},{"type":"Feature","id":"way/361215681/623","properties":{"highway":"service","oneway":"yes","service":"parking_aisle","surface":"asphalt","osm_id":361215681},"geometry":{"type":"LineString","coordinates":[[-122.3784379,47.6671718],[-122.3784373,47.6672459],[-122.3784351,47.6675177],[-122.3787859,47.6675168],[-122.3788789,47.6675166]]}},{"type":"Feature","id":"way/361215683/624","properties":{"highway":"service","service":"parking_aisle","surface":"concrete","osm_id":361215683},"geometry":{"type":"LineString","coordinates":[[-122.3773826,47.6682374],[-122.3773821,47.6680772],[-122.3773818,47.6679761],[-122.3773816,47.6678957]]}},{"type":"Feature","id":"way/361224520/625","properties":{"highway":"service","service":"parking_aisle","surface":"asphalt","osm_id":361224520},"geometry":{"type":"LineString","coordinates":[[-122.3794883,47.6667359],[-122.3795574,47.6667001],[-122.3799613,47.6664905],[-122.3803353,47.6668033],[-122.3803658,47.6668498],[-122.3804909,47.6669581],[-122.3805183,47.6669818]]}},{"type":"Feature","id":"way/361784038/626","properties":{"highway":"service","oneway":"yes","service":"parking_aisle","osm_id":361784038},"geometry":{"type":"LineString","coordinates":[[-122.3657524,47.6690803],[-122.3660311,47.6690793],[-122.3660486,47.6690784],[-122.3661757,47.6690721]]}},{"type":"Feature","id":"way/361784039/627","properties":{"highway":"service","service":"parking_aisle","osm_id":361784039},"geometry":{"type":"LineString","coordinates":[[-122.3657524,47.6690803],[-122.3657451,47.6687715],[-122.3657425,47.668662]]}},{"type":"Feature","id":"way/361798559/628","properties":{"highway":"service","service":"parking_aisle","osm_id":361798559},"geometry":{"type":"LineString","coordinates":[[-122.3775188,47.6521648],[-122.3768922,47.652163]]}},{"type":"Feature","id":"way/361815347/629","properties":{"access":"destination","highway":"service","maxspeed":"15 mph","service":"alley","osm_id":361815347},"geometry":{"type":"LineString","coordinates":[[-122.3789443,47.6654637],[-122.3788218,47.6654046],[-122.3787884,47.6654045],[-122.3764132,47.6653949],[-122.3762912,47.6653941]]}},{"type":"Feature","id":"way/361988438/630","properties":{"highway":"service","maxspeed":"15 mph","service":"alley","osm_id":361988438},"geometry":{"type":"LineString","coordinates":[[-122.3666682,47.6525147],[-122.3664509,47.6524732],[-122.3660218,47.6523955],[-122.3655899,47.6522961],[-122.3653888,47.6522455]]}},{"type":"Feature","id":"way/361988439/631","properties":{"highway":"service","maxspeed":"15 mph","service":"alley","osm_id":361988439},"geometry":{"type":"LineString","coordinates":[[-122.3655899,47.6522961],[-122.3654132,47.6526092]]}},{"type":"Feature","id":"way/362124547/632","properties":{"highway":"service","service":"parking_aisle","surface":"asphalt","osm_id":362124547},"geometry":{"type":"LineString","coordinates":[[-122.379188,47.6657814],[-122.3794169,47.6656587],[-122.3795108,47.6656083]]}},{"type":"Feature","id":"way/362124548/633","properties":{"highway":"service","service":"parking_aisle","osm_id":362124548},"geometry":{"type":"LineString","coordinates":[[-122.379231,47.6655434],[-122.3792653,47.6655832],[-122.3791356,47.6656514],[-122.3791144,47.6655385],[-122.3791764,47.6655017],[-122.379231,47.6655434]]}},{"type":"Feature","id":"way/362124550/634","properties":{"highway":"service","service":"parking_aisle","osm_id":362124550},"geometry":{"type":"LineString","coordinates":[[-122.380334,47.6657804],[-122.3800368,47.6659344],[-122.3799497,47.6659796]]}},{"type":"Feature","id":"way/362124552/635","properties":{"highway":"service","oneway":"yes","service":"parking_aisle","surface":"concrete","osm_id":362124552},"geometry":{"type":"LineString","coordinates":[[-122.3806412,47.6654098],[-122.3805217,47.6654741],[-122.3798931,47.6658125],[-122.379807,47.6658589]]}},{"type":"Feature","id":"way/362124554/636","properties":{"highway":"service","oneway":"yes","service":"parking_aisle","surface":"concrete","osm_id":362124554},"geometry":{"type":"LineString","coordinates":[[-122.3805474,47.6653329],[-122.3804299,47.6653965],[-122.3798029,47.665736],[-122.3797168,47.6657826]]}},{"type":"Feature","id":"way/362126348/637","properties":{"highway":"service","surface":"asphalt","osm_id":362126348},"geometry":{"type":"LineString","coordinates":[[-122.3800592,47.6651275],[-122.3800915,47.6651106],[-122.3802042,47.6650517]]}},{"type":"Feature","id":"way/362126349/638","properties":{"highway":"service","service":"parking_aisle","surface":"asphalt","osm_id":362126349},"geometry":{"type":"LineString","coordinates":[[-122.3800592,47.6651275],[-122.3800641,47.6651483],[-122.3800622,47.665171],[-122.3800526,47.6651888],[-122.380034,47.665207],[-122.3796261,47.6654214],[-122.3795935,47.6654291],[-122.3795504,47.6654295],[-122.3795137,47.6654154],[-122.3794868,47.6653923],[-122.3794787,47.6653699],[-122.3794845,47.66535],[-122.3794982,47.6653342],[-122.3799346,47.6651045],[-122.3799642,47.6650975],[-122.3799963,47.6651015],[-122.3800299,47.6651122],[-122.3800592,47.6651275]]}},{"type":"Feature","id":"way/363613676/639","properties":{"hgv":"designated","highway":"tertiary","lanes":"2","maxspeed":"25 mph","name":"Northwest 46th Street","old_name":"B Street","sidewalk":"separate","snowplowing":"no","source:hgv":"https://www.seattle.gov/Documents/Departments/SDOT/Services/Permits/MajorTruckStreets.pdf","surface":"asphalt","winter_service":"no","osm_id":363613676},"geometry":{"type":"LineString","coordinates":[[-122.37352,47.6621993],[-122.3736759,47.6621972],[-122.3738282,47.6621999],[-122.3738554,47.6621996],[-122.3747184,47.6622006],[-122.3748627,47.6622008]]}},{"type":"Feature","id":"way/363613681/640","properties":{"hgv":"designated","highway":"tertiary","lanes":"2","maxheight:signed":"no","maxspeed":"25 mph","name":"Northwest 46th Street","old_name":"B Street","sidewalk":"separate","snowplowing":"no","source:hgv":"https://www.seattle.gov/Documents/Departments/SDOT/Services/Permits/MajorTruckStreets.pdf","surface":"asphalt","winter_service":"no","osm_id":363613681},"geometry":{"type":"LineString","coordinates":[[-122.3764952,47.6622057],[-122.3765659,47.662206],[-122.3775786,47.6622079],[-122.3776578,47.6622081],[-122.3777145,47.6622063]]}},{"type":"Feature","id":"way/364398918/641","properties":{"highway":"service","service":"parking_aisle","osm_id":364398918},"geometry":{"type":"LineString","coordinates":[[-122.37529,47.671635],[-122.3752902,47.6715643],[-122.3752904,47.6714532],[-122.3751992,47.671309],[-122.3751952,47.6711081],[-122.3752562,47.6710769],[-122.3753581,47.6710765]]}},{"type":"Feature","id":"way/364398919/642","properties":{"highway":"service","service":"parking_aisle","osm_id":364398919},"geometry":{"type":"LineString","coordinates":[[-122.3752904,47.6714532],[-122.3754842,47.6714544]]}},{"type":"Feature","id":"way/364399689/643","properties":{"highway":"service","oneway":"yes","osm_id":364399689},"geometry":{"type":"LineString","coordinates":[[-122.3609006,47.6488066],[-122.3610302,47.6488074]]}},{"type":"Feature","id":"way/364399690/644","properties":{"highway":"service","oneway":"yes","osm_id":364399690},"geometry":{"type":"LineString","coordinates":[[-122.3610302,47.6488074],[-122.3615418,47.6488059]]}},{"type":"Feature","id":"way/364401076/645","properties":{"highway":"service","service":"parking_aisle","osm_id":364401076},"geometry":{"type":"LineString","coordinates":[[-122.3743799,47.6707466],[-122.3743612,47.6708322],[-122.3743612,47.670904]]}},{"type":"Feature","id":"way/364414555/646","properties":{"highway":"service","lanes":"1","maxspeed":"15 mph","service":"alley","osm_id":364414555},"geometry":{"type":"LineString","coordinates":[[-122.3585662,47.6678267],[-122.3585448,47.6675616],[-122.3585346,47.6675369],[-122.3584298,47.6674635],[-122.3584103,47.6674558],[-122.3583571,47.6674349]]}},{"type":"Feature","id":"way/364414556/647","properties":{"highway":"service","lanes":"1","maxspeed":"15 mph","service":"alley","osm_id":364414556},"geometry":{"type":"LineString","coordinates":[[-122.3587332,47.6681806],[-122.3587372,47.6681357],[-122.3587576,47.667909],[-122.3588743,47.6678675],[-122.3588716,47.6677302]]}},{"type":"Feature","id":"way/365027818/648","properties":{"highway":"service","osm_id":365027818},"geometry":{"type":"LineString","coordinates":[[-122.3659291,47.6589509],[-122.3659246,47.6588773],[-122.3658,47.6587218],[-122.3656506,47.6584781]]}},{"type":"Feature","id":"way/365750242/649","properties":{"highway":"service","service":"parking_aisle","osm_id":365750242},"geometry":{"type":"LineString","coordinates":[[-122.3644149,47.651163],[-122.3642714,47.6514179]]}},{"type":"Feature","id":"way/365750244/650","properties":{"highway":"service","service":"parking_aisle","osm_id":365750244},"geometry":{"type":"LineString","coordinates":[[-122.3640882,47.6510898],[-122.3639415,47.6513754]]}},{"type":"Feature","id":"way/365750246/651","properties":{"highway":"service","service":"parking_aisle","osm_id":365750246},"geometry":{"type":"LineString","coordinates":[[-122.3638644,47.6510397],[-122.3637229,47.6513257]]}},{"type":"Feature","id":"way/365750248/652","properties":{"highway":"service","service":"parking_aisle","osm_id":365750248},"geometry":{"type":"LineString","coordinates":[[-122.3636813,47.6509987],[-122.3635391,47.6512815]]}},{"type":"Feature","id":"way/365750252/653","properties":{"highway":"service","service":"parking_aisle","osm_id":365750252},"geometry":{"type":"LineString","coordinates":[[-122.3634893,47.6509557],[-122.3633406,47.6512426]]}},{"type":"Feature","id":"way/365750254/654","properties":{"highway":"service","service":"parking_aisle","osm_id":365750254},"geometry":{"type":"LineString","coordinates":[[-122.3632418,47.6509003],[-122.3630858,47.6511902]]}},{"type":"Feature","id":"way/365750256/655","properties":{"highway":"service","service":"parking_aisle","osm_id":365750256},"geometry":{"type":"LineString","coordinates":[[-122.3629975,47.6508456],[-122.3628485,47.651136]]}},{"type":"Feature","id":"way/365750263/656","properties":{"highway":"service","service":"parking_aisle","osm_id":365750263},"geometry":{"type":"LineString","coordinates":[[-122.3620974,47.650949],[-122.3622288,47.6506735]]}},{"type":"Feature","id":"way/366033986/657","properties":{"access":"destination","highway":"service","maxspeed":"15 mph","service":"alley","osm_id":366033986},"geometry":{"type":"LineString","coordinates":[[-122.3761514,47.6653935],[-122.3760588,47.6653934],[-122.3750024,47.6653928],[-122.374913,47.6653927],[-122.3737901,47.6653921],[-122.3736656,47.665392]]}},{"type":"Feature","id":"way/366033987/658","properties":{"highway":"service","lanes":"1","service":"parking_aisle","osm_id":366033987},"geometry":{"type":"LineString","coordinates":[[-122.374913,47.6653927],[-122.3749127,47.665378],[-122.3749155,47.6651402],[-122.3749156,47.6651289],[-122.3749163,47.665053]]}},{"type":"Feature","id":"way/366033988/659","properties":{"highway":"service","lanes":"1","service":"parking_aisle","osm_id":366033988},"geometry":{"type":"LineString","coordinates":[[-122.3751703,47.6653069],[-122.3751723,47.6651399],[-122.3751724,47.665129],[-122.3751733,47.6650537]]}},{"type":"Feature","id":"way/366034634/660","properties":{"highway":"service","surface":"concrete","osm_id":366034634},"geometry":{"type":"LineString","coordinates":[[-122.3750861,47.663663],[-122.3750861,47.663777],[-122.3750861,47.6637935]]}},{"type":"Feature","id":"way/366211104/661","properties":{"highway":"service","osm_id":366211104},"geometry":{"type":"LineString","coordinates":[[-122.3866537,47.660577],[-122.3865243,47.6607372],[-122.3864247,47.6608619],[-122.3861641,47.661057],[-122.3861215,47.6610874],[-122.3860402,47.6611454],[-122.3860029,47.661172],[-122.3858443,47.6612854],[-122.3857201,47.6613751]]}},{"type":"Feature","id":"way/366211105/662","properties":{"highway":"service","osm_id":366211105},"geometry":{"type":"LineString","coordinates":[[-122.3859561,47.660315],[-122.3858124,47.6604093],[-122.3856687,47.6605648],[-122.385468,47.6607819],[-122.385354,47.6609051]]}},{"type":"Feature","id":"way/366211107/663","properties":{"highway":"service","service":"parking_aisle","osm_id":366211107},"geometry":{"type":"LineString","coordinates":[[-122.3839727,47.6602323],[-122.3838054,47.6600385],[-122.3837124,47.6599281],[-122.3835281,47.6597134],[-122.3831043,47.6595851]]}},{"type":"Feature","id":"way/366211108/664","properties":{"highway":"service","service":"parking_aisle","osm_id":366211108},"geometry":{"type":"LineString","coordinates":[[-122.3864443,47.6568537],[-122.3860924,47.6568531]]}},{"type":"Feature","id":"way/366211109/665","properties":{"highway":"service","service":"parking_aisle","osm_id":366211109},"geometry":{"type":"LineString","coordinates":[[-122.3847103,47.6562291],[-122.3845966,47.6562292],[-122.3845532,47.6562293],[-122.3842616,47.6562234],[-122.3842105,47.6561989],[-122.3842048,47.6561577],[-122.3842389,47.6560468],[-122.3842879,47.6559674],[-122.3843186,47.6559195]]}},{"type":"Feature","id":"way/366215103/666","properties":{"highway":"service","service":"parking_aisle","surface":"concrete","osm_id":366215103},"geometry":{"type":"LineString","coordinates":[[-122.3845499,47.6667034],[-122.384501,47.6666609],[-122.3841927,47.6663926]]}},{"type":"Feature","id":"way/366215105/667","properties":{"highway":"service","service":"parking_aisle","surface":"pebblestone","osm_id":366215105},"geometry":{"type":"LineString","coordinates":[[-122.3837748,47.6659158],[-122.3835065,47.6660477]]}},{"type":"Feature","id":"way/366215106/668","properties":{"highway":"service","maxspeed":"15 mph","service":"alley","osm_id":366215106},"geometry":{"type":"LineString","coordinates":[[-122.3869477,47.6686793],[-122.3869448,47.6685796],[-122.3869438,47.6685467],[-122.3856053,47.6676268],[-122.3854117,47.6674938],[-122.3848748,47.6671247],[-122.384857,47.6671125],[-122.3847716,47.6670835]]}},{"type":"Feature","id":"way/366215111/669","properties":{"highway":"service","service":"parking_aisle","surface":"asphalt","osm_id":366215111},"geometry":{"type":"LineString","coordinates":[[-122.3803023,47.6642214],[-122.380073,47.6640336]]}},{"type":"Feature","id":"way/366215123/670","properties":{"highway":"service","service":"parking_aisle","osm_id":366215123},"geometry":{"type":"LineString","coordinates":[[-122.3688882,47.6628441],[-122.3688814,47.662372],[-122.3687577,47.6623729]]}},{"type":"Feature","id":"way/366215124/671","properties":{"highway":"service","osm_id":366215124},"geometry":{"type":"LineString","coordinates":[[-122.3705119,47.6621902],[-122.3705126,47.6621171],[-122.370513,47.6620754]]}},{"type":"Feature","id":"way/366215125/672","properties":{"highway":"service","service":"parking_aisle","osm_id":366215125},"geometry":{"type":"LineString","coordinates":[[-122.370513,47.6620754],[-122.3705137,47.6620052],[-122.3705164,47.6617177],[-122.3705167,47.6616819]]}},{"type":"Feature","id":"way/366215127/673","properties":{"highway":"service","osm_id":366215127},"geometry":{"type":"LineString","coordinates":[[-122.3705164,47.6617177],[-122.3706752,47.6617184],[-122.3707449,47.6617187]]}},{"type":"Feature","id":"way/366215131/674","properties":{"highway":"service","service":"parking_aisle","osm_id":366215131},"geometry":{"type":"LineString","coordinates":[[-122.3689041,47.6619983],[-122.3689074,47.6616526],[-122.369157,47.6616536],[-122.3691538,47.6619994]]}},{"type":"Feature","id":"way/366215132/675","properties":{"highway":"service","osm_id":366215132},"geometry":{"type":"LineString","coordinates":[[-122.3691519,47.6621935],[-122.3691526,47.6621177],[-122.3691538,47.6619994]]}},{"type":"Feature","id":"way/366526843/676","properties":{"highway":"service","oneway":"yes","service":"drive-through","surface":"asphalt","osm_id":366526843},"geometry":{"type":"LineString","coordinates":[[-122.3770844,47.6684435],[-122.3770865,47.6680139]]}},{"type":"Feature","id":"way/366527409/677","properties":{"highway":"service","service":"parking_aisle","surface":"asphalt","osm_id":366527409},"geometry":{"type":"LineString","coordinates":[[-122.3796017,47.6682225],[-122.3793643,47.6683498]]}},{"type":"Feature","id":"way/366527410/678","properties":{"highway":"service","service":"parking_aisle","surface":"asphalt","osm_id":366527410},"geometry":{"type":"LineString","coordinates":[[-122.3793643,47.6683498],[-122.3792784,47.6682791],[-122.3791559,47.6681776],[-122.3790331,47.6680771]]}},{"type":"Feature","id":"way/366527411/679","properties":{"highway":"service","service":"parking_aisle","surface":"asphalt","osm_id":366527411},"geometry":{"type":"LineString","coordinates":[[-122.3792784,47.6682791],[-122.3790438,47.6682794]]}},{"type":"Feature","id":"way/366701031/680","properties":{"highway":"service","service":"parking_aisle","osm_id":366701031},"geometry":{"type":"LineString","coordinates":[[-122.3867921,47.6558693],[-122.386872,47.6559739]]}},{"type":"Feature","id":"way/366739966/681","properties":{"highway":"service","service":"parking_aisle","osm_id":366739966},"geometry":{"type":"LineString","coordinates":[[-122.3666561,47.6528058],[-122.3662306,47.6527032]]}},{"type":"Feature","id":"way/366739968/682","properties":{"highway":"service","service":"parking_aisle","osm_id":366739968},"geometry":{"type":"LineString","coordinates":[[-122.3662976,47.6525767],[-122.3667269,47.6526775]]}},{"type":"Feature","id":"way/366739970/683","properties":{"highway":"service","service":"parking_aisle","osm_id":366739970},"geometry":{"type":"LineString","coordinates":[[-122.3660254,47.6527185],[-122.3661099,47.6525559]]}},{"type":"Feature","id":"way/366739971/684","properties":{"highway":"service","service":"parking_aisle","osm_id":366739971},"geometry":{"type":"LineString","coordinates":[[-122.3605599,47.6502865],[-122.3605612,47.6499799]]}},{"type":"Feature","id":"way/366739972/685","properties":{"highway":"service","service":"parking_aisle","osm_id":366739972},"geometry":{"type":"LineString","coordinates":[[-122.3602917,47.6499802],[-122.360293,47.6502865]]}},{"type":"Feature","id":"way/366739973/686","properties":{"highway":"service","service":"parking_aisle","osm_id":366739973},"geometry":{"type":"LineString","coordinates":[[-122.3600422,47.6502874],[-122.3600436,47.6499804]]}},{"type":"Feature","id":"way/366739974/687","properties":{"highway":"service","service":"parking_aisle","osm_id":366739974},"geometry":{"type":"LineString","coordinates":[[-122.3597727,47.6502694],[-122.35977,47.6499806]]}},{"type":"Feature","id":"way/366739975/688","properties":{"highway":"service","service":"parking_aisle","osm_id":366739975},"geometry":{"type":"LineString","coordinates":[[-122.3605022,47.64998],[-122.3605009,47.6496731]]}},{"type":"Feature","id":"way/366739977/689","properties":{"highway":"service","service":"parking_aisle","osm_id":366739977},"geometry":{"type":"LineString","coordinates":[[-122.3602689,47.6499802],[-122.3602729,47.6496903]]}},{"type":"Feature","id":"way/366739978/690","properties":{"highway":"service","service":"parking_aisle","osm_id":366739978},"geometry":{"type":"LineString","coordinates":[[-122.3600436,47.6499804],[-122.3600436,47.6496875]]}},{"type":"Feature","id":"way/366739979/691","properties":{"highway":"service","service":"parking_aisle","osm_id":366739979},"geometry":{"type":"LineString","coordinates":[[-122.3597968,47.6499805],[-122.3597928,47.6496857]]}},{"type":"Feature","id":"way/366892597/692","properties":{"highway":"service","lanes":"1","maxspeed":"15 mph","service":"alley","osm_id":366892597},"geometry":{"type":"LineString","coordinates":[[-122.3573979,47.6682891],[-122.3573222,47.6682888],[-122.357,47.668287596770824]]}},{"type":"Feature","id":"way/366892601/693","properties":{"highway":"service","service":"parking_aisle","osm_id":366892601},"geometry":{"type":"LineString","coordinates":[[-122.3728243,47.6607826],[-122.3723868,47.6607373],[-122.3719673,47.6606751],[-122.3715832,47.6604358]]}},{"type":"Feature","id":"way/366892602/694","properties":{"highway":"service","service":"parking_aisle","osm_id":366892602},"geometry":{"type":"LineString","coordinates":[[-122.3715874,47.6610211],[-122.3719654,47.6610228],[-122.3723871,47.6610247],[-122.3723868,47.6607373]]}},{"type":"Feature","id":"way/366892604/695","properties":{"highway":"service","osm_id":366892604},"geometry":{"type":"LineString","coordinates":[[-122.3635812,47.6551956],[-122.3637792,47.6551986],[-122.3640092,47.655202],[-122.3645671,47.655435],[-122.3655917,47.6560312]]}},{"type":"Feature","id":"way/366892605/696","properties":{"highway":"service","osm_id":366892605},"geometry":{"type":"LineString","coordinates":[[-122.3660708,47.6563483],[-122.3667893,47.6566419]]}},{"type":"Feature","id":"way/366892606/697","properties":{"highway":"service","osm_id":366892606},"geometry":{"type":"LineString","coordinates":[[-122.3660983,47.6566758],[-122.3663119,47.6567647],[-122.3665184,47.6569255],[-122.3665801,47.6570231],[-122.3663682,47.6571225],[-122.3662743,47.6571893],[-122.3662689,47.6572746]]}},{"type":"Feature","id":"way/368004072/698","properties":{"highway":"service","osm_id":368004072},"geometry":{"type":"LineString","coordinates":[[-122.3798323,47.6621555],[-122.3798201,47.6620396],[-122.3801147,47.6616086],[-122.3801037,47.661558],[-122.3799867,47.6615023],[-122.3797836,47.6614781],[-122.3794339,47.6613432],[-122.3793091,47.6613121],[-122.3792413,47.6613131],[-122.3791874,47.6613432],[-122.3791473,47.6614179],[-122.3789255,47.6617458],[-122.378753,47.6618973],[-122.3786898,47.6619896],[-122.3785998,47.6621315],[-122.3785538,47.662204],[-122.378541,47.6622226],[-122.3785315,47.6622382],[-122.3785217,47.6622523],[-122.3785,47.6622849]]}},{"type":"Feature","id":"way/368004282/699","properties":{"highway":"service","osm_id":368004282},"geometry":{"type":"LineString","coordinates":[[-122.377853,47.6613684],[-122.3782134,47.6614709],[-122.3785034,47.6610384],[-122.3781181,47.6609289],[-122.3778727,47.6612974],[-122.377853,47.6613684],[-122.3778408,47.6614122],[-122.3776133,47.6615775],[-122.3775454,47.6616269],[-122.3774987,47.6616741],[-122.377366,47.6618563],[-122.37735,47.6618771],[-122.3773448,47.6618867],[-122.3773297,47.6619114]]}},{"type":"Feature","id":"way/368006336/700","properties":{"highway":"service","surface":"compacted","osm_id":368006336},"geometry":{"type":"LineString","coordinates":[[-122.381629,47.6638505],[-122.3817076,47.6638167],[-122.3817344,47.6638027],[-122.3817787,47.6637782]]}},{"type":"Feature","id":"way/368006337/701","properties":{"highway":"service","surface":"gravel","osm_id":368006337},"geometry":{"type":"LineString","coordinates":[[-122.3820108,47.6639936],[-122.3817787,47.6637782],[-122.3813701,47.6634401],[-122.3811248,47.6632593],[-122.3810125,47.6631719],[-122.3807629,47.6630012],[-122.3805557,47.6628777],[-122.3803957,47.6627955],[-122.3801675,47.6626993],[-122.3799218,47.662608],[-122.3797762,47.6625699],[-122.3794542,47.6624731],[-122.3790714,47.6623735],[-122.3788496,47.6623211],[-122.378541,47.6622226]]}},{"type":"Feature","id":"way/368006338/702","properties":{"highway":"service","surface":"compacted","osm_id":368006338},"geometry":{"type":"LineString","coordinates":[[-122.3832689,47.6643168],[-122.3829678,47.66447],[-122.382826,47.6644707],[-122.3827186,47.6645296],[-122.3826934,47.6645403],[-122.382638,47.6645625],[-122.3826114,47.6645719],[-122.3825235,47.6646128]]}},{"type":"Feature","id":"way/368006339/703","properties":{"highway":"service","service":"parking_aisle","surface":"asphalt","osm_id":368006339},"geometry":{"type":"LineString","coordinates":[[-122.382461,47.6640426],[-122.3822831,47.664099]]}},{"type":"Feature","id":"way/368006340/704","properties":{"highway":"service","surface":"asphalt","osm_id":368006340},"geometry":{"type":"LineString","coordinates":[[-122.3829426,47.664968],[-122.3830291,47.6649265],[-122.3830599,47.664914],[-122.3831137,47.6648982],[-122.3831468,47.6648854],[-122.3832758,47.6648174],[-122.3833298,47.66479],[-122.3833732,47.6647554],[-122.3833918,47.6647185],[-122.3833971,47.6646714],[-122.3833856,47.6646368],[-122.3833573,47.6646136],[-122.3833192,47.6646017],[-122.3832652,47.6645999],[-122.3831883,47.6646207],[-122.3830856,47.664669],[-122.3829563,47.6647325],[-122.3829323,47.6647436],[-122.382884,47.6647675],[-122.3828573,47.6647814],[-122.3827669,47.664819]]}},{"type":"Feature","id":"way/368006341/705","properties":{"highway":"service","osm_id":368006341},"geometry":{"type":"LineString","coordinates":[[-122.3833856,47.6646368],[-122.383451,47.6646172],[-122.3837129,47.664473]]}},{"type":"Feature","id":"way/368868641/706","properties":{"highway":"service","service":"parking_aisle","osm_id":368868641},"geometry":{"type":"LineString","coordinates":[[-122.3705167,47.6616819],[-122.3701986,47.6616806]]}},{"type":"Feature","id":"way/369619637/707","properties":{"bicycle":"designated","cycleway:left":"shared_lane","cycleway:right":"track","cycleway:right:oneway":"no","hgv":"designated","highway":"tertiary","lanes":"2","maxspeed":"25 mph","name":"Northwest 46th Street","sidewalk":"separate","source:hgv":"https://www.seattle.gov/Documents/Departments/SDOT/Services/Permits/MajorTruckStreets.pdf","surface":"asphalt","osm_id":369619637},"geometry":{"type":"LineString","coordinates":[[-122.3777145,47.6622063],[-122.377849,47.6622018]]}},{"type":"Feature","id":"way/370778206/708","properties":{"bridge":"yes","foot":"no","highway":"primary_link","layer":"1","maxspeed":"25 mph","oneway":"yes","parking:lane:both":"no_stopping","surface":"asphalt","osm_id":370778206},"geometry":{"type":"LineString","coordinates":[[-122.3761212,47.6544757],[-122.3761776,47.6548165]]}},{"type":"Feature","id":"way/370778214/709","properties":{"bicycle":"designated","bridge":"yes","foot":"yes","footway":"sidewalk","highway":"footway","segregated":"no","surface":"concrete","tunnel":"building_passage","osm_id":370778214},"geometry":{"type":"LineString","coordinates":[[-122.3761336,47.6593988],[-122.376126,47.6594217],[-122.376126,47.6594493]]}},{"type":"Feature","id":"way/370778215/710","properties":{"bicycle":"designated","bridge":"yes","foot":"designated","footway":"sidewalk","highway":"footway","layer":"1","seamark:bridge:category":"bascule","seamark:type":"bridge","segregated":"no","surface":"concrete","osm_id":370778215},"geometry":{"type":"LineString","coordinates":[[-122.376126,47.6594493],[-122.3761255,47.6602214],[-122.376138,47.6602402],[-122.3761384,47.6612821],[-122.3761363,47.6613519],[-122.3761073,47.6616209],[-122.3760445,47.6622752],[-122.3760402,47.6627993]]}},{"type":"Feature","id":"way/375118395/711","properties":{"bicycle":"designated","cycleway:left":"opposite_lane","cycleway:right":"shared_lane","highway":"residential","maxspeed":"20 mph","name":"17th Avenue Northwest","old_name":"First Avenue West (Ballard)","oneway":"yes","sidewalk":"separate","smoothness":"intermediate","surface":"concrete","osm_id":375118395},"geometry":{"type":"LineString","coordinates":[[-122.3788963,47.6703737],[-122.3788979,47.6702294],[-122.3788943,47.6701709]]}},{"type":"Feature","id":"way/375118396/712","properties":{"highway":"residential","lanes":"2","maxspeed":"20 mph","name":"Northwest 57th Street","old_name":"Wilbert Street","sidewalk":"separate","surface":"asphalt","osm_id":375118396},"geometry":{"type":"LineString","coordinates":[[-122.3788943,47.6701709],[-122.3789755,47.6701709],[-122.3801165,47.6701707],[-122.3810371,47.6701706],[-122.3819906,47.6701709],[-122.3820278,47.6701708],[-122.382156,47.6701705],[-122.3822807,47.670171],[-122.382322,47.6701711],[-122.3838911,47.670178],[-122.3846461,47.6701791],[-122.3847371,47.6701817],[-122.3848728,47.6701803],[-122.385547,47.6701847],[-122.3858582,47.6701863],[-122.3860572,47.6701841],[-122.3861838,47.6701848],[-122.3863042,47.6701881],[-122.3866001,47.6701897],[-122.3869203,47.6701917],[-122.387,47.67019156859027]]}},{"type":"Feature","id":"way/375118404/713","properties":{"bicycle":"designated","cycleway":"shared_lane","highway":"residential","lanes":"2","maxspeed":"20 mph","name":"17th Avenue Northwest","old_name":"First Avenue West (Ballard)","sidewalk":"separate","smoothness":"intermediate","surface":"asphalt","osm_id":375118404},"geometry":{"type":"LineString","coordinates":[[-122.3788963,47.6703737],[-122.3788946,47.6705598],[-122.3788901,47.6706856],[-122.378894,47.6708187],[-122.3788948,47.6708356],[-122.3788961,47.6708601]]}},{"type":"Feature","id":"way/375129192/714","properties":{"highway":"service","osm_id":375129192},"geometry":{"type":"LineString","coordinates":[[-122.3776133,47.6615775],[-122.3775125,47.6614564],[-122.3779215,47.6608576]]}},{"type":"Feature","id":"way/375313526/715","properties":{"highway":"service","osm_id":375313526},"geometry":{"type":"LineString","coordinates":[[-122.3763844,47.6613657],[-122.3765514,47.661171],[-122.376599,47.6611155],[-122.3765949,47.6609258]]}},{"type":"Feature","id":"way/375313527/716","properties":{"highway":"service","osm_id":375313527},"geometry":{"type":"LineString","coordinates":[[-122.3765514,47.661171],[-122.3769249,47.6612501]]}},{"type":"Feature","id":"way/375313528/717","properties":{"highway":"service","name":"6th Avenue Northwest","osm_id":375313528},"geometry":{"type":"LineString","coordinates":[[-122.3635812,47.6551956],[-122.363583,47.6550714]]}},{"type":"Feature","id":"way/375313529/718","properties":{"access":"private","highway":"service","lanes":"2","maxspeed":"25 mph","name":"8th Avenue Northwest","osm_id":375313529},"geometry":{"type":"LineString","coordinates":[[-122.3660708,47.6563483],[-122.3660977,47.6563824],[-122.3661097,47.6564747],[-122.3661059,47.65661],[-122.3660983,47.6566758],[-122.3660918,47.6567316],[-122.3660352,47.6568139],[-122.3659075,47.6568758]]}},{"type":"Feature","id":"way/375313530/719","properties":{"highway":"service","osm_id":375313530},"geometry":{"type":"LineString","coordinates":[[-122.36244,47.6542168],[-122.3622844,47.6541328],[-122.3622388,47.6540931],[-122.3622321,47.6540578],[-122.3621798,47.6540163]]}},{"type":"Feature","id":"way/375604573/720","properties":{"highway":"service","service":"parking_aisle","osm_id":375604573},"geometry":{"type":"LineString","coordinates":[[-122.3759849,47.6481427],[-122.3756938,47.6481409]]}},{"type":"Feature","id":"way/377047385/721","properties":{"highway":"service","service":"parking_aisle","osm_id":377047385},"geometry":{"type":"LineString","coordinates":[[-122.3660217,47.6496192],[-122.365673,47.6496192]]}},{"type":"Feature","id":"way/377047387/722","properties":{"highway":"service","service":"parking_aisle","osm_id":377047387},"geometry":{"type":"LineString","coordinates":[[-122.365673,47.6494584],[-122.3660485,47.649462]]}},{"type":"Feature","id":"way/377047391/723","properties":{"highway":"service","service":"parking_aisle","osm_id":377047391},"geometry":{"type":"LineString","coordinates":[[-122.3660404,47.6490753],[-122.3656944,47.6490717]]}},{"type":"Feature","id":"way/378002245/724","properties":{"highway":"service","service":"parking_aisle","osm_id":378002245},"geometry":{"type":"LineString","coordinates":[[-122.3728056,47.655629],[-122.3730697,47.6556276],[-122.3733197,47.655629]]}},{"type":"Feature","id":"way/379450006/725","properties":{"highway":"service","maxspeed":"15 mph","service":"alley","osm_id":379450006},"geometry":{"type":"LineString","coordinates":[[-122.387,47.65991343689593],[-122.3867474,47.6599128]]}},{"type":"Feature","id":"way/379450007/726","properties":{"highway":"service","service":"parking_aisle","osm_id":379450007},"geometry":{"type":"LineString","coordinates":[[-122.3839038,47.657648],[-122.3838985,47.6572403]]}},{"type":"Feature","id":"way/379450915/727","properties":{"highway":"service","osm_id":379450915},"geometry":{"type":"LineString","coordinates":[[-122.3717113,47.656097],[-122.3716688,47.656177],[-122.3714857,47.6565225]]}},{"type":"Feature","id":"way/379450917/728","properties":{"highway":"service","osm_id":379450917},"geometry":{"type":"LineString","coordinates":[[-122.3714857,47.6565225],[-122.3716346,47.6566087],[-122.3716491,47.6570216],[-122.3716549,47.6571858],[-122.3716759,47.6573486],[-122.3716935,47.6575076],[-122.3717083,47.6576409]]}},{"type":"Feature","id":"way/379450924/729","properties":{"highway":"service","osm_id":379450924},"geometry":{"type":"LineString","coordinates":[[-122.371358,47.6570246],[-122.3712551,47.6570313],[-122.3711052,47.6571831],[-122.3709891,47.6573018],[-122.3709069,47.6573623],[-122.371171,47.6575162],[-122.3716935,47.6575076],[-122.3724015,47.6575253]]}},{"type":"Feature","id":"way/379681379/730","properties":{"highway":"service","maxspeed":"15 mph","service":"alley","osm_id":379681379},"geometry":{"type":"LineString","coordinates":[[-122.3590197,47.6581995],[-122.3590129,47.6578137],[-122.3590117,47.6577489]]}},{"type":"Feature","id":"way/379681381/731","properties":{"access":"destination","highway":"service","maxspeed":"15 mph","service":"alley","osm_id":379681381},"geometry":{"type":"LineString","coordinates":[[-122.3602087,47.6589519],[-122.3602083,47.6590208],[-122.360201,47.6601596],[-122.3602007,47.6602102]]}},{"type":"Feature","id":"way/379681382/732","properties":{"access":"destination","highway":"service","maxspeed":"15 mph","service":"alley","osm_id":379681382},"geometry":{"type":"LineString","coordinates":[[-122.3602984,47.6614839],[-122.3602995,47.6615673],[-122.3603044,47.6619299]]}},{"type":"Feature","id":"way/379681383/733","properties":{"access":"destination","highway":"service","lanes":"1","maxspeed":"15 mph","service":"alley","osm_id":379681383},"geometry":{"type":"LineString","coordinates":[[-122.360813,47.6619313],[-122.3606861,47.661931],[-122.3603044,47.6619299],[-122.3598857,47.6619314]]}},{"type":"Feature","id":"way/379681384/734","properties":{"access":"destination","highway":"service","lanes":"1","maxspeed":"15 mph","service":"alley","osm_id":379681384},"geometry":{"type":"LineString","coordinates":[[-122.3608109,47.6618324],[-122.3609162,47.6618323],[-122.3639117,47.6618289],[-122.3640187,47.6618288]]}},{"type":"Feature","id":"way/379681385/735","properties":{"access":"destination","highway":"service","maxspeed":"15 mph","service":"alley","surface":"gravel","osm_id":379681385},"geometry":{"type":"LineString","coordinates":[[-122.3674713,47.6617635],[-122.3673179,47.6618179],[-122.3672698,47.661835],[-122.366692,47.6618345]]}},{"type":"Feature","id":"way/379681386/736","properties":{"access":"destination","highway":"service","maxspeed":"15 mph","service":"alley","osm_id":379681386},"geometry":{"type":"LineString","coordinates":[[-122.3681798,47.6625197],[-122.3680326,47.6625559],[-122.3679937,47.6625655],[-122.3674051,47.6625629],[-122.3663698,47.6625582],[-122.3663523,47.6625581],[-122.3661865,47.6625574]]}},{"type":"Feature","id":"way/379681387/737","properties":{"access":"destination","highway":"service","maxspeed":"15 mph","service":"alley","osm_id":379681387},"geometry":{"type":"LineString","coordinates":[[-122.3661946,47.6632974],[-122.3660647,47.6632972],[-122.3641191,47.6632942],[-122.3640126,47.663294]]}},{"type":"Feature","id":"way/379681388/738","properties":{"access":"destination","highway":"service","maxspeed":"15 mph","service":"alley","osm_id":379681388},"geometry":{"type":"LineString","coordinates":[[-122.3661951,47.6640172],[-122.3660609,47.6640177],[-122.3641175,47.6640242],[-122.3639987,47.6640246]]}},{"type":"Feature","id":"way/379681389/739","properties":{"access":"destination","highway":"service","lanes":"1","maxspeed":"15 mph","service":"alley","osm_id":379681389},"geometry":{"type":"LineString","coordinates":[[-122.3608118,47.6647064],[-122.3609257,47.6647066],[-122.3639061,47.6647126],[-122.363995,47.6647128],[-122.3641172,47.664713],[-122.3660603,47.6647153],[-122.366188,47.6647155]]}},{"type":"Feature","id":"way/379681390/740","properties":{"highway":"service","maxspeed":"15 mph","service":"alley","osm_id":379681390},"geometry":{"type":"LineString","coordinates":[[-122.3634779,47.6601306],[-122.3634781,47.6600892],[-122.3634785,47.6600208],[-122.3634789,47.6599587],[-122.3634812,47.6595963]]}},{"type":"Feature","id":"way/381886222/741","properties":{"highway":"service","service":"parking_aisle","surface":"asphalt","osm_id":381886222},"geometry":{"type":"LineString","coordinates":[[-122.3770814,47.6697265],[-122.3770828,47.669628],[-122.3764014,47.6696347],[-122.3762027,47.6696367]]}},{"type":"Feature","id":"way/382190671/742","properties":{"access":"destination","highway":"service","maxspeed":"15 mph","service":"alley","osm_id":382190671},"geometry":{"type":"LineString","coordinates":[[-122.3788865,47.6690901],[-122.3790115,47.6690901],[-122.3801391,47.6690903],[-122.3807729,47.6690903],[-122.3809822,47.6690903],[-122.3810825,47.6690903],[-122.3812571,47.6690905],[-122.3817043,47.6690905],[-122.3820344,47.6690902],[-122.3821598,47.6690902]]}},{"type":"Feature","id":"way/382190887/743","properties":{"highway":"service","service":"parking_aisle","surface":"asphalt","osm_id":382190887},"geometry":{"type":"LineString","coordinates":[[-122.3801391,47.6690903],[-122.3801369,47.6687893],[-122.380136,47.6686669]]}},{"type":"Feature","id":"way/382192596/744","properties":{"highway":"service","service":"parking_aisle","surface":"asphalt","osm_id":382192596},"geometry":{"type":"LineString","coordinates":[[-122.3815136,47.6668506],[-122.3817749,47.6670607]]}},{"type":"Feature","id":"way/382193206/745","properties":{"access":"destination","check_date:surface":"2026-08-07","highway":"service","lit":"yes","maxspeed":"15 mph","service":"alley","surface":"paved","osm_id":382193206},"geometry":{"type":"LineString","coordinates":[[-122.3821598,47.6690902],[-122.3822592,47.6690905],[-122.3832101,47.6690933],[-122.3846492,47.6690976],[-122.3847388,47.6690979]]}},{"type":"Feature","id":"way/382193209/746","properties":{"highway":"service","service":"parking_aisle","surface":"asphalt","osm_id":382193209},"geometry":{"type":"LineString","coordinates":[[-122.3835021,47.6693596],[-122.3835017,47.6692307],[-122.3837158,47.6692323]]}},{"type":"Feature","id":"way/382317405/747","properties":{"highway":"service","service":"parking_aisle","osm_id":382317405},"geometry":{"type":"LineString","coordinates":[[-122.3746596,47.6486436],[-122.3746556,47.6489129],[-122.37439,47.6489065],[-122.3743834,47.6486411]]}},{"type":"Feature","id":"way/382317406/748","properties":{"highway":"service","service":"parking_aisle","osm_id":382317406},"geometry":{"type":"LineString","coordinates":[[-122.3749167,47.6497743],[-122.3749834,47.6497743],[-122.3751657,47.6497743]]}},{"type":"Feature","id":"way/382317407/749","properties":{"highway":"service","service":"parking_aisle","osm_id":382317407},"geometry":{"type":"LineString","coordinates":[[-122.3749147,47.6496443],[-122.3749826,47.649644],[-122.3751201,47.6496433]]}},{"type":"Feature","id":"way/382317409/750","properties":{"highway":"service","service":"parking_aisle","osm_id":382317409},"geometry":{"type":"LineString","coordinates":[[-122.3755643,47.65144],[-122.3756453,47.6514177],[-122.375699,47.6514316],[-122.3757357,47.6514496],[-122.375951,47.6514473]]}},{"type":"Feature","id":"way/382318469/751","properties":{"highway":"service","service":"parking_aisle","surface":"asphalt","osm_id":382318469},"geometry":{"type":"LineString","coordinates":[[-122.3786632,47.6486661],[-122.3783212,47.6486643],[-122.3783239,47.6488576]]}},{"type":"Feature","id":"way/382971680/752","properties":{"highway":"service","service":"parking_aisle","osm_id":382971680},"geometry":{"type":"LineString","coordinates":[[-122.3747722,47.6710788],[-122.3745616,47.6710785],[-122.3744622,47.6710785],[-122.3740694,47.6710785]]}},{"type":"Feature","id":"way/382989485/753","properties":{"bicycle":"designated","cycleway":"shared_lane","highway":"residential","maxspeed":"20 mph","name":"Northwest 58th Street","old_name":"Times Street","parking:both":"lane","parking:both:orientation":"parallel","sidewalk":"separate","surface":"asphalt","osm_id":382989485},"geometry":{"type":"LineString","coordinates":[[-122.3848205,47.6709192],[-122.3848539,47.6709193],[-122.3854493,47.6709198],[-122.385802,47.6709208],[-122.386824,47.6709237],[-122.387,47.670924172991135]]}},{"type":"Feature","id":"way/382989486/754","properties":{"bicycle":"designated","cycleway:left":"opposite_lane","cycleway:right":"shared_lane","highway":"residential","lit":"yes","maxspeed":"20 mph","name":"Northwest 58th Street","oneway":"yes","oneway:bicycle":"no","sidewalk":"separate","surface":"asphalt","osm_id":382989486},"geometry":{"type":"LineString","coordinates":[[-122.3756259,47.670905],[-122.3760893,47.6709052],[-122.376193,47.6709051]]}},{"type":"Feature","id":"way/383573862/755","properties":{"highway":"service","service":"parking_aisle","osm_id":383573862},"geometry":{"type":"LineString","coordinates":[[-122.3831292,47.6706537],[-122.3831271,47.6708405]]}},{"type":"Feature","id":"way/384916322/756","properties":{"highway":"service","surface":"asphalt","osm_id":384916322},"geometry":{"type":"LineString","coordinates":[[-122.3680401,47.6589726],[-122.3685062,47.6588319],[-122.368699,47.6587738],[-122.3691702,47.6586039]]}},{"type":"Feature","id":"way/384916331/757","properties":{"highway":"service","lanes":"1","osm_id":384916331},"geometry":{"type":"LineString","coordinates":[[-122.3728384,47.6650377],[-122.3728381,47.6649719],[-122.372838,47.6649608]]}},{"type":"Feature","id":"way/386877011/758","properties":{"highway":"service","oneway":"yes","service":"parking_aisle","surface":"asphalt","osm_id":386877011},"geometry":{"type":"LineString","coordinates":[[-122.3854802,47.6693777],[-122.3854828,47.6692121],[-122.3854751,47.6691955],[-122.3854628,47.6691836],[-122.3854451,47.6691732],[-122.3854189,47.6691685],[-122.3849251,47.6691671]]}},{"type":"Feature","id":"way/386890628/759","properties":{"highway":"service","oneway":"yes","service":"parking_aisle","surface":"asphalt","osm_id":386890628},"geometry":{"type":"LineString","coordinates":[[-122.3860284,47.669181],[-122.3860277,47.6693123],[-122.3860906,47.6693123],[-122.3863769,47.6693123],[-122.3863765,47.6691808],[-122.3860872,47.669181],[-122.3860284,47.669181]]}},{"type":"Feature","id":"way/386897029/760","properties":{"highway":"service","oneway":"yes","service":"parking_aisle","surface":"asphalt","osm_id":386897029},"geometry":{"type":"LineString","coordinates":[[-122.3866001,47.6701897],[-122.3866003,47.670111],[-122.3866009,47.6699203],[-122.386582,47.6698809],[-122.3865269,47.6698595],[-122.3864521,47.6698364]]}},{"type":"Feature","id":"way/387223114/761","properties":{"highway":"service","oneway":"yes","service":"drive-through","osm_id":387223114},"geometry":{"type":"LineString","coordinates":[[-122.3835142,47.6559537],[-122.3833782,47.6559529]]}},{"type":"Feature","id":"way/388504051/762","properties":{"highway":"service","service":"parking_aisle","surface":"concrete","osm_id":388504051},"geometry":{"type":"LineString","coordinates":[[-122.382461,47.6640426],[-122.3829441,47.6637811],[-122.3830834,47.6639048],[-122.3827066,47.6641008]]}},{"type":"Feature","id":"way/388614001/763","properties":{"cycleway:both":"no","highway":"secondary","lanes":"4","maxspeed":"25 mph","name":"Northwest Leary Way","oneway":"no","parking:both":"lane","parking:both:orientation":"parallel","sidewalk:both":"separate","snowplowing":"yes","surface":"concrete","winter_service":"yes","winter_service:priority":"2","osm_id":388614001},"geometry":{"type":"LineString","coordinates":[[-122.37639,47.6636674],[-122.3764917,47.6636678],[-122.3769749,47.6636699],[-122.3774778,47.6636721],[-122.3775909,47.6636726],[-122.3777931,47.6636735],[-122.3780495,47.6636746]]}},{"type":"Feature","id":"way/388614004/764","properties":{"highway":"primary","lanes":"1","maxspeed":"30 mph","name":"15th Avenue Northwest","oneway":"yes","parking:lane:both":"no_stopping","sidewalk:left":"no","sidewalk:right":"yes","surface":"concrete","osm_id":388614004},"geometry":{"type":"LineString","coordinates":[[-122.37639,47.6636674],[-122.3763876,47.6635615],[-122.3763803,47.663212],[-122.3763733,47.6629422]]}},{"type":"Feature","id":"way/388614005/765","properties":{"cycleway:both":"no","highway":"secondary","lanes":"4","maxspeed":"25 mph","name":"Northwest Leary Way","oneway":"no","sidewalk":"separate","snowplowing":"yes","surface":"asphalt","winter_service":"yes","winter_service:priority":"2","osm_id":388614005},"geometry":{"type":"LineString","coordinates":[[-122.3760711,47.6636638],[-122.37639,47.6636674]]}},{"type":"Feature","id":"way/388614007/766","properties":{"hgv":"designated","highway":"primary","lanes":"1","maxspeed":"30 mph","name":"15th Avenue Northwest","oneway":"yes","source:hgv":"https://www.seattle.gov/Documents/Departments/SDOT/Services/Permits/MajorTruckStreets.pdf","surface":"concrete","osm_id":388614007},"geometry":{"type":"LineString","coordinates":[[-122.3760711,47.6636638],[-122.3760723,47.6637777],[-122.3760789,47.6643978],[-122.3760776,47.6647617],[-122.3760766,47.6650564],[-122.3761167,47.665237],[-122.3761514,47.6653935],[-122.3761679,47.6654678]]}},{"type":"Feature","id":"way/388926777/767","properties":{"highway":"service","service":"parking_aisle","osm_id":388926777},"geometry":{"type":"LineString","coordinates":[[-122.357314,47.661563],[-122.3573086,47.6618966]]}},{"type":"Feature","id":"way/388926778/768","properties":{"highway":"service","service":"parking_aisle","osm_id":388926778},"geometry":{"type":"LineString","coordinates":[[-122.357,47.661938436014964],[-122.3571638,47.6619391]]}},{"type":"Feature","id":"way/389131521/769","properties":{"highway":"service","osm_id":389131521},"geometry":{"type":"LineString","coordinates":[[-122.3859366,47.6573533],[-122.3860792,47.6573537],[-122.3862151,47.6573541]]}},{"type":"Feature","id":"way/389153118/770","properties":{"bicycle":"designated","cycleway":"lane","highway":"secondary","lanes":"3","lanes:backward":"1","lanes:both_ways":"1","lanes:forward":"1","lit":"yes","maxspeed":"25 mph","name":"8th Avenue Northwest","oneway":"no","sidewalk:both":"separate","snowplowing":"yes","surface":"concrete","turn:lanes:both_ways":"left","winter_service":"yes","winter_service:priority":"2","osm_id":389153118},"geometry":{"type":"LineString","coordinates":[[-122.366196,47.6611663],[-122.3661936,47.6612407],[-122.3661919,47.661396],[-122.366191,47.6614545],[-122.3661903,47.6615349],[-122.3661885,47.661745],[-122.3661877,47.6618341],[-122.3661873,47.6618823],[-122.3661859,47.6620355],[-122.3661851,47.662132],[-122.3661846,47.6621913],[-122.3661849,47.6622536],[-122.3661865,47.6625574],[-122.366188,47.6628643],[-122.3661883,47.6629196],[-122.3661897,47.6630049],[-122.3661914,47.6631059],[-122.3661946,47.6632974],[-122.3661995,47.6635938],[-122.3662005,47.6636514]]}},{"type":"Feature","id":"way/389153119/771","properties":{"bicycle":"designated","cycleway":"lane","highway":"secondary","lanes":"3","lanes:backward":"1","lanes:both_ways":"1","lanes:forward":"1","lit":"yes","maxspeed":"25 mph","name":"8th Avenue Northwest","oneway":"no","sidewalk:both":"separate","snowplowing":"yes","surface":"concrete","turn:lanes:both_ways":"left","winter_service":"yes","winter_service:priority":"2","osm_id":389153119},"geometry":{"type":"LineString","coordinates":[[-122.3661852,47.6657127],[-122.3661851,47.6658018],[-122.3661848,47.6663478],[-122.3661848,47.6664418],[-122.366183,47.6665294],[-122.3661712,47.6671123],[-122.3661699,47.6671769],[-122.3661697,47.6672678],[-122.3661683,47.6678784],[-122.3661682,47.6679037]]}},{"type":"Feature","id":"way/389153120/772","properties":{"bicycle":"designated","cycleway":"lane","highway":"secondary","lanes":"4","lanes:backward":"1","lanes:forward":"3","lit":"yes","maxspeed":"25 mph","name":"8th Avenue Northwest","oneway":"no","sidewalk:both":"separate","snowplowing":"yes","surface":"asphalt","winter_service":"yes","winter_service:priority":"2","osm_id":389153120},"geometry":{"type":"LineString","coordinates":[[-122.3661682,47.6679037],[-122.3661686,47.6679548],[-122.3661696,47.6680725]]}},{"type":"Feature","id":"way/389154025/773","properties":{"bicycle":"designated","cycleway":"no","hgv":"designated","highway":"tertiary","lanes":"2","maxspeed":"25 mph","name":"Shilshole Avenue Northwest","parking:both":"separate","sidewalk:left":"separate","sidewalk:right":"no","snowplowing":"no","source:hgv":"https://www.seattle.gov/Documents/Departments/SDOT/Services/Permits/MajorTruckStreets.pdf","surface":"concrete","winter_service":"no","osm_id":389154025},"geometry":{"type":"LineString","coordinates":[[-122.387,47.66803475371106],[-122.3867607,47.6678693],[-122.3867271,47.6678466],[-122.3862542,47.6675261],[-122.3856595,47.6671231]]}},{"type":"Feature","id":"way/389271441/774","properties":{"hgv":"designated","highway":"tertiary","lanes":"3","lanes:backward":"1","lanes:forward":"2","maxspeed":"25 mph","name":"Northwest 46th Street","old_name":"B Street","sidewalk:both":"separate","snowplowing":"no","source:hgv":"https://www.seattle.gov/Documents/Departments/SDOT/Services/Permits/MajorTruckStreets.pdf","surface":"asphalt","turn:lanes:forward":"left|none","winter_service":"no","osm_id":389271441},"geometry":{"type":"LineString","coordinates":[[-122.3699699,47.6621931],[-122.3702707,47.6621908],[-122.3705119,47.6621902],[-122.3706598,47.6621899],[-122.3707467,47.6621897]]}},{"type":"Feature","id":"way/389271442/775","properties":{"hgv":"designated","highway":"tertiary","lanes":"2","maxspeed":"25 mph","name":"Northwest 46th Street","old_name":"B Street","sidewalk":"no","snowplowing":"no","source:hgv":"https://www.seattle.gov/Documents/Departments/SDOT/Services/Permits/MajorTruckStreets.pdf","surface":"asphalt","winter_service":"no","osm_id":389271442},"geometry":{"type":"LineString","coordinates":[[-122.371578,47.6621927],[-122.3720927,47.6621946]]}},{"type":"Feature","id":"way/389271443/776","properties":{"hgv":"designated","highway":"tertiary","lanes":"2","maxspeed":"25 mph","name":"Northwest 46th Street","sidewalk:both":"separate","snowplowing":"no","source:hgv":"https://www.seattle.gov/Documents/Departments/SDOT/Services/Permits/MajorTruckStreets.pdf","surface":"asphalt","winter_service":"no","osm_id":389271443},"geometry":{"type":"LineString","coordinates":[[-122.3686246,47.6621947],[-122.3687891,47.6621943],[-122.3691519,47.6621935],[-122.3699699,47.6621931]]}},{"type":"Feature","id":"way/389322091/777","properties":{"bicycle":"designated","cycleway":"shared_lane","hgv":"designated","highway":"primary","lanes":"4","lanes:backward":"1","lanes:forward":"3","lcn":"yes","maxspeed":"25 mph","name":"West Nickerson Street","source:hgv":"https://www.seattle.gov/Documents/Departments/SDOT/Services/Permits/MajorTruckStreets.pdf","surface":"asphalt","turn:lanes:forward":"left||","osm_id":389322091},"geometry":{"type":"LineString","coordinates":[[-122.3731364,47.6554735],[-122.3733385,47.6554851],[-122.37347,47.6554923],[-122.3735807,47.6554946]]}},{"type":"Feature","id":"way/389322238/778","properties":{"dual_carriageway":"yes","hgv":"designated","highway":"primary","lanes":"3","maxspeed":"30 mph","name":"15th Avenue Northwest","old_name":"Main Street (Ballard)","oneway":"yes","parking:lane:both":"no_stopping","sidewalk:left":"no","sidewalk:right":"separate","snowplowing":"yes","source:hgv":"https://www.seattle.gov/Documents/Departments/SDOT/Services/Permits/MajorTruckStreets.pdf","surface":"asphalt","winter_service":"yes","winter_service:priority":"1","osm_id":389322238},"geometry":{"type":"LineString","coordinates":[[-122.3762707,47.6680853],[-122.3762713,47.6678974]]}},{"type":"Feature","id":"way/389322321/779","properties":{"dual_carriageway":"yes","hgv":"designated","highway":"primary","lanes":"3","maxspeed":"30 mph","name":"15th Avenue Northwest","old_name":"Main Street (Ballard)","oneway":"yes","parking:lane:both":"no_stopping","sidewalk:left":"no","sidewalk:right":"separate","snowplowing":"yes","source:hgv":"https://www.seattle.gov/Documents/Departments/SDOT/Services/Permits/MajorTruckStreets.pdf","surface":"asphalt","turn:lanes:both_ways":"left","winter_service":"yes","winter_service:priority":"1","osm_id":389322321},"geometry":{"type":"LineString","coordinates":[[-122.3762718,47.667633],[-122.3762721,47.6674365],[-122.3762726,47.6672338],[-122.3762733,47.6671656]]}},{"type":"Feature","id":"way/389451307/780","properties":{"bicycle":"yes","highway":"primary","lanes":"2","maxspeed":"30 mph","name":"15th Avenue Northwest","oneway":"yes","parking:both":"no","parking:both:restriction":"no_stopping","surface":"concrete","turn:lanes":"left|left;through;right","osm_id":389451307},"geometry":{"type":"LineString","coordinates":[[-122.3760612,47.6629309],[-122.3760673,47.663417],[-122.3760695,47.6635592],[-122.3760711,47.6636638]]}},{"type":"Feature","id":"way/389455953/781","properties":{"bicycle":"yes","cycleway":"no","hgv":"designated","highway":"primary","lanes":"3","lanes:backward":"1","lanes:forward":"2","lcn":"yes","maxspeed":"25 mph","name":"West Nickerson Street","oneway":"no","parking:lane:both":"no_stopping","source:hgv":"https://www.seattle.gov/Documents/Departments/SDOT/Services/Permits/MajorTruckStreets.pdf","surface":"asphalt","turn:lanes:forward":"merge_to_right|","osm_id":389455953},"geometry":{"type":"LineString","coordinates":[[-122.3755664,47.6547351],[-122.3755209,47.6547957],[-122.375468,47.6548535],[-122.375408,47.6549081],[-122.3753415,47.6549591],[-122.3752687,47.6550061],[-122.3751904,47.6550489],[-122.3751069,47.655087],[-122.375021,47.6551316],[-122.37493,47.6551705]]}},{"type":"Feature","id":"way/389455954/782","properties":{"dual_carriageway":"yes","expressway":"yes","hgv":"designated","highway":"primary","lanes":"3","maxspeed":"30 mph","name":"15th Avenue West","oneway":"yes","source:hgv":"https://www.seattle.gov/Documents/Departments/SDOT/Services/Permits/MajorTruckStreets.pdf","surface":"asphalt","osm_id":389455954},"geometry":{"type":"LineString","coordinates":[[-122.3763572,47.6521606],[-122.3763428,47.6517819],[-122.3763413,47.6516986],[-122.3763347,47.6515544],[-122.3763427,47.6513113],[-122.3763447,47.6512498],[-122.3763642,47.6510119],[-122.3763704,47.6509341],[-122.3763919,47.6507608],[-122.3764467,47.6503353]]}},{"type":"Feature","id":"way/389646926/783","properties":{"bicycle":"designated","highway":"primary_link","lanes":"2","maxspeed":"30 mph","oneway":"yes","parking:lane:both":"no_stopping","surface":"asphalt","turn:lanes":"left|","osm_id":389646926},"geometry":{"type":"LineString","coordinates":[[-122.3761424,47.6480108],[-122.3761445,47.6481436],[-122.376148,47.6483979],[-122.3761496,47.6484626]]}},{"type":"Feature","id":"way/389647123/784","properties":{"bicycle":"yes","highway":"secondary","lanes":"2","lcn":"yes","maxspeed":"25 mph","name":"West Emerson Place","sidewalk":"right","snowplowing":"yes","surface":"asphalt","winter_service":"yes","winter_service:priority":"2","osm_id":389647123},"geometry":{"type":"LineString","coordinates":[[-122.383382,47.6556211],[-122.383519,47.6556635],[-122.3835817,47.655684],[-122.3837652,47.6557438],[-122.384051,47.655837],[-122.3843186,47.6559195],[-122.3847091,47.6560391],[-122.3848028,47.6560689],[-122.3848759,47.6560901],[-122.3849922,47.6561158],[-122.385092,47.6561317],[-122.3851876,47.6561411],[-122.3853072,47.6561444],[-122.3854037,47.6561422],[-122.385493,47.6561363],[-122.3856008,47.6561225]]}},{"type":"Feature","id":"way/389798783/785","properties":{"bicycle":"designated","cycleway":"shared_lane","highway":"secondary","lanes":"4","maxspeed":"25 mph","maxspeed:type":"sign","name":"West Dravus Street","old_name":"Grand Boulevard","old_ref":"http://en.wikipedia.org/wiki/Interbay,_Seattle","parking:lane:both":"no_stopping","sidewalk:both":"separate","surface":"asphalt","osm_id":389798783},"geometry":{"type":"LineString","coordinates":[[-122.3781463,47.6484663],[-122.3783186,47.6484664],[-122.3783833,47.6484664],[-122.3787445,47.6484666],[-122.3788803,47.6484667],[-122.3790025,47.6484669],[-122.3797942,47.6484683],[-122.3800675,47.6484668]]}},{"type":"Feature","id":"way/389800577/786","properties":{"bicycle":"designated","cycleway":"shared_lane","highway":"secondary","lanes":"5","lanes:backward":"2","lanes:both_ways":"1","lanes:forward":"2","maxspeed":"25 mph","maxspeed:type":"sign","name":"West Dravus Street","old_name":"Grand Boulevard","old_ref":"http://en.wikipedia.org/wiki/Interbay,_Seattle","parking:lane:both":"no_stopping","sidewalk:both":"separate","surface":"asphalt","turn:lanes:both_ways":"left","osm_id":389800577},"geometry":{"type":"LineString","coordinates":[[-122.3771108,47.6484642],[-122.3772994,47.6484649]]}},{"type":"Feature","id":"way/390365241/787","properties":{"bicycle":"designated","foot":"designated","highway":"cycleway","surface":"paved","osm_id":390365241},"geometry":{"type":"LineString","coordinates":[[-122.3800496,47.6540634],[-122.3800273,47.6540831],[-122.3800082,47.6540953],[-122.3797452,47.6540946],[-122.3793808,47.654095],[-122.3790071,47.6540944],[-122.3788962,47.6540809]]}},{"type":"Feature","id":"way/390863875/788","properties":{"highway":"service","service":"parking_aisle","surface":"asphalt","osm_id":390863875},"geometry":{"type":"LineString","coordinates":[[-122.3739051,47.6556848],[-122.3739185,47.655946]]}},{"type":"Feature","id":"way/390941118/789","properties":{"highway":"service","service":"parking_aisle","osm_id":390941118},"geometry":{"type":"LineString","coordinates":[[-122.3826335,47.6558081],[-122.3828513,47.6558073],[-122.3828532,47.6560598],[-122.383084,47.656059]]}},{"type":"Feature","id":"way/392873837/790","properties":{"access":"private","highway":"service","osm_id":392873837},"geometry":{"type":"LineString","coordinates":[[-122.3833226,47.6526286],[-122.3834127,47.6525974],[-122.3834679,47.6525783],[-122.3835588,47.6525425]]}},{"type":"Feature","id":"way/392874741/791","properties":{"access":"private","highway":"service","surface":"unpaved","osm_id":392874741},"geometry":{"type":"LineString","coordinates":[[-122.3800635,47.6522122],[-122.3800559,47.6520928],[-122.3801739,47.65167],[-122.3802705,47.6507991],[-122.3803938,47.6501739],[-122.3803442,47.6500876],[-122.3803265,47.6500782],[-122.380263,47.6500343],[-122.3802506,47.6499831],[-122.3802679,47.6498975]]}},{"type":"Feature","id":"way/392874747/792","properties":{"highway":"service","osm_id":392874747},"geometry":{"type":"LineString","coordinates":[[-122.3793906,47.6520175],[-122.3793129,47.6519745],[-122.3792377,47.6519509],[-122.3791731,47.651931],[-122.3791322,47.6519178]]}},{"type":"Feature","id":"way/392903315/793","properties":{"hgv":"designated","highway":"secondary","lanes":"4","maxspeed":"25 mph","name":"Leary Way Northwest","sidewalk":"separate","snowplowing":"yes","source:hgv":"https://www.seattle.gov/Documents/Departments/SDOT/Services/Permits/MajorTruckStreets.pdf","winter_service":"yes","winter_service:priority":"2","osm_id":392903315},"geometry":{"type":"LineString","coordinates":[[-122.3589373,47.6532541],[-122.3590033,47.6532786]]}},{"type":"Feature","id":"way/393308922/794","properties":{"bicycle":"yes","footway":"sidewalk","highway":"footway","surface":"concrete","osm_id":393308922},"geometry":{"type":"LineString","coordinates":[[-122.3811312,47.6543554],[-122.3811326,47.6543264],[-122.3811186,47.6543071],[-122.3810756,47.6542738],[-122.3809675,47.6542091],[-122.3808399,47.6541536],[-122.3807067,47.6541103],[-122.3805847,47.6540845],[-122.3804727,47.6540667],[-122.3803477,47.6540637],[-122.3801423,47.6540598],[-122.3800496,47.6540634]]}},{"type":"Feature","id":"way/393308923/795","properties":{"bicycle":"designated","bridge":"yes","foot":"designated","footway":"sidewalk","highway":"footway","layer":"1","surface":"concrete","osm_id":393308923},"geometry":{"type":"LineString","coordinates":[[-122.3792558,47.6540616],[-122.3765615,47.654065],[-122.3765164,47.654069],[-122.3764753,47.6540776],[-122.3764387,47.6540907],[-122.3764011,47.6541102],[-122.376374,47.654134]]}},{"type":"Feature","id":"way/393311235/796","properties":{"bicycle":"designated","cycleway":"shared_lane","highway":"residential","lanes":"2","lcn":"yes","maxspeed":"20 mph","name":"Northwest 56th Street","sidewalk:both":"separate","surface":"paved","osm_id":393311235},"geometry":{"type":"LineString","coordinates":[[-122.3608011,47.6694565],[-122.3609043,47.669422],[-122.3618033,47.6694264],[-122.3618679,47.6694264]]}},{"type":"Feature","id":"way/393311236/797","properties":{"alt_name":"Ballard Boulevard","bicycle":"designated","highway":"residential","lanes":"2","lcn":"yes","maxspeed":"20 mph","name":"Northwest 56th Street","sidewalk:both":"separate","surface":"paved","osm_id":393311236},"geometry":{"type":"LineString","coordinates":[[-122.3576362,47.6696224],[-122.3577759,47.6695744],[-122.3579028,47.669556],[-122.3581697,47.6695746],[-122.3582561,47.6695675]]}},{"type":"Feature","id":"way/393888366/798","properties":{"highway":"secondary","lanes":"2","lcn":"yes","maxspeed":"25 mph","maxspeed:type":"sign","name":"20th Avenue West","parking:left":"lane","parking:left:orientation":"parallel","parking:right":"no","surface":"asphalt","osm_id":393888366},"geometry":{"type":"LineString","coordinates":[[-122.3820538,47.648967],[-122.3820502,47.6496533]]}},{"type":"Feature","id":"way/393924581/799","properties":{"bicycle":"designated","busway:left":"lane","cycleway:right":"shared_lane","hgv":"designated","highway":"primary","lanes":"4","lanes:backward":"1","lanes:forward":"3","lcn":"yes","lit":"yes","maxspeed":"25 mph","name":"West Nickerson Street","source:hgv":"https://www.seattle.gov/Documents/Departments/SDOT/Services/Permits/MajorTruckStreets.pdf","surface":"asphalt","trolley_wire":"yes","turn:lanes:forward":"left||right","osm_id":393924581},"geometry":{"type":"LineString","coordinates":[[-122.3602824,47.6507101],[-122.3604555,47.6507521]]}},{"type":"Feature","id":"way/393924582/800","properties":{"bicycle":"designated","cycleway:left":"shared_lane","hgv":"designated","highway":"primary","lanes":"5","lanes:backward":"3","lanes:forward":"2","lcn":"yes","lit":"yes","maxspeed":"25 mph","name":"West Nickerson Street","source:hgv":"https://www.seattle.gov/Documents/Departments/SDOT/Services/Permits/MajorTruckStreets.pdf","surface":"asphalt","turn:lanes:backward":"left||right","turn:lanes:forward":"|merge_to_left","osm_id":393924582},"geometry":{"type":"LineString","coordinates":[[-122.3608716,47.650849],[-122.3610355,47.650884],[-122.3612938,47.6509389]]}},{"type":"Feature","id":"way/393924583/801","properties":{"bicycle":"designated","cycleway:left":"lane","cycleway:right":"shared_lane","hgv":"designated","highway":"primary","lanes":"3","lanes:backward":"1","lanes:both_ways":"1","lanes:forward":"1","lcn":"yes","lit":"yes","maxspeed":"25 mph","name":"West Nickerson Street","parking:lane:both":"parallel","source:hgv":"https://www.seattle.gov/Documents/Departments/SDOT/Services/Permits/MajorTruckStreets.pdf","surface":"asphalt","turn:lanes:both_ways":"left","osm_id":393924583},"geometry":{"type":"LineString","coordinates":[[-122.369999,47.6537979],[-122.3700882,47.653851],[-122.3701582,47.6538936],[-122.3701759,47.6539044],[-122.3712936,47.6545833],[-122.3717016,47.6548298],[-122.3718023,47.6548864],[-122.3719405,47.6549632],[-122.3720488,47.6550237],[-122.3721474,47.6550788]]}},{"type":"Feature","id":"way/393924584/802","properties":{"bicycle":"designated","cycleway:left":"shared_lane","cycleway:right":"lane","hgv":"designated","highway":"primary","lanes":"3","lanes:backward":"1","lanes:both_ways":"1","lanes:forward":"1","lcn":"yes","maxspeed":"25 mph","name":"West Nickerson Street","parking:lane:right":"parallel","source:hgv":"https://www.seattle.gov/Documents/Departments/SDOT/Services/Permits/MajorTruckStreets.pdf","surface":"asphalt","trolley_wire":"yes","turn:lanes:both_ways":"left","osm_id":393924584},"geometry":{"type":"LineString","coordinates":[[-122.3589917,47.6503724],[-122.3591155,47.6504241],[-122.3593121,47.6504751],[-122.359488,47.6505208]]}},{"type":"Feature","id":"way/399009622/803","properties":{"highway":"service","surface":"paving_stones","osm_id":399009622},"geometry":{"type":"LineString","coordinates":[[-122.3854586,47.6680764],[-122.385408,47.6681087]]}},{"type":"Feature","id":"way/399009625/804","properties":{"highway":"service","surface":"concrete","osm_id":399009625},"geometry":{"type":"LineString","coordinates":[[-122.3826505,47.6671213],[-122.3827819,47.6670532],[-122.3827973,47.6670452]]}},{"type":"Feature","id":"way/399291894/805","properties":{"highway":"service","service":"parking_aisle","osm_id":399291894},"geometry":{"type":"LineString","coordinates":[[-122.3826859,47.6482596],[-122.3824427,47.6482577]]}},{"type":"Feature","id":"way/400695409/806","properties":{"bicycle":"designated","cycleway":"shared_lane","highway":"residential","lanes":"2","lit":"yes","maxspeed":"20 mph","name":"17th Avenue Northwest","old_name":"First Avenue West (Ballard)","sidewalk:both":"separate","smoothness":"intermediate","surface":"concrete","osm_id":400695409},"geometry":{"type":"LineString","coordinates":[[-122.3789443,47.6654637],[-122.3788908,47.6655335],[-122.3788821,47.6656404],[-122.3788818,47.6656949],[-122.3788816,47.6657865],[-122.378881,47.6660403],[-122.378881,47.666196],[-122.3788809,47.6662279],[-122.3788806,47.6664279],[-122.3788802,47.6667143],[-122.3788802,47.6667482],[-122.37888,47.6669807],[-122.3788803,47.667095],[-122.3788803,47.6671732],[-122.3788793,47.667395],[-122.378879,47.6674481],[-122.3788789,47.6675166],[-122.3788787,47.6676243],[-122.3788786,47.667706],[-122.3788783,47.6678939],[-122.3788782,47.6679737],[-122.378878,47.668078],[-122.3788773,47.66822],[-122.3788777,47.6682794],[-122.3788815,47.6685571],[-122.3788829,47.6686674]]}},{"type":"Feature","id":"way/400835698/807","properties":{"highway":"tertiary","lanes":"2","maxspeed":"20 mph","name":"Ballard Avenue Northwest","sidewalk:both":"separate","snowplowing":"no","surface":"asphalt","winter_service":"no","osm_id":400835698},"geometry":{"type":"LineString","coordinates":[[-122.3808937,47.6644589],[-122.3809475,47.6645058],[-122.3815849,47.6650611],[-122.3816507,47.6651184],[-122.3817032,47.6651597],[-122.3819059,47.6653055],[-122.381976,47.6653287],[-122.3821453,47.665367]]}},{"type":"Feature","id":"way/400835699/808","properties":{"bicycle":"designated","cycleway":"shared_lane","highway":"residential","lanes":"2","maxspeed":"20 mph","name":"Northwest Dock Place","sidewalk:both":"separate","surface":"paving_stones","osm_id":400835699},"geometry":{"type":"LineString","coordinates":[[-122.3808937,47.6644589],[-122.3809964,47.6644046],[-122.3816668,47.6640503],[-122.381692,47.6640368],[-122.3817879,47.6639864]]}},{"type":"Feature","id":"way/401471604/809","properties":{"highway":"service","surface":"concrete","osm_id":401471604},"geometry":{"type":"LineString","coordinates":[[-122.3621599,47.6696012],[-122.3621584,47.6695012],[-122.3621571,47.6694272]]}},{"type":"Feature","id":"way/401540107/810","properties":{"highway":"service","service":"parking_aisle","surface":"concrete","osm_id":401540107},"geometry":{"type":"LineString","coordinates":[[-122.3635373,47.6694291],[-122.3635386,47.6695079],[-122.3635388,47.6695206]]}},{"type":"Feature","id":"way/401631401/811","properties":{"highway":"service","osm_id":401631401},"geometry":{"type":"LineString","coordinates":[[-122.3576794,47.6706544],[-122.3576809,47.6705777],[-122.3576814,47.6705507]]}},{"type":"Feature","id":"way/404418137/812","properties":{"bicycle":"yes","highway":"service","maxspeed":"20 mph","name":"West Ewing Street","osm_id":404418137},"geometry":{"type":"LineString","coordinates":[[-122.3701847,47.6549056],[-122.3704107,47.6550397],[-122.3712344,47.6555286]]}},{"type":"Feature","id":"way/404418138/813","properties":{"bicycle":"yes","highway":"service","maxspeed":"20 mph","name":"West Ewing Street","surface":"unpaved","osm_id":404418138},"geometry":{"type":"LineString","coordinates":[[-122.3666191,47.6529549],[-122.3668834,47.6530537],[-122.3671874,47.6531737],[-122.3675168,47.6533191],[-122.3680943,47.6536242],[-122.3681082,47.6536329],[-122.3683832,47.6538047],[-122.3684826,47.6538668],[-122.3691297,47.6542712],[-122.3696497,47.6545891],[-122.3697057,47.6546222],[-122.3697806,47.6546665],[-122.3701847,47.6549056]]}},{"type":"Feature","id":"way/404961073/814","properties":{"highway":"service","service":"parking_aisle","osm_id":404961073},"geometry":{"type":"LineString","coordinates":[[-122.3830468,47.6568207],[-122.3826424,47.6568216]]}},{"type":"Feature","id":"way/409344736/815","properties":{"highway":"service","service":"parking_aisle","osm_id":409344736},"geometry":{"type":"LineString","coordinates":[[-122.3727865,47.6679863],[-122.3727881,47.6685355]]}},{"type":"Feature","id":"way/409600664/816","properties":{"highway":"service","service":"parking_aisle","osm_id":409600664},"geometry":{"type":"LineString","coordinates":[[-122.364849,47.6499392],[-122.3647804,47.6499644],[-122.3647191,47.6499869],[-122.3643409,47.6499851]]}},{"type":"Feature","id":"way/415859356/817","properties":{"bicycle":"yes","highway":"service","maxspeed":"20 mph","name":"West Ewing Street","osm_id":415859356},"geometry":{"type":"LineString","coordinates":[[-122.3641258,47.6523169],[-122.3645386,47.6524097]]}},{"type":"Feature","id":"way/415859357/818","properties":{"highway":"residential","lanes":"2","maxspeed":"20 mph","name":"6th Avenue West","osm_id":415859357},"geometry":{"type":"LineString","coordinates":[[-122.3641258,47.6523169],[-122.3640921,47.6523867],[-122.3640832,47.6524052],[-122.364059,47.652455],[-122.3639801,47.652619]]}},{"type":"Feature","id":"way/415876782/819","properties":{"highway":"service","service":"parking_aisle","osm_id":415876782},"geometry":{"type":"LineString","coordinates":[[-122.3714921,47.6541136],[-122.3711769,47.6539305],[-122.3704514,47.6535091]]}},{"type":"Feature","id":"way/421429557/820","properties":{"bicycle":"designated","check_date":"2024-10-12","foot":"designated","highway":"cycleway","name":"Burke-Gilman Trail","railtrail":"yes","segregated":"yes","surface":"asphalt","osm_id":421429557},"geometry":{"type":"LineString","coordinates":[[-122.3706618,47.6614],[-122.3690799,47.661399],[-122.3690003,47.6613989],[-122.3688391,47.6613758],[-122.3686924,47.661335]]}},{"type":"Feature","id":"way/421429561/821","properties":{"bicycle":"designated","foot":"designated","highway":"cycleway","incline":"0","name":"Burke-Gilman Trail","oneway":"no","railtrail":"yes","segregated":"no","source":"Local Knwoladge","surface":"asphalt","osm_id":421429561},"geometry":{"type":"LineString","coordinates":[[-122.3635393,47.6565052],[-122.3634919,47.6564533],[-122.3634809,47.6564482],[-122.3634665,47.6564488],[-122.363443,47.6564562],[-122.3633989,47.6564704],[-122.363387,47.6564709],[-122.3633788,47.6564668],[-122.3630745,47.6561534]]}},{"type":"Feature","id":"way/427699346/822","properties":{"highway":"service","osm_id":427699346},"geometry":{"type":"LineString","coordinates":[[-122.3714857,47.6565225],[-122.3712389,47.6566355],[-122.3711251,47.6565538],[-122.370962,47.6564369],[-122.3707831,47.6563086],[-122.3706125,47.6561609],[-122.3707498,47.6559919],[-122.3708209,47.6559101]]}},{"type":"Feature","id":"way/428084663/823","properties":{"bicycle":"designated","cycleway":"lane","highway":"secondary","lanes":"4","lanes:backward":"1","lanes:forward":"3","lit":"yes","maxspeed":"25 mph","name":"8th Avenue Northwest","oneway":"no","sidewalk:both":"separate","smoothness":"good","snowplowing":"yes","surface":"asphalt","turn:lanes:forward":"left|through|right","winter_service":"yes","winter_service:priority":"2","osm_id":428084663},"geometry":{"type":"LineString","coordinates":[[-122.36617,47.6683963],[-122.3661704,47.6685059],[-122.3661706,47.6685784],[-122.3661709,47.6686582]]}},{"type":"Feature","id":"way/428085403/824","properties":{"highway":"secondary","lanes":"4","lit":"yes","maxspeed":"25 mph","name":"Northwest Market Street","old_name":"Broadway (Ballard)","sidewalk":"separate","snowplowing":"yes","surface":"asphalt","trolley_wire":"yes","winter_service":"yes","winter_service:priority":"2","osm_id":428085403},"geometry":{"type":"LineString","coordinates":[[-122.3768854,47.6686678],[-122.3770817,47.6686678],[-122.377372,47.6686677],[-122.3776397,47.6686676],[-122.378562,47.6686674],[-122.3787903,47.6686673],[-122.3788829,47.6686674]]}},{"type":"Feature","id":"way/428085404/825","properties":{"cycleway:both":"no","highway":"secondary","lanes":"6","lanes:backward":"4","lanes:forward":"2","lit":"yes","maxspeed":"25 mph","name":"Northwest Market Street","old_name":"Broadway (Ballard)","sidewalk":"separate","snowplowing":"yes","surface":"asphalt","trolley_wire":"yes","turn:lanes:backward":"left|left||","winter_service":"yes","winter_service:priority":"2","osm_id":428085404},"geometry":{"type":"LineString","coordinates":[[-122.3762692,47.6686686],[-122.3764062,47.6686679],[-122.3767265,47.6686678],[-122.3767678,47.6686678],[-122.3768854,47.6686678]]}},{"type":"Feature","id":"way/428085405/826","properties":{"highway":"primary","lanes":"5","lanes:backward":"3","lanes:forward":"2","maxspeed":"25 mph","name":"Northwest Market Street","old_name":"Broadway (Ballard)","sidewalk":"separate","snowplowing":"yes","surface":"asphalt","trolley_wire":"yes","turn:lanes:backward":"left||","winter_service":"yes","winter_service:priority":"1","osm_id":428085405},"geometry":{"type":"LineString","coordinates":[[-122.3736634,47.6686686],[-122.3737809,47.6686686],[-122.3741857,47.6686685]]}},{"type":"Feature","id":"way/428085407/827","properties":{"highway":"primary","lanes":"5","lanes:backward":"2","lanes:forward":"3","maxspeed":"25 mph","name":"Northwest Market Street","old_name":"Broadway (Ballard)","sidewalk":"separate","snowplowing":"yes","surface":"asphalt","trolley_wire":"yes","turn:lanes:forward":"left||","winter_service":"yes","winter_service:priority":"1","osm_id":428085407},"geometry":{"type":"LineString","coordinates":[[-122.3730639,47.6686688],[-122.3734262,47.6686686],[-122.373493,47.6686686]]}},{"type":"Feature","id":"way/428085408/828","properties":{"cycleway:both":"no","highway":"primary","lanes":"5","lanes:backward":"2","lanes:forward":"3","lit":"yes","maxspeed":"25 mph","name":"Northwest Market Street","old_name":"Broadway (Ballard)","parking:lane:both":"no_stopping","sidewalk:both":"separate","snowplowing":"yes","surface":"concrete","trolley_wire":"yes","turn:lanes:forward":"left||","winter_service":"yes","winter_service:priority":"1","osm_id":428085408},"geometry":{"type":"LineString","coordinates":[[-122.3657649,47.6686618],[-122.3658317,47.6686612],[-122.3660558,47.6686592],[-122.3661709,47.6686582]]}},{"type":"Feature","id":"way/428085409/829","properties":{"cycleway:both":"no","highway":"primary","lanes":"5","lanes:backward":"3","lanes:forward":"2","lit":"yes","maxspeed":"25 mph","name":"Northwest Market Street","old_name":"Broadway (Ballard)","sidewalk:both":"separate","snowplowing":"yes","surface":"asphalt","trolley_wire":"yes","turn:lanes:backward":"left||","winter_service":"yes","winter_service:priority":"1","osm_id":428085409},"geometry":{"type":"LineString","coordinates":[[-122.3661709,47.6686582],[-122.3663289,47.6686585],[-122.3665722,47.6686589],[-122.3667257,47.6686591],[-122.3668847,47.6686593]]}},{"type":"Feature","id":"way/428085410/830","properties":{"highway":"primary","lanes":"4","maxspeed":"25 mph","name":"Northwest Market Street","old_name":"Broadway (Ballard)","sidewalk":"separate","snowplowing":"yes","surface":"asphalt","trolley_wire":"yes","winter_service":"yes","winter_service:priority":"1","osm_id":428085410},"geometry":{"type":"LineString","coordinates":[[-122.373493,47.6686686],[-122.3736634,47.6686686]]}},{"type":"Feature","id":"way/428085411/831","properties":{"highway":"primary","lanes":"6","lanes:backward":"2","lanes:forward":"4","maxspeed":"25 mph","name":"Northwest Market Street","old_name":"Broadway (Ballard)","sidewalk":"separate","snowplowing":"yes","surface":"asphalt","trolley_wire":"yes","turn:lanes:forward":"left|left||","winter_service":"yes","winter_service:priority":"1","osm_id":428085411},"geometry":{"type":"LineString","coordinates":[[-122.3754732,47.6686681],[-122.3754991,47.6686681],[-122.375616,47.6686681],[-122.3757494,47.6686681],[-122.3760047,47.668668],[-122.3761358,47.6686683]]}},{"type":"Feature","id":"way/428085412/832","properties":{"cycleway:both":"no","highway":"primary","lanes":"4","lit":"yes","maxspeed":"25 mph","name":"Northwest Market Street","old_name":"Broadway (Ballard)","parking:lane:both":"no_stopping","sidewalk:both":"separate","snowplowing":"yes","surface":"concrete","trolley_wire":"yes","winter_service":"yes","winter_service:priority":"1","osm_id":428085412},"geometry":{"type":"LineString","coordinates":[[-122.3640443,47.668671],[-122.3651049,47.668668],[-122.3655561,47.6686637],[-122.3657425,47.668662],[-122.3657649,47.6686618]]}},{"type":"Feature","id":"way/428085413/833","properties":{"highway":"primary","lanes":"5","lanes:backward":"2","lanes:both_ways":"1","lanes:forward":"2","lit":"yes","maxspeed":"25 mph","name":"Northwest Market Street","old_name":"Broadway (Ballard)","sidewalk":"separate","snowplowing":"yes","surface":"asphalt","trolley_wire":"yes","turn:lanes:both_ways":"left","winter_service":"yes","winter_service:priority":"1","osm_id":428085413},"geometry":{"type":"LineString","coordinates":[[-122.3744833,47.6686684],[-122.3748692,47.6686683],[-122.3750593,47.6686683]]}},{"type":"Feature","id":"way/428086818/834","properties":{"hgv":"designated","highway":"secondary","lanes":"5","lanes:backward":"3","lanes:forward":"2","lit":"yes","maxspeed":"25 mph","name":"Leary Way Northwest","sidewalk":"separate","smoothness":"good","snowplowing":"yes","source:hgv":"https://www.seattle.gov/Documents/Departments/SDOT/Services/Permits/MajorTruckStreets.pdf","surface":"asphalt","turn:lanes:backward":"left||","winter_service":"yes","winter_service:priority":"2","osm_id":428086818},"geometry":{"type":"LineString","coordinates":[[-122.3600801,47.654144],[-122.360162,47.6542297],[-122.3603533,47.6544298]]}},{"type":"Feature","id":"way/428086819/835","properties":{"hgv":"designated","highway":"secondary","lanes":"5","lanes:backward":"2","lanes:forward":"3","maxspeed":"25 mph","name":"Leary Way Northwest","sidewalk":"separate","smoothness":"good","snowplowing":"yes","source:hgv":"https://www.seattle.gov/Documents/Departments/SDOT/Services/Permits/MajorTruckStreets.pdf","surface":"asphalt","turn:lanes:forward":"left||","winter_service":"yes","winter_service:priority":"2","osm_id":428086819},"geometry":{"type":"LineString","coordinates":[[-122.3645109,47.6587456],[-122.3646669,47.6589008],[-122.3647175,47.6589511]]}},{"type":"Feature","id":"way/428086820/836","properties":{"hgv":"designated","highway":"secondary","lanes":"5","lanes:backward":"2","lanes:forward":"3","maxspeed":"25 mph","name":"Leary Way Northwest","sidewalk":"separate","snowplowing":"yes","source:hgv":"https://www.seattle.gov/Documents/Departments/SDOT/Services/Permits/MajorTruckStreets.pdf","surface":"asphalt","turn:lanes:forward":"left||","winter_service":"yes","winter_service:priority":"2","osm_id":428086820},"geometry":{"type":"LineString","coordinates":[[-122.3598208,47.6538709],[-122.3599974,47.6540569],[-122.3600801,47.654144]]}},{"type":"Feature","id":"way/428086821/837","properties":{"hgv":"designated","highway":"secondary","lanes":"4","maxspeed":"25 mph","name":"Leary Way Northwest","sidewalk":"separate","snowplowing":"yes","source:hgv":"https://www.seattle.gov/Documents/Departments/SDOT/Services/Permits/MajorTruckStreets.pdf","surface":"asphalt","winter_service":"yes","winter_service:priority":"2","osm_id":428086821},"geometry":{"type":"LineString","coordinates":[[-122.3593184,47.6534257],[-122.3594287,47.6534945],[-122.359566,47.6536082],[-122.3595987,47.6536423]]}},{"type":"Feature","id":"way/428095628/838","properties":{"bicycle":"designated","busway:left":"lane","cycleway:right":"lane","hgv":"designated","highway":"primary","lanes":"2","lanes:backward":"1","lanes:forward":"1","lcn":"yes","maxspeed":"25 mph","name":"West Nickerson Street","parking:lane:right":"parallel","source:hgv":"https://www.seattle.gov/Documents/Departments/SDOT/Services/Permits/MajorTruckStreets.pdf","surface":"asphalt","trolley_wire":"yes","osm_id":428095628},"geometry":{"type":"LineString","coordinates":[[-122.359488,47.6505208],[-122.3595377,47.6505334]]}},{"type":"Feature","id":"way/428222414/839","properties":{"bicycle":"yes","cycleway":"no","hgv":"designated","highway":"primary","lanes":"3","lanes:backward":"1","lanes:forward":"2","lcn":"yes","maxspeed":"25 mph","name":"West Nickerson Street","oneway":"no","source:hgv":"https://www.seattle.gov/Documents/Departments/SDOT/Services/Permits/MajorTruckStreets.pdf","surface":"asphalt","turn:lanes:forward":"left|","osm_id":428222414},"geometry":{"type":"LineString","coordinates":[[-122.3739686,47.6554313],[-122.373915,47.6554408],[-122.3737441,47.6554686],[-122.373728,47.6554712],[-122.3735807,47.6554946]]}},{"type":"Feature","id":"way/428222839/840","properties":{"hgv":"designated","highway":"secondary","lanes":"5","lanes:backward":"3","lanes:forward":"2","maxspeed":"25 mph","name":"Leary Way Northwest","sidewalk":"separate","snowplowing":"yes","source:hgv":"https://www.seattle.gov/Documents/Departments/SDOT/Services/Permits/MajorTruckStreets.pdf","surface":"asphalt","turn:lanes:backward":"left||","winter_service":"yes","winter_service:priority":"2","osm_id":428222839},"geometry":{"type":"LineString","coordinates":[[-122.3663763,47.6606486],[-122.3665377,47.6608087],[-122.366545,47.6608153],[-122.3666628,47.6609318]]}},{"type":"Feature","id":"way/428222840/841","properties":{"hgv":"designated","highway":"secondary","lanes":"5","lanes:backward":"2","lanes:both_ways":"1","lanes:forward":"2","maxspeed":"25 mph","name":"Leary Way Northwest","sidewalk":"separate","snowplowing":"yes","source:hgv":"https://www.seattle.gov/Documents/Departments/SDOT/Services/Permits/MajorTruckStreets.pdf","surface":"asphalt","turn:lanes:both_ways":"left","winter_service":"yes","winter_service:priority":"2","osm_id":428222840},"geometry":{"type":"LineString","coordinates":[[-122.3666628,47.6609318],[-122.3667271,47.6609956],[-122.3668547,47.661122],[-122.3669035,47.6611713],[-122.3669332,47.6612013],[-122.3671883,47.6614588],[-122.3674713,47.6617635],[-122.3678725,47.6621955]]}},{"type":"Feature","id":"way/428222841/842","properties":{"hgv":"designated","highway":"secondary","lanes":"5","lanes:backward":"3","lanes:forward":"2","maxspeed":"25 mph","name":"Northwest Leary Way","oneway":"no","sidewalk:both":"separate","snowplowing":"yes","source:hgv":"https://www.seattle.gov/Documents/Departments/SDOT/Services/Permits/MajorTruckStreets.pdf","turn:lanes:backward":"left||","winter_service":"yes","winter_service:priority":"2","osm_id":428222841},"geometry":{"type":"LineString","coordinates":[[-122.369498,47.6635558],[-122.3696244,47.6635916],[-122.3697266,47.6636158],[-122.369766,47.6636227]]}},{"type":"Feature","id":"way/428223304/843","properties":{"hgv":"designated","highway":"primary","lanes":"2","maxspeed":"30 mph","name":"15th Avenue Northwest","oneway":"yes","sidewalk":"both","source:hgv":"https://www.seattle.gov/Documents/Departments/SDOT/Services/Permits/MajorTruckStreets.pdf","surface":"asphalt","turn:lanes":"left|left;through","osm_id":428223304},"geometry":{"type":"LineString","coordinates":[[-122.3763786,47.6640826],[-122.3763871,47.6637796],[-122.37639,47.6636674]]}},{"type":"Feature","id":"way/428224484/844","properties":{"bicycle":"designated","cycleway":"shared_lane","highway":"secondary","lanes":"4","lanes:backward":"2","lanes:forward":"2","lcn":"yes","maxspeed":"25 mph","name":"West Emerson Place","snowplowing":"yes","surface":"asphalt","turn:lanes:forward":"|right","winter_service":"yes","winter_service:priority":"2","osm_id":428224484},"geometry":{"type":"LineString","coordinates":[[-122.3823307,47.6550502],[-122.3823467,47.6550623],[-122.3826896,47.6553036],[-122.3827543,47.6553466],[-122.382822,47.6553876],[-122.3828924,47.6554264],[-122.3829655,47.6554629],[-122.383041,47.655497],[-122.3831275,47.6555321],[-122.3832166,47.6555641],[-122.383382,47.6556211]]}},{"type":"Feature","id":"way/428225236/845","properties":{"highway":"primary_link","lanes":"2","maxspeed":"30 mph","oneway":"yes","surface":"asphalt","turn:lanes":"|right","osm_id":428225236},"geometry":{"type":"LineString","coordinates":[[-122.3767731,47.6489676],[-122.3767715,47.6485874],[-122.3767714,47.6484642]]}},{"type":"Feature","id":"way/428225238/846","properties":{"bicycle":"designated","highway":"primary_link","lanes":"2","maxspeed":"30 mph","oneway":"yes","surface":"asphalt","osm_id":428225238},"geometry":{"type":"LineString","coordinates":[[-122.37614223042773,47.648],[-122.3761424,47.6480108]]}},{"type":"Feature","id":"way/428226347/847","properties":{"bicycle":"designated","cycleway":"shared_lane","highway":"secondary","lanes":"4","maxspeed":"25 mph","maxspeed:type":"sign","name":"West Dravus Street","old_name":"Grand Boulevard","old_ref":"http://en.wikipedia.org/wiki/Interbay,_Seattle","parking:lane:both":"no_stopping","sidewalk:both":"separate","surface":"asphalt","osm_id":428226347},"geometry":{"type":"LineString","coordinates":[[-122.3766752,47.6484636],[-122.3767714,47.6484642]]}},{"type":"Feature","id":"way/428309385/848","properties":{"bicycle":"designated","cycleway:left":"lane","cycleway:right":"shared_lane","hgv":"designated","highway":"primary","lanes":"2","lanes:backward":"1","lanes:forward":"1","lcn":"yes","lit":"yes","maxspeed":"25 mph","name":"Nickerson Street","oneway":"no","source:hgv":"https://www.seattle.gov/Documents/Departments/SDOT/Services/Permits/MajorTruckStreets.pdf","surface":"asphalt","osm_id":428309385},"geometry":{"type":"LineString","coordinates":[[-122.3576808,47.6497806],[-122.3575692,47.6497314]]}},{"type":"Feature","id":"way/428309389/849","properties":{"bicycle":"designated","cycleway:left":"shared_lane","cycleway:right":"lane","hgv":"designated","highway":"primary","lanes":"2","lanes:backward":"1","lanes:forward":"1","lcn":"yes","lit":"yes","maxspeed":"25 mph","name":"West Nickerson Street","source:hgv":"https://www.seattle.gov/Documents/Departments/SDOT/Services/Permits/MajorTruckStreets.pdf","surface":"asphalt","trolley_wire":"yes","osm_id":428309389},"geometry":{"type":"LineString","coordinates":[[-122.3576808,47.6497806],[-122.3577916,47.6498307],[-122.3578524,47.6498576]]}},{"type":"Feature","id":"way/428312236/850","properties":{"bicycle":"designated","cycleway":"lane","highway":"secondary","lanes":"5","lanes:backward":"3","lanes:forward":"2","lit":"yes","maxspeed":"25 mph","name":"8th Avenue Northwest","sidewalk:both":"separate","snowplowing":"yes","surface":"asphalt","turn:lanes:backward":"left||","winter_service":"yes","winter_service:priority":"2","osm_id":428312236},"geometry":{"type":"LineString","coordinates":[[-122.3661709,47.6686582],[-122.3661722,47.6687698],[-122.3661738,47.6689103],[-122.3661747,47.6689869]]}},{"type":"Feature","id":"way/428312237/851","properties":{"bicycle":"designated","cycleway":"lane","highway":"secondary","lanes":"4","lit":"yes","maxspeed":"25 mph","name":"8th Avenue Northwest","sidewalk:both":"separate","snowplowing":"yes","surface":"asphalt","turn:lanes:backward":"left|","turn:lanes:forward":"|merge_to_left","winter_service":"yes","winter_service:priority":"2","osm_id":428312237},"geometry":{"type":"LineString","coordinates":[[-122.3661747,47.6689869],[-122.3661757,47.6690721],[-122.3661757,47.6691155]]}},{"type":"Feature","id":"way/428312238/852","properties":{"bicycle":"designated","cycleway":"lane","highway":"secondary","lanes":"3","lanes:backward":"1","lanes:both_ways":"1","lanes:forward":"1","maxspeed":"25 mph","name":"8th Avenue Northwest","sidewalk:both":"separate","smoothness":"intermediate","snowplowing":"yes","surface":"asphalt","turn:lanes:both_ways":"left","winter_service":"yes","winter_service:priority":"2","osm_id":428312238},"geometry":{"type":"LineString","coordinates":[[-122.3661757,47.6691155],[-122.3661757,47.669384],[-122.3661757,47.6694342],[-122.3661755,47.6694821],[-122.3661742,47.6698031],[-122.3661727,47.6701285],[-122.3661725,47.6701626]]}},{"type":"Feature","id":"way/428312239/853","properties":{"highway":"primary","lanes":"4","lit":"yes","maxspeed":"25 mph","name":"Northwest Market Street","old_name":"Broadway (Ballard)","sidewalk":"separate","snowplowing":"yes","surface":"asphalt","trolley_wire":"yes","winter_service":"yes","winter_service:priority":"1","osm_id":428312239},"geometry":{"type":"LineString","coordinates":[[-122.3741857,47.6686685],[-122.3744833,47.6686684]]}},{"type":"Feature","id":"way/428312240/854","properties":{"highway":"primary","lanes":"4","lit":"yes","maxspeed":"25 mph","name":"Northwest Market Street","old_name":"Broadway (Ballard)","sidewalk":"separate","snowplowing":"yes","surface":"asphalt","trolley_wire":"yes","winter_service":"yes","winter_service:priority":"1","osm_id":428312240},"geometry":{"type":"LineString","coordinates":[[-122.3750593,47.6686683],[-122.3751012,47.6686683],[-122.3754732,47.6686681]]}},{"type":"Feature","id":"way/429548399/855","properties":{"bicycle":"yes","cycleway":"no","hgv":"designated","highway":"primary","lanes":"2","lcn":"yes","maxspeed":"25 mph","name":"West Nickerson Street","oneway":"no","source:hgv":"https://www.seattle.gov/Documents/Departments/SDOT/Services/Permits/MajorTruckStreets.pdf","surface":"asphalt","osm_id":429548399},"geometry":{"type":"LineString","coordinates":[[-122.37493,47.6551705],[-122.3747575,47.655232],[-122.3745458,47.6553034],[-122.3742795,47.6553753],[-122.3740842,47.6554115],[-122.3739686,47.6554313]]}},{"type":"Feature","id":"way/429550009/856","properties":{"hgv":"designated","highway":"secondary","lanes":"4","lit":"no","maxspeed":"25 mph","name":"Leary Way Northwest","sidewalk":"separate","smoothness":"good","snowplowing":"yes","source:hgv":"https://www.seattle.gov/Documents/Departments/SDOT/Services/Permits/MajorTruckStreets.pdf","surface":"asphalt","winter_service":"yes","winter_service:priority":"2","osm_id":429550009},"geometry":{"type":"LineString","coordinates":[[-122.3661197,47.6603865],[-122.3661802,47.6604457],[-122.3662615,47.6605253]]}},{"type":"Feature","id":"way/435689975/857","properties":{"highway":"service","service":"parking_aisle","osm_id":435689975},"geometry":{"type":"LineString","coordinates":[[-122.3840136,47.6486517],[-122.3843002,47.6486562]]}},{"type":"Feature","id":"way/436809656/858","properties":{"highway":"service","service":"parking_aisle","osm_id":436809656},"geometry":{"type":"LineString","coordinates":[[-122.3590314,47.6530607],[-122.3592727,47.653115],[-122.3593187,47.6530222]]}},{"type":"Feature","id":"way/439201793/859","properties":{"highway":"service","name":"Northwest Bright Street","service":"parking_aisle","osm_id":439201793},"geometry":{"type":"LineString","coordinates":[[-122.3663106,47.65999],[-122.3667446,47.6599973]]}},{"type":"Feature","id":"way/440410277/860","properties":{"cycleway:both":"no","highway":"primary","lanes":"2","lit":"yes","maxspeed":"25 mph","name":"Northwest Market Street","parking:lane:both":"no_stopping","sidewalk:both":"separate","snowplowing":"yes","surface":"asphalt","trolley_wire":"yes","winter_service":"yes","winter_service:priority":"1","osm_id":440410277},"geometry":{"type":"LineString","coordinates":[[-122.3580325,47.6635964],[-122.3586474,47.6641452],[-122.3587609,47.6642465],[-122.358825,47.6643032]]}},{"type":"Feature","id":"way/440410562/861","properties":{"cycleway:both":"no","highway":"primary","lanes":"2","lit":"yes","maxspeed":"25 mph","name":"Northwest Market Street","parking:both":"no","parking:both:restriction":"no_stopping","sidewalk:both":"separate","snowplowing":"yes","surface":"asphalt","trolley_wire":"yes","winter_service":"yes","winter_service:priority":"1","osm_id":440410562},"geometry":{"type":"LineString","coordinates":[[-122.358825,47.6643032],[-122.3589318,47.6643854],[-122.3590244,47.6644539],[-122.3592205,47.664615],[-122.3594533,47.6648301],[-122.3595268,47.664916],[-122.3596491,47.6650661]]}},{"type":"Feature","id":"way/440410564/862","properties":{"highway":"residential","lanes":"2","maxspeed":"20 mph","name":"2nd Avenue Northwest","sidewalk:both":"separate","surface":"asphalt","osm_id":440410564},"geometry":{"type":"LineString","coordinates":[[-122.358825,47.6643032],[-122.3588233,47.6642449],[-122.3588438,47.6641297],[-122.3588409,47.6636628],[-122.3588402,47.6635953]]}},{"type":"Feature","id":"way/440410566/863","properties":{"cycleway:both":"no","highway":"primary","lanes":"2","lit":"yes","maxspeed":"25 mph","name":"Northwest Market Street","parking:lane:both":"no_stopping","sidewalk:both":"separate","snowplowing":"yes","surface":"concrete","trolley_wire":"yes","winter_service":"yes","winter_service:priority":"1","osm_id":440410566},"geometry":{"type":"LineString","coordinates":[[-122.3596491,47.6650661],[-122.3596889,47.665124],[-122.3597007,47.6651412],[-122.3597603,47.6652277],[-122.3598384,47.6653412],[-122.3599106,47.6654462],[-122.3599463,47.6655051],[-122.3601219,47.6657951],[-122.3602153,47.6659494],[-122.360615,47.6666094],[-122.360675,47.6667077]]}},{"type":"Feature","id":"way/440411540/864","properties":{"bicycle":"designated","crossing":"traffic_signals","crossing:markings":"zebra:paired","crossing:signals":"yes","cycleway":"crossing","foot":"designated","highway":"cycleway","lit":"yes","segregated":"no","surface":"concrete","osm_id":440411540},"geometry":{"type":"LineString","coordinates":[[-122.3631123,47.6687168],[-122.3631305,47.6686286]]}},{"type":"Feature","id":"way/440439770/865","properties":{"bicycle":"yes","footway":"sidewalk","highway":"footway","lit":"yes","surface":"concrete","osm_id":440439770},"geometry":{"type":"LineString","coordinates":[[-122.3734254,47.6717034],[-122.3734256,47.6716664]]}},{"type":"Feature","id":"way/443435435/866","properties":{"bicycle":"designated","crossing":"unmarked","crossing:markings":"no","footway":"crossing","highway":"footway","segregated":"no","surface":"concrete","osm_id":443435435},"geometry":{"type":"LineString","coordinates":[[-122.3663399,47.660418],[-122.3663119,47.6603891],[-122.3662453,47.6603203]]}},{"type":"Feature","id":"way/443435445/867","properties":{"bicycle":"designated","foot":"yes","highway":"footway","motor_vehicle":"no","name":"8th Avenue Northwest","segregated":"no","surface":"asphalt","osm_id":443435445},"geometry":{"type":"LineString","coordinates":[[-122.3662437,47.6602304],[-122.3662435,47.6602167],[-122.3662433,47.6602032]]}},{"type":"Feature","id":"way/448595430/868","properties":{"highway":"service","oneway":"yes","service":"parking_aisle","osm_id":448595430},"geometry":{"type":"LineString","coordinates":[[-122.3732833,47.6678893],[-122.3732842,47.6678162],[-122.3732865,47.667621],[-122.3731114,47.6676202],[-122.3731123,47.6678161],[-122.3731126,47.6678886]]}},{"type":"Feature","id":"way/450919735/869","properties":{"dual_carriageway":"yes","expressway":"yes","hgv":"designated","highway":"primary","lanes":"3","maxspeed":"30 mph","name":"15th Avenue West","oneway":"yes","source:hgv":"https://www.seattle.gov/Documents/Departments/SDOT/Services/Permits/MajorTruckStreets.pdf","surface":"asphalt","osm_id":450919735},"geometry":{"type":"LineString","coordinates":[[-122.3762056,47.6508092],[-122.3761759,47.6512563],[-122.376165,47.6516117],[-122.3761731,47.6521568],[-122.376181,47.6525834],[-122.3761748,47.6527232]]}},{"type":"Feature","id":"way/451471769/870","properties":{"highway":"service","osm_id":451471769},"geometry":{"type":"LineString","coordinates":[[-122.3661704,47.6685059],[-122.3663327,47.6685063],[-122.366353,47.6685063]]}},{"type":"Feature","id":"way/455080772/871","properties":{"highway":"service","service":"parking_aisle","osm_id":455080772},"geometry":{"type":"LineString","coordinates":[[-122.3571103,47.6531586],[-122.357,47.65315848747768]]}},{"type":"Feature","id":"way/455082458/872","properties":{"highway":"service","oneway":"yes","service":"parking_aisle","osm_id":455082458},"geometry":{"type":"LineString","coordinates":[[-122.3621938,47.6547478],[-122.3622314,47.6546354],[-122.3622321,47.6545378],[-122.3621764,47.6545021],[-122.3620061,47.6544989],[-122.3619437,47.6545288],[-122.3621938,47.6547478]]}},{"type":"Feature","id":"way/455405910/873","properties":{"highway":"service","oneway":"yes","osm_id":455405910},"geometry":{"type":"LineString","coordinates":[[-122.3667143,47.6620352],[-122.3667145,47.6621926]]}},{"type":"Feature","id":"way/455405914/874","properties":{"highway":"service","service":"parking_aisle","surface":"asphalt","osm_id":455405914},"geometry":{"type":"LineString","coordinates":[[-122.3666634,47.6618345],[-122.3666644,47.6615465],[-122.3666647,47.6614565]]}},{"type":"Feature","id":"way/455464925/875","properties":{"highway":"service","service":"parking_aisle","osm_id":455464925},"geometry":{"type":"LineString","coordinates":[[-122.3652085,47.6604003],[-122.3652074,47.6600886],[-122.3652072,47.6600272]]}},{"type":"Feature","id":"way/455464926/876","properties":{"highway":"service","service":"parking_aisle","osm_id":455464926},"geometry":{"type":"LineString","coordinates":[[-122.3654562,47.6600289],[-122.3654577,47.6600884],[-122.365462,47.6602648],[-122.3655593,47.6603392]]}},{"type":"Feature","id":"way/455579522/877","properties":{"highway":"service","service":"parking_aisle","osm_id":455579522},"geometry":{"type":"LineString","coordinates":[[-122.3683921,47.6621105],[-122.3683955,47.6616293],[-122.3683958,47.6615794]]}},{"type":"Feature","id":"way/455579523/878","properties":{"highway":"service","service":"parking_aisle","surface":"asphalt","osm_id":455579523},"geometry":{"type":"LineString","coordinates":[[-122.3683955,47.6616293],[-122.3680676,47.6616303],[-122.3677232,47.6616314],[-122.3677229,47.6615722]]}},{"type":"Feature","id":"way/455584290/879","properties":{"highway":"service","service":"parking_aisle","osm_id":455584290},"geometry":{"type":"LineString","coordinates":[[-122.3650644,47.659309],[-122.3648839,47.6593087],[-122.3645812,47.6593082],[-122.3645805,47.6594843],[-122.3650558,47.6594857],[-122.3652362,47.6594863]]}},{"type":"Feature","id":"way/455866843/880","properties":{"highway":"secondary","lanes":"2","lcn":"yes","maxspeed":"25 mph","name":"Gilman Avenue West","parking:both":"lane","parking:both:orientation":"parallel","surface":"asphalt","osm_id":455866843},"geometry":{"type":"LineString","coordinates":[[-122.3820467,47.6503297],[-122.3820472,47.6504468],[-122.3820549,47.6505112],[-122.3820582,47.6505389],[-122.3820909,47.6506281],[-122.3821455,47.6507222],[-122.3822016,47.6507984],[-122.3822519,47.6508667],[-122.3823892,47.6510478],[-122.3832914,47.6521648],[-122.3835588,47.6525425]]}},{"type":"Feature","id":"way/456124865/881","properties":{"dual_carriageway":"yes","expressway":"yes","foot":"use_sidepath","hgv":"designated","highway":"primary","lanes":"3","lit":"yes","maxheight":"15'0\"","maxspeed":"30 mph","name":"15th Avenue West","oneway":"yes","parking:lane:both":"no_stopping","source:hgv":"https://www.seattle.gov/Documents/Departments/SDOT/Services/Permits/MajorTruckStreets.pdf","osm_id":456124865},"geometry":{"type":"LineString","coordinates":[[-122.3762558,47.6535067],[-122.3762641,47.6532963],[-122.3763228,47.6528604],[-122.3763363,47.6527074],[-122.376362,47.6524821]]}},{"type":"Feature","id":"way/458057443/882","properties":{"highway":"residential","lanes":"2","maxspeed":"20 mph","name":"Northwest 56th Street","old_name":"State Street","sidewalk:both":"separate","surface":"concrete","osm_id":458057443},"geometry":{"type":"LineString","coordinates":[[-122.3686862,47.6694326],[-122.36873,47.6694328],[-122.3706579,47.6694407],[-122.3707689,47.6694413]]}},{"type":"Feature","id":"way/458057580/883","properties":{"highway":"residential","lanes":"2","maxspeed":"20 mph","name":"Northwest 54th Street","sidewalk":"separate","surface":"asphalt","osm_id":458057580},"geometry":{"type":"LineString","coordinates":[[-122.3762713,47.6678974],[-122.3764045,47.6678971],[-122.3765358,47.6678968]]}},{"type":"Feature","id":"way/461804082/884","properties":{"highway":"service","service":"parking_aisle","osm_id":461804082},"geometry":{"type":"LineString","coordinates":[[-122.3815741,47.6712529],[-122.38157,47.670987]]}},{"type":"Feature","id":"way/462702297/885","properties":{"highway":"tertiary","lanes":"2","maxspeed":"25 mph","name":"3rd Avenue West","trolley_wire":"yes","osm_id":462702297},"geometry":{"type":"LineString","coordinates":[[-122.3608732,47.6495389],[-122.360863,47.6499797],[-122.3608656,47.6503515],[-122.3608662,47.6504138],[-122.360866,47.6504935],[-122.3608665,47.6506283],[-122.360868,47.6507157],[-122.3608716,47.650849]]}},{"type":"Feature","id":"way/462702301/886","properties":{"highway":"tertiary","lanes":"2","maxspeed":"25 mph","name":"3rd Avenue West","trolley_wire":"yes","osm_id":462702301},"geometry":{"type":"LineString","coordinates":[[-122.3608928,47.6490504],[-122.3608748,47.6494938],[-122.3608732,47.6495389]]}},{"type":"Feature","id":"way/462702309/887","properties":{"highway":"residential","lanes":"2","maxspeed":"20 mph","name":"Queen Anne Avenue North","osm_id":462702309},"geometry":{"type":"LineString","coordinates":[[-122.3576808,47.6497806],[-122.3576695,47.6498833],[-122.3576606,47.6499766],[-122.3576597,47.6499895],[-122.3576579,47.6501087],[-122.3576553,47.6503739],[-122.3576547,47.6504097]]}},{"type":"Feature","id":"way/462702315/888","properties":{"highway":"residential","lanes":"2","maxspeed":"20 mph","name":"Queen Anne Avenue North","trolley_wire":"yes","osm_id":462702315},"geometry":{"type":"LineString","coordinates":[[-122.3576887,47.6495444],[-122.3576842,47.6496554],[-122.3576808,47.6497806]]}},{"type":"Feature","id":"way/463359520/889","properties":{"highway":"service","service":"parking_aisle","osm_id":463359520},"geometry":{"type":"LineString","coordinates":[[-122.3779955,47.6705072],[-122.3779948,47.6702793]]}},{"type":"Feature","id":"way/466758516/890","properties":{"access":"destination","highway":"service","maxspeed":"15 mph","service":"alley","sidewalk:both":"no","surface":"gravel","osm_id":466758516},"geometry":{"type":"LineString","coordinates":[[-122.3729674,47.6657074],[-122.372967,47.6657828],[-122.3729656,47.6660313],[-122.3729638,47.6663552],[-122.3729634,47.666431]]}},{"type":"Feature","id":"way/470420212/891","properties":{"bicycle":"designated","cycleway":"lane","highway":"secondary","lanes":"3","lanes:backward":"1","lanes:both_ways":"1","lanes:forward":"1","lit":"yes","maxspeed":"25 mph","name":"8th Avenue Northwest","oneway":"no","sidewalk:both":"separate","snowplowing":"yes","surface":"concrete","turn:lanes:both_ways":"left","winter_service":"yes","winter_service:priority":"2","osm_id":470420212},"geometry":{"type":"LineString","coordinates":[[-122.3661897,47.6643889],[-122.3661894,47.6644402],[-122.366188,47.6647155],[-122.3661866,47.6649798],[-122.3661864,47.6650116],[-122.3661863,47.6650511],[-122.366186,47.6652207],[-122.3661856,47.6654591],[-122.3661853,47.665623],[-122.3661852,47.6657127]]}},{"type":"Feature","id":"way/473424456/892","properties":{"highway":"service","service":"parking_aisle","surface":"concrete","osm_id":473424456},"geometry":{"type":"LineString","coordinates":[[-122.3804246,47.663554],[-122.3801879,47.6636811]]}},{"type":"Feature","id":"way/477967258/893","properties":{"highway":"residential","lanes":"2","maxspeed":"20 mph","name":"23rd Avenue West","sidewalk:both":"separate","osm_id":477967258},"geometry":{"type":"LineString","coordinates":[[-122.3859936,47.6539775],[-122.3859938,47.6540424],[-122.3860098,47.6552317],[-122.3859949,47.6552958],[-122.3859681,47.655314],[-122.3858607,47.6553899]]}},{"type":"Feature","id":"way/477967259/894","properties":{"highway":"tertiary","lanes":"2","maxspeed":"25 mph","name":"West Emerson Street","sidewalk:both":"separate","snowplowing":"yes","winter_service":"yes","winter_service:priority":"2","osm_id":477967259},"geometry":{"type":"LineString","coordinates":[[-122.3859936,47.6539775],[-122.3861072,47.6539769],[-122.3867261,47.6539737],[-122.387,47.65397454615385]]}},{"type":"Feature","id":"way/481338721/895","properties":{"highway":"service","oneway":"yes","service":"drive-through","surface":"asphalt","osm_id":481338721},"geometry":{"type":"LineString","coordinates":[[-122.3813117,47.6683235],[-122.3812374,47.6683625],[-122.3811076,47.6684307],[-122.3810837,47.6684436],[-122.3810762,47.6684517]]}},{"type":"Feature","id":"way/481338723/896","properties":{"highway":"service","oneway":"yes","service":"drive-through","surface":"asphalt","osm_id":481338723},"geometry":{"type":"LineString","coordinates":[[-122.3810352,47.66852],[-122.3810314,47.668535],[-122.381029,47.6685448],[-122.3810293,47.6685692],[-122.3810306,47.6686656]]}},{"type":"Feature","id":"way/481340485/897","properties":{"hgv":"designated","highway":"tertiary","lanes":"3","lanes:backward":"2","lanes:forward":"1","maxspeed":"25 mph","name":"Northwest 46th Street","old_name":"B Street","sidewalk":"no","snowplowing":"no","source:hgv":"https://www.seattle.gov/Documents/Departments/SDOT/Services/Permits/MajorTruckStreets.pdf","surface":"asphalt","turn:lanes:backward":"left|none","winter_service":"no","osm_id":481340485},"geometry":{"type":"LineString","coordinates":[[-122.3707467,47.6621897],[-122.3709155,47.6621903],[-122.3709892,47.6621906],[-122.371068,47.6621909],[-122.3713764,47.662192],[-122.371578,47.6621927]]}},{"type":"Feature","id":"way/481340486/898","properties":{"highway":"service","osm_id":481340486},"geometry":{"type":"LineString","coordinates":[[-122.3735769,47.6608486],[-122.3736063,47.6608239],[-122.3736069,47.660794],[-122.3736065,47.6607754]]}},{"type":"Feature","id":"way/481340487/899","properties":{"highway":"service","osm_id":481340487},"geometry":{"type":"LineString","coordinates":[[-122.3735769,47.6608486],[-122.373516,47.6608114],[-122.3735152,47.6607718]]}},{"type":"Feature","id":"way/483285545/900","properties":{"highway":"service","osm_id":483285545},"geometry":{"type":"LineString","coordinates":[[-122.3705421,47.6650357],[-122.3705428,47.6651245],[-122.3705429,47.6651489]]}},{"type":"Feature","id":"way/483285546/901","properties":{"highway":"service","service":"parking_aisle","osm_id":483285546},"geometry":{"type":"LineString","coordinates":[[-122.3702351,47.6653286],[-122.3702342,47.6652333],[-122.3703041,47.6651593]]}},{"type":"Feature","id":"way/483472632/902","properties":{"highway":"service","service":"parking_aisle","osm_id":483472632},"geometry":{"type":"LineString","coordinates":[[-122.3728029,47.663814],[-122.372806,47.6641154],[-122.3733616,47.6641154]]}},{"type":"Feature","id":"way/483473303/903","properties":{"highway":"service","osm_id":483473303},"geometry":{"type":"LineString","coordinates":[[-122.370748,47.664388],[-122.3708941,47.6644062],[-122.3709153,47.6644089]]}},{"type":"Feature","id":"way/483486723/904","properties":{"highway":"service","osm_id":483486723},"geometry":{"type":"LineString","coordinates":[[-122.3707518,47.6639346],[-122.3706658,47.6639354],[-122.3706408,47.6639356]]}},{"type":"Feature","id":"way/483524313/905","properties":{"highway":"service","service":"parking_aisle","osm_id":483524313},"geometry":{"type":"LineString","coordinates":[[-122.3675007,47.6638329],[-122.3670571,47.6638334],[-122.366369,47.6638341],[-122.3663464,47.6638341],[-122.3661978,47.6638343]]}},{"type":"Feature","id":"way/483524315/906","properties":{"highway":"service","service":"parking_aisle","surface":"asphalt","osm_id":483524315},"geometry":{"type":"LineString","coordinates":[[-122.3670571,47.6638334],[-122.3670588,47.664303],[-122.3670589,47.6643181],[-122.3670591,47.6643901]]}},{"type":"Feature","id":"way/483524316/907","properties":{"highway":"service","service":"parking_aisle","surface":"asphalt","osm_id":483524316},"geometry":{"type":"LineString","coordinates":[[-122.3667168,47.6640296],[-122.3667152,47.6643025],[-122.3667151,47.6643177],[-122.3667147,47.6643896]]}},{"type":"Feature","id":"way/484103057/908","properties":{"highway":"service","service":"parking_aisle","surface":"asphalt","osm_id":484103057},"geometry":{"type":"LineString","coordinates":[[-122.3808744,47.6653659],[-122.3809779,47.6653092],[-122.3810906,47.6652473]]}},{"type":"Feature","id":"way/484443807/909","properties":{"bicycle":"designated","busway:left":"lane","cycleway:right":"shared_lane","hgv":"designated","highway":"primary","lanes":"2","lanes:backward":"1","lanes:forward":"1","lcn":"yes","lit":"yes","maxspeed":"25 mph","name":"West Nickerson Street","parking:lane:right":"parallel","source:hgv":"https://www.seattle.gov/Documents/Departments/SDOT/Services/Permits/MajorTruckStreets.pdf","surface":"asphalt","trolley_wire":"yes","osm_id":484443807},"geometry":{"type":"LineString","coordinates":[[-122.3598001,47.6505953],[-122.3602824,47.6507101]]}},{"type":"Feature","id":"way/486003877/910","properties":{"hgv":"designated","highway":"secondary","lanes":"4","maxspeed":"25 mph","name":"Leary Way Northwest","sidewalk:both":"separate","snowplowing":"yes","source:hgv":"https://www.seattle.gov/Documents/Departments/SDOT/Services/Permits/MajorTruckStreets.pdf","winter_service":"yes","winter_service:priority":"2","osm_id":486003877},"geometry":{"type":"LineString","coordinates":[[-122.3691978,47.6634357],[-122.3692898,47.6634801],[-122.3693954,47.6635203],[-122.369498,47.6635558]]}},{"type":"Feature","id":"way/486003878/911","properties":{"hgv":"designated","highway":"secondary","lanes":"4","maxspeed":"25 mph","name":"Leary Way Northwest","sidewalk":"separate","snowplowing":"yes","source:hgv":"https://www.seattle.gov/Documents/Departments/SDOT/Services/Permits/MajorTruckStreets.pdf","winter_service":"yes","winter_service:priority":"2","osm_id":486003878},"geometry":{"type":"LineString","coordinates":[[-122.3678725,47.6621955],[-122.3679571,47.6622848],[-122.3680918,47.6624269]]}},{"type":"Feature","id":"way/486264935/912","properties":{"dual_carriageway":"yes","highway":"tertiary","lanes":"3","maxspeed":"20 mph","name":"14th Avenue Northwest","oneway":"yes","parking:left":"separate","parking:right":"no","sidewalk:left":"no","sidewalk:right":"separate","source":"Local Knwoladge","surface":"asphalt","turn:lanes":"left||right","osm_id":486264935},"geometry":{"type":"LineString","coordinates":[[-122.3735003,47.6684415],[-122.3734972,47.6685391],[-122.373493,47.6686686]]}},{"type":"Feature","id":"way/486264936/913","properties":{"dual_carriageway":"yes","highway":"tertiary","lanes":"2","maxspeed":"20 mph","name":"14th Avenue Northwest","oneway":"yes","sidewalk:left":"no","sidewalk:right":"separate","surface":"asphalt","turn:lanes":"left|","osm_id":486264936},"geometry":{"type":"LineString","coordinates":[[-122.3736666,47.6689352],[-122.3736648,47.6687831],[-122.3736634,47.6686686]]}},{"type":"Feature","id":"way/486266866/914","properties":{"hgv":"designated","highway":"secondary","lanes":"5","lanes:backward":"2","lanes:both_ways":"1","lanes:forward":"2","maxspeed":"25 mph","name":"Leary Way Northwest","sidewalk":"separate","snowplowing":"yes","source:hgv":"https://www.seattle.gov/Documents/Departments/SDOT/Services/Permits/MajorTruckStreets.pdf","surface":"asphalt","turn:lanes:both_ways":"left","winter_service":"yes","winter_service:priority":"2","osm_id":486266866},"geometry":{"type":"LineString","coordinates":[[-122.3595987,47.6536423],[-122.3597065,47.6537546],[-122.3598208,47.6538709]]}},{"type":"Feature","id":"way/486299308/915","properties":{"foot":"no","hgv":"designated","highway":"primary_link","lanes":"1","maxspeed":"25 mph","oneway":"yes","parking:lane:both":"no_stopping","source:hgv":"https://www.seattle.gov/Documents/Departments/SDOT/Services/Permits/MajorTruckStreets.pdf","surface":"concrete","osm_id":486299308},"geometry":{"type":"LineString","coordinates":[[-122.3756848,47.6543729],[-122.3756654,47.6543019],[-122.3756676,47.6542572],[-122.3756741,47.6542034],[-122.3756922,47.654147],[-122.375721,47.6540932],[-122.3757504,47.6540437],[-122.3757575,47.6540128],[-122.3757534,47.6539163]]}},{"type":"Feature","id":"way/486299309/916","properties":{"bicycle":"yes","cycleway":"no","hgv":"designated","highway":"primary_link","lanes":"2","lcn":"yes","maxspeed":"25 mph","oneway":"yes","parking:lane:both":"no_stopping","source:hgv":"https://www.seattle.gov/Documents/Departments/SDOT/Services/Permits/MajorTruckStreets.pdf","surface":"concrete","osm_id":486299309},"geometry":{"type":"LineString","coordinates":[[-122.3755869,47.654386],[-122.3755876,47.6545124],[-122.3756075,47.6546588]]}},{"type":"Feature","id":"way/486299310/917","properties":{"foot":"no","hgv":"designated","highway":"primary_link","lanes":"2","maxspeed":"25 mph","oneway":"yes","parking:lane:both":"no_stopping","source:hgv":"https://www.seattle.gov/Documents/Departments/SDOT/Services/Permits/MajorTruckStreets.pdf","surface":"concrete","turn:lanes":"left|right","osm_id":486299310},"geometry":{"type":"LineString","coordinates":[[-122.3756075,47.6546588],[-122.3756488,47.6545955],[-122.3756801,47.654512],[-122.3756851,47.654419],[-122.3756848,47.6543729]]}},{"type":"Feature","id":"way/490739768/918","properties":{"highway":"service","service":"alley","osm_id":490739768},"geometry":{"type":"LineString","coordinates":[[-122.372955,47.6678879],[-122.3729551,47.6679687],[-122.3729561,47.6685549],[-122.3729563,47.6686688]]}},{"type":"Feature","id":"way/492219384/919","properties":{"highway":"service","service":"parking_aisle","surface":"asphalt","osm_id":492219384},"geometry":{"type":"LineString","coordinates":[[-122.3787724,47.6627517],[-122.3785431,47.6627527]]}},{"type":"Feature","id":"way/500513897/920","properties":{"highway":"secondary","lanes":"4","lit":"yes","maxspeed":"25 mph","name":"Northwest Market Street","old_name":"Broadway (Ballard)","sidewalk":"separate","snowplowing":"yes","surface":"asphalt","trolley_wire":"yes","winter_service":"yes","winter_service:priority":"2","osm_id":500513897},"geometry":{"type":"LineString","coordinates":[[-122.3788829,47.6686674],[-122.3790043,47.6686673],[-122.380136,47.6686669],[-122.3803019,47.6686669],[-122.3803972,47.6686667],[-122.380992,47.6686657],[-122.3810306,47.6686656],[-122.38124,47.6686659],[-122.3813623,47.6686661],[-122.3815669,47.6686666],[-122.3820054,47.6686666],[-122.3821604,47.6686665],[-122.3822893,47.6686683],[-122.3825445,47.6686664],[-122.3827578,47.6686664]]}},{"type":"Feature","id":"way/502167311/921","properties":{"highway":"service","oneway":"yes","service":"drive-through","surface":"asphalt","osm_id":502167311},"geometry":{"type":"LineString","coordinates":[[-122.3764844,47.6719365],[-122.3765321,47.6719103],[-122.3765498,47.6718871],[-122.3765569,47.6718592],[-122.3765538,47.6717175]]}},{"type":"Feature","id":"way/502473402/922","properties":{"highway":"service","service":"parking_aisle","osm_id":502473402},"geometry":{"type":"LineString","coordinates":[[-122.3712543,47.6654951],[-122.3709801,47.6654934],[-122.3709068,47.6654336]]}},{"type":"Feature","id":"way/511875025/923","properties":{"highway":"service","service":"parking_aisle","osm_id":511875025},"geometry":{"type":"LineString","coordinates":[[-122.3652058,47.6628132],[-122.3652049,47.6625927],[-122.365204,47.6623645]]}},{"type":"Feature","id":"way/511875026/924","properties":{"highway":"service","service":"parking_aisle","osm_id":511875026},"geometry":{"type":"LineString","coordinates":[[-122.365204,47.6623645],[-122.3651377,47.6623647],[-122.3650423,47.662365],[-122.3643893,47.6623668]]}},{"type":"Feature","id":"way/511875027/925","properties":{"highway":"service","service":"parking_aisle","osm_id":511875027},"geometry":{"type":"LineString","coordinates":[[-122.3655371,47.6628117],[-122.3655381,47.6625927],[-122.3652049,47.6625927]]}},{"type":"Feature","id":"way/511876737/926","properties":{"highway":"service","service":"parking_aisle","osm_id":511876737},"geometry":{"type":"LineString","coordinates":[[-122.3666578,47.6630065],[-122.3666574,47.6631053],[-122.3663878,47.6631056]]}},{"type":"Feature","id":"way/517227997/927","properties":{"cycleway:both":"no","highway":"residential","lanes":"2","lit":"yes","maxspeed":"20 mph","name":"Northwest 48th Street","sidewalk:both":"separate","surface":"concrete","osm_id":517227997},"geometry":{"type":"LineString","coordinates":[[-122.3588402,47.6635953],[-122.3589514,47.663595],[-122.3606466,47.6635909],[-122.3606941,47.663594],[-122.3607281,47.6635962],[-122.3608104,47.6636182]]}},{"type":"Feature","id":"way/523882355/928","properties":{"access":"yes","bicycle":"yes","foot":"yes","highway":"footway","horse":"no","motor_vehicle":"no","osm_id":523882355},"geometry":{"type":"LineString","coordinates":[[-122.3691713,47.6671597],[-122.3705948,47.6671586],[-122.3706193,47.667169],[-122.3706618,47.667169]]}},{"type":"Feature","id":"way/525542253/929","properties":{"bicycle":"designated","cycleway":"lane","highway":"secondary","lanes":"3","lanes:backward":"1","lanes:forward":"2","lit":"yes","maxspeed":"25 mph","name":"8th Avenue Northwest","oneway":"no","sidewalk:both":"separate","snowplowing":"yes","surface":"asphalt","turn:lanes:forward":"left||","winter_service":"yes","winter_service:priority":"2","osm_id":525542253},"geometry":{"type":"LineString","coordinates":[[-122.3661696,47.6680725],[-122.3661698,47.6682547],[-122.3661699,47.6683388],[-122.36617,47.6683963]]}},{"type":"Feature","id":"way/527113591/930","properties":{"foot":"yes","highway":"cycleway","lcn_ref":"SCT","name":"Ship Canal Trail","railway":"abandoned","segregated":"no","surface":"asphalt","width":"1.5","osm_id":527113591},"geometry":{"type":"LineString","coordinates":[[-122.3598611,47.6515098],[-122.3597609,47.6514785],[-122.3596709,47.6514458],[-122.3596013,47.6514151],[-122.3576656,47.6505607],[-122.3575972,47.6505305],[-122.3573529,47.650422],[-122.3573368,47.6504145],[-122.357,47.65026747242889]]}},{"type":"Feature","id":"way/527113593/931","properties":{"bicycle":"designated","foot":"designated","highway":"cycleway","lcn_ref":"SCT","name":"Ship Canal Trail","railway":"abandoned","segregated":"no","surface":"asphalt","width":"4","osm_id":527113593},"geometry":{"type":"LineString","coordinates":[[-122.3692645,47.6545392],[-122.3683145,47.65397],[-122.3679869,47.6537731],[-122.3676729,47.6535887],[-122.3674015,47.6534492],[-122.3671719,47.6533435],[-122.3669411,47.6532446],[-122.3665694,47.6531007]]}},{"type":"Feature","id":"way/531939070/932","properties":{"highway":"residential","lanes":"2","maxspeed":"20 mph","name":"Northwest 56th Street","old_name":"State Street","sidewalk:both":"separate","surface":"concrete","osm_id":531939070},"geometry":{"type":"LineString","coordinates":[[-122.3736673,47.6694409],[-122.3737794,47.6694412],[-122.3750703,47.6694445],[-122.3754974,47.669446],[-122.3760025,47.6694473],[-122.376128,47.6694482]]}},{"type":"Feature","id":"way/531939071/933","properties":{"dual_carriageway":"yes","highway":"tertiary","lanes":"1","maxspeed":"20 mph","name":"14th Avenue Northwest","oneway":"yes","sidewalk:left":"no","sidewalk:right":"separate","surface":"asphalt","osm_id":531939071},"geometry":{"type":"LineString","coordinates":[[-122.3736673,47.6694409],[-122.3736663,47.6693779],[-122.3736672,47.6693569],[-122.373667,47.669198],[-122.3736666,47.6689352]]}},{"type":"Feature","id":"way/531939174/934","properties":{"highway":"residential","lanes":"2","maxspeed":"20 mph","name":"Northwest 56th Street","old_name":"State Street","sidewalk:both":"separate","surface":"concrete","osm_id":531939174},"geometry":{"type":"LineString","coordinates":[[-122.3734946,47.669443],[-122.3736673,47.6694409]]}},{"type":"Feature","id":"way/531939177/935","properties":{"dual_carriageway":"yes","highway":"tertiary","lanes":"1","maxspeed":"20 mph","name":"14th Avenue Northwest","oneway":"yes","sidewalk:left":"no","sidewalk:right":"separate","source":"Local Knwoladge","surface":"asphalt","osm_id":531939177},"geometry":{"type":"LineString","coordinates":[[-122.3734946,47.669443],[-122.3734952,47.6694958],[-122.3735015,47.6701193],[-122.373502,47.6701765],[-122.3735021,47.6702281],[-122.3735045,47.6708514],[-122.3735044,47.6709027]]}},{"type":"Feature","id":"way/533301878/936","properties":{"hgv":"designated","highway":"secondary","lanes":"5","lanes:backward":"2","lanes:both_ways":"1","lanes:forward":"2","maxspeed":"25 mph","name":"Leary Way Northwest","sidewalk":"separate","smoothness":"good","snowplowing":"yes","source:hgv":"https://www.seattle.gov/Documents/Departments/SDOT/Services/Permits/MajorTruckStreets.pdf","surface":"asphalt","turn:lanes:both_ways":"left","winter_service":"yes","winter_service:priority":"2","osm_id":533301878},"geometry":{"type":"LineString","coordinates":[[-122.3635782,47.6577877],[-122.3636152,47.6578272],[-122.3640034,47.6582444],[-122.3643835,47.6586189],[-122.3644237,47.6586589],[-122.3645109,47.6587456]]}},{"type":"Feature","id":"way/548020581/937","properties":{"highway":"service","maxspeed":"15 mph","oneway":"yes","service":"alley","surface":"asphalt","osm_id":548020581},"geometry":{"type":"LineString","coordinates":[[-122.3775038,47.6498176],[-122.3775926,47.6498176],[-122.3780747,47.6498175],[-122.3781114,47.6498123],[-122.3781443,47.6497915],[-122.3781521,47.6497576],[-122.3781506,47.6490919]]}},{"type":"Feature","id":"way/550736645/938","properties":{"bicycle":"yes","highway":"secondary","lanes":"2","lcn":"yes","maxspeed":"25 mph","name":"West Emerson Place","sidewalk":"left","snowplowing":"yes","surface":"asphalt","winter_service":"yes","winter_service:priority":"2","osm_id":550736645},"geometry":{"type":"LineString","coordinates":[[-122.3856908,47.6561063],[-122.3856008,47.6561225]]}},{"type":"Feature","id":"way/550736646/939","properties":{"bridge":"yes","highway":"secondary","lanes":"2","layer":"1","lcn":"yes","maxspeed":"25 mph","name":"West Emerson Place","ref:fra_crossing":"085420P","sidewalk":"right","snowplowing":"yes","surface":"asphalt","winter_service":"yes","winter_service:priority":"2","osm_id":550736646},"geometry":{"type":"LineString","coordinates":[[-122.3859374,47.6560448],[-122.3862834,47.6559562]]}},{"type":"Feature","id":"way/550736649/940","properties":{"bicycle":"yes","bridge":"yes","highway":"secondary","lanes":"2","layer":"1","lcn":"yes","maxspeed":"25 mph","name":"West Emerson Place","ref:fra_crossing":"085420P","sidewalk":"left","snowplowing":"yes","surface":"asphalt","winter_service":"yes","winter_service:priority":"2","osm_id":550736649},"geometry":{"type":"LineString","coordinates":[[-122.3859374,47.6560448],[-122.3856908,47.6561063]]}},{"type":"Feature","id":"way/550736650/941","properties":{"highway":"secondary","lanes":"2","lcn":"yes","maxspeed":"25 mph","name":"West Emerson Place","sidewalk":"right","snowplowing":"yes","surface":"asphalt","winter_service":"yes","winter_service:priority":"2","osm_id":550736650},"geometry":{"type":"LineString","coordinates":[[-122.3862834,47.6559562],[-122.3863784,47.6559065],[-122.3864696,47.6558589]]}},{"type":"Feature","id":"way/555488615/942","properties":{"access":"destination","highway":"service","maxspeed":"15 mph","service":"alley","osm_id":555488615},"geometry":{"type":"LineString","coordinates":[[-122.3639987,47.6640246],[-122.3639061,47.664024],[-122.3625085,47.6640154]]}},{"type":"Feature","id":"way/555488616/943","properties":{"bicycle":"designated","cycleway":"shared_lane","highway":"residential","lanes":"2","maxspeed":"20 mph","name":"6th Avenue Northwest","sidewalk:both":"separate","sidewalk:both:surface":"concrete","smoothness":"good","surface":"asphalt","osm_id":555488616},"geometry":{"type":"LineString","coordinates":[[-122.363992,47.664385],[-122.3639926,47.6644489],[-122.3639947,47.6646763],[-122.363995,47.6647128],[-122.3639993,47.6649264],[-122.3640009,47.665004]]}},{"type":"Feature","id":"way/555541206/944","properties":{"dual_carriageway":"yes","highway":"tertiary","lanes":"1","maxspeed":"20 mph","name":"14th Avenue Northwest","oneway":"yes","sidewalk:left":"no","sidewalk:right":"separate","surface":"asphalt","osm_id":555541206},"geometry":{"type":"LineString","coordinates":[[-122.3736693,47.6716295],[-122.3736688,47.6715613],[-122.3736807,47.670976],[-122.3736794,47.6709026]]}},{"type":"Feature","id":"way/562492554/945","properties":{"highway":"service","osm_id":562492554},"geometry":{"type":"LineString","coordinates":[[-122.372404,47.6576474],[-122.3720728,47.6576411],[-122.3718368,47.6576436],[-122.3717083,47.6576409],[-122.3712118,47.6576393],[-122.3707531,47.6574325],[-122.3709069,47.6573623]]}},{"type":"Feature","id":"way/564769713/946","properties":{"highway":"service","service":"parking_aisle","surface":"concrete","osm_id":564769713},"geometry":{"type":"LineString","coordinates":[[-122.386821,47.6695432],[-122.386815,47.6696907]]}},{"type":"Feature","id":"way/564769733/947","properties":{"highway":"service","service":"parking_aisle","surface":"asphalt","osm_id":564769733},"geometry":{"type":"LineString","coordinates":[[-122.3860492,47.6700978],[-122.38605,47.6699967]]}},{"type":"Feature","id":"way/564769735/948","properties":{"highway":"service","oneway":"yes","service":"parking_aisle","surface":"asphalt","osm_id":564769735},"geometry":{"type":"LineString","coordinates":[[-122.3855486,47.6700306],[-122.3857851,47.6700322]]}},{"type":"Feature","id":"way/564769744/949","properties":{"highway":"service","oneway":"yes","service":"parking_aisle","surface":"asphalt","osm_id":564769744},"geometry":{"type":"LineString","coordinates":[[-122.386214,47.6695618],[-122.3862211,47.6698367],[-122.3862212,47.6698391],[-122.3864521,47.6698364],[-122.3864451,47.6695657]]}},{"type":"Feature","id":"way/564769747/950","properties":{"highway":"service","service":"parking_aisle","osm_id":564769747},"geometry":{"type":"LineString","coordinates":[[-122.3867172,47.6667667],[-122.387,47.6665869807605]]}},{"type":"Feature","id":"way/564769753/951","properties":{"highway":"service","service":"parking_aisle","osm_id":564769753},"geometry":{"type":"LineString","coordinates":[[-122.387,47.658649983424866],[-122.3869012,47.6586506],[-122.3868991,47.6584963]]}},{"type":"Feature","id":"way/564769755/952","properties":{"highway":"service","osm_id":564769755},"geometry":{"type":"LineString","coordinates":[[-122.3869225,47.657636],[-122.3869224,47.6577114]]}},{"type":"Feature","id":"way/564769758/953","properties":{"highway":"service","service":"parking_aisle","osm_id":564769758},"geometry":{"type":"LineString","coordinates":[[-122.3869224,47.6577114],[-122.3869287,47.6579305],[-122.387,47.65792958315473]]}},{"type":"Feature","id":"way/564769762/954","properties":{"highway":"service","osm_id":564769762},"geometry":{"type":"LineString","coordinates":[[-122.3860924,47.6568531],[-122.386077,47.6568531],[-122.3860665,47.6568531],[-122.385932,47.6568528]]}},{"type":"Feature","id":"way/564769765/955","properties":{"highway":"service","osm_id":564769765},"geometry":{"type":"LineString","coordinates":[[-122.3859405,47.6580994],[-122.3860826,47.6580999]]}},{"type":"Feature","id":"way/564769766/956","properties":{"highway":"service","service":"parking_aisle","osm_id":564769766},"geometry":{"type":"LineString","coordinates":[[-122.3860826,47.6580999],[-122.386262,47.6581004]]}},{"type":"Feature","id":"way/564769769/957","properties":{"highway":"service","service":"parking_aisle","osm_id":564769769},"geometry":{"type":"LineString","coordinates":[[-122.3860821,47.657976],[-122.3862587,47.6579766]]}},{"type":"Feature","id":"way/564769770/958","properties":{"highway":"service","osm_id":564769770},"geometry":{"type":"LineString","coordinates":[[-122.3859401,47.6579756],[-122.3860821,47.657976]]}},{"type":"Feature","id":"way/564769771/959","properties":{"highway":"service","service":"parking_aisle","osm_id":564769771},"geometry":{"type":"LineString","coordinates":[[-122.3867588,47.6586866],[-122.3863631,47.6586885]]}},{"type":"Feature","id":"way/564769775/960","properties":{"highway":"service","service":"parking_aisle","surface":"asphalt","osm_id":564769775},"geometry":{"type":"LineString","coordinates":[[-122.387,47.66046850554909],[-122.386984,47.6604684]]}},{"type":"Feature","id":"way/564769779/961","properties":{"highway":"service","service":"parking_aisle","surface":"asphalt","osm_id":564769779},"geometry":{"type":"LineString","coordinates":[[-122.387,47.66018114068965],[-122.3868502,47.6601821]]}},{"type":"Feature","id":"way/564769782/962","properties":{"highway":"service","service":"parking_aisle","surface":"asphalt","osm_id":564769782},"geometry":{"type":"LineString","coordinates":[[-122.3868522,47.6603253],[-122.387,47.66032435326435]]}},{"type":"Feature","id":"way/564769784/963","properties":{"highway":"service","service":"parking_aisle","surface":"asphalt","osm_id":564769784},"geometry":{"type":"LineString","coordinates":[[-122.387,47.66002956465517],[-122.3868481,47.6600305],[-122.3868502,47.6601821],[-122.3868522,47.6603253],[-122.3868534,47.6604127]]}},{"type":"Feature","id":"way/564769787/964","properties":{"highway":"service","service":"parking_aisle","osm_id":564769787},"geometry":{"type":"LineString","coordinates":[[-122.3848831,47.6588435],[-122.3852332,47.6588449]]}},{"type":"Feature","id":"way/564769789/965","properties":{"highway":"service","osm_id":564769789},"geometry":{"type":"LineString","coordinates":[[-122.38472,47.6588429],[-122.3848831,47.6588435]]}},{"type":"Feature","id":"way/564769790/966","properties":{"highway":"service","osm_id":564769790},"geometry":{"type":"LineString","coordinates":[[-122.3848906,47.6583369],[-122.3847158,47.6583408]]}},{"type":"Feature","id":"way/564769792/967","properties":{"highway":"service","service":"parking_aisle","osm_id":564769792},"geometry":{"type":"LineString","coordinates":[[-122.3852143,47.6583317],[-122.3848906,47.6583369]]}},{"type":"Feature","id":"way/564769795/968","properties":{"highway":"service","osm_id":564769795},"geometry":{"type":"LineString","coordinates":[[-122.3852984,47.6583309],[-122.3852143,47.6583317]]}},{"type":"Feature","id":"way/564769796/969","properties":{"highway":"service","service":"parking_aisle","osm_id":564769796},"geometry":{"type":"LineString","coordinates":[[-122.3836043,47.6586937],[-122.3836034,47.6589442]]}},{"type":"Feature","id":"way/564769806/970","properties":{"highway":"service","service":"parking_aisle","osm_id":564769806},"geometry":{"type":"LineString","coordinates":[[-122.3839714,47.659833],[-122.3840013,47.6599488],[-122.3842146,47.6601601],[-122.3843366,47.6600824],[-122.384401,47.6599903],[-122.3839714,47.659833],[-122.3836063,47.6596706],[-122.3835281,47.6597134]]}},{"type":"Feature","id":"way/564769812/971","properties":{"highway":"service","service":"parking_aisle","osm_id":564769812},"geometry":{"type":"LineString","coordinates":[[-122.3856425,47.6603908],[-122.3853168,47.6602581]]}},{"type":"Feature","id":"way/564769814/972","properties":{"highway":"service","service":"parking_aisle","osm_id":564769814},"geometry":{"type":"LineString","coordinates":[[-122.3856831,47.6603455],[-122.3856425,47.6603908],[-122.3855156,47.660532]]}},{"type":"Feature","id":"way/564769815/973","properties":{"highway":"service","oneway":"yes","service":"parking_aisle","osm_id":564769815},"geometry":{"type":"LineString","coordinates":[[-122.3863422,47.6608312],[-122.3856687,47.6605648]]}},{"type":"Feature","id":"way/564769818/974","properties":{"highway":"service","osm_id":564769818},"geometry":{"type":"LineString","coordinates":[[-122.3851609,47.661141],[-122.3852515,47.6610427]]}},{"type":"Feature","id":"way/564769819/975","properties":{"highway":"service","service":"parking_aisle","osm_id":564769819},"geometry":{"type":"LineString","coordinates":[[-122.3856645,47.6613518],[-122.3851609,47.661141]]}},{"type":"Feature","id":"way/564769821/976","properties":{"highway":"service","osm_id":564769821},"geometry":{"type":"LineString","coordinates":[[-122.3857804,47.6612593],[-122.3858443,47.6612854],[-122.3859349,47.6613225]]}},{"type":"Feature","id":"way/564769822/977","properties":{"highway":"service","service":"parking_aisle","osm_id":564769822},"geometry":{"type":"LineString","coordinates":[[-122.3861028,47.6610328],[-122.385468,47.6607819]]}},{"type":"Feature","id":"way/564769825/978","properties":{"highway":"service","osm_id":564769825},"geometry":{"type":"LineString","coordinates":[[-122.3857201,47.6613751],[-122.3856645,47.6613518]]}},{"type":"Feature","id":"way/564769826/979","properties":{"highway":"service","service":"parking_aisle","osm_id":564769826},"geometry":{"type":"LineString","coordinates":[[-122.385354,47.6609051],[-122.3859512,47.6611507]]}},{"type":"Feature","id":"way/564769828/980","properties":{"highway":"service","service":"parking_aisle","osm_id":564769828},"geometry":{"type":"LineString","coordinates":[[-122.3858194,47.6614142],[-122.3860558,47.6615112]]}},{"type":"Feature","id":"way/564769830/981","properties":{"highway":"service","service":"parking_aisle","osm_id":564769830},"geometry":{"type":"LineString","coordinates":[[-122.3859349,47.6613225],[-122.3865884,47.661569]]}},{"type":"Feature","id":"way/564769831/982","properties":{"highway":"service","service":"parking_aisle","osm_id":564769831},"geometry":{"type":"LineString","coordinates":[[-122.3848626,47.6608835],[-122.3852515,47.6610427],[-122.3857804,47.6612593]]}},{"type":"Feature","id":"way/564769834/983","properties":{"highway":"service","osm_id":564769834},"geometry":{"type":"LineString","coordinates":[[-122.3861122,47.6611735],[-122.3860402,47.6611454]]}},{"type":"Feature","id":"way/564769835/984","properties":{"highway":"service","service":"parking_aisle","osm_id":564769835},"geometry":{"type":"LineString","coordinates":[[-122.3867564,47.6614296],[-122.3861122,47.6611735]]}},{"type":"Feature","id":"way/564769837/985","properties":{"highway":"service","service":"parking_aisle","osm_id":564769837},"geometry":{"type":"LineString","coordinates":[[-122.3867709,47.6615876],[-122.387,47.661675486615934]]}},{"type":"Feature","id":"way/564781908/986","properties":{"highway":"service","service":"parking_aisle","osm_id":564781908},"geometry":{"type":"LineString","coordinates":[[-122.3731879,47.6702676],[-122.3731888,47.6703538]]}},{"type":"Feature","id":"way/564781909/987","properties":{"highway":"service","osm_id":564781909},"geometry":{"type":"LineString","coordinates":[[-122.3731847,47.6701757],[-122.3731872,47.6702473],[-122.3731879,47.6702676]]}},{"type":"Feature","id":"way/564781910/988","properties":{"highway":"service","oneway":"yes","osm_id":564781910},"geometry":{"type":"LineString","coordinates":[[-122.3731336,47.6692705],[-122.3731341,47.6693669],[-122.3731344,47.6694423]]}},{"type":"Feature","id":"way/564781911/989","properties":{"highway":"service","oneway":"yes","osm_id":564781911},"geometry":{"type":"LineString","coordinates":[[-122.3734937,47.6690136],[-122.3734255,47.6690137],[-122.3733309,47.6690143]]}},{"type":"Feature","id":"way/564781912/990","properties":{"highway":"service","oneway":"yes","service":"parking_aisle","osm_id":564781912},"geometry":{"type":"LineString","coordinates":[[-122.3733309,47.6690143],[-122.3733314,47.6692696],[-122.3731336,47.6692705]]}},{"type":"Feature","id":"way/564781913/991","properties":{"highway":"service","osm_id":564781913},"geometry":{"type":"LineString","coordinates":[[-122.3727881,47.6685355],[-122.3727882,47.6685547],[-122.3727885,47.6686686]]}},{"type":"Feature","id":"way/564781914/992","properties":{"highway":"service","osm_id":564781914},"geometry":{"type":"LineString","coordinates":[[-122.3727862,47.6678872],[-122.3727864,47.6679684],[-122.3727865,47.6679863]]}},{"type":"Feature","id":"way/564781917/993","properties":{"highway":"service","service":"parking_aisle","osm_id":564781917},"geometry":{"type":"LineString","coordinates":[[-122.3713934,47.6657869],[-122.3713964,47.6658578]]}},{"type":"Feature","id":"way/564781918/994","properties":{"highway":"service","osm_id":564781918},"geometry":{"type":"LineString","coordinates":[[-122.3713899,47.665703],[-122.3713931,47.6657792],[-122.3713934,47.6657869]]}},{"type":"Feature","id":"way/564781919/995","properties":{"highway":"service","service":"parking_aisle","osm_id":564781919},"geometry":{"type":"LineString","coordinates":[[-122.3716423,47.6657885],[-122.3716452,47.6658595]]}},{"type":"Feature","id":"way/564781920/996","properties":{"highway":"service","osm_id":564781920},"geometry":{"type":"LineString","coordinates":[[-122.3716388,47.6657037],[-122.3716419,47.6657798],[-122.3716423,47.6657885]]}},{"type":"Feature","id":"way/564781921/997","properties":{"highway":"service","service":"parking_aisle","osm_id":564781921},"geometry":{"type":"LineString","coordinates":[[-122.3721944,47.665797],[-122.3722023,47.6659433],[-122.3721318,47.6659455],[-122.3718421,47.6659446]]}},{"type":"Feature","id":"way/564781922/998","properties":{"highway":"service","osm_id":564781922},"geometry":{"type":"LineString","coordinates":[[-122.3721895,47.6657052],[-122.3721935,47.6657811],[-122.3721944,47.665797]]}},{"type":"Feature","id":"way/564781923/999","properties":{"highway":"service","osm_id":564781923},"geometry":{"type":"LineString","coordinates":[[-122.3709068,47.6654336],[-122.3708923,47.6654335],[-122.3707576,47.6654327]]}},{"type":"Feature","id":"way/564781924/1000","properties":{"highway":"service","service":"parking_aisle","osm_id":564781924},"geometry":{"type":"LineString","coordinates":[[-122.3713986,47.6678015],[-122.3713944,47.6677166]]}},{"type":"Feature","id":"way/564781925/1001","properties":{"highway":"service","osm_id":564781925},"geometry":{"type":"LineString","coordinates":[[-122.3714024,47.6678813],[-122.3713992,47.6678144],[-122.3713986,47.6678015]]}},{"type":"Feature","id":"way/564781926/1002","properties":{"highway":"service","service":"parking_aisle","osm_id":564781926},"geometry":{"type":"LineString","coordinates":[[-122.3710313,47.6677938],[-122.3710235,47.6675899]]}},{"type":"Feature","id":"way/564781927/1003","properties":{"highway":"service","osm_id":564781927},"geometry":{"type":"LineString","coordinates":[[-122.3710347,47.6678798],[-122.3710321,47.667814],[-122.3710313,47.6677938]]}},{"type":"Feature","id":"way/564781928/1004","properties":{"highway":"service","service":"parking_aisle","osm_id":564781928},"geometry":{"type":"LineString","coordinates":[[-122.3696239,47.6698701],[-122.3696237,47.6698385]]}},{"type":"Feature","id":"way/564781929/1005","properties":{"highway":"service","osm_id":564781929},"geometry":{"type":"LineString","coordinates":[[-122.3696235,47.6701654],[-122.369624,47.6700953],[-122.3696239,47.6698701]]}},{"type":"Feature","id":"way/564781930/1006","properties":{"highway":"service","service":"parking_aisle","osm_id":564781930},"geometry":{"type":"LineString","coordinates":[[-122.3692255,47.6649668],[-122.3692263,47.6648965]]}},{"type":"Feature","id":"way/564781931/1007","properties":{"highway":"service","osm_id":564781931},"geometry":{"type":"LineString","coordinates":[[-122.3692247,47.6650354],[-122.3692255,47.6649668]]}},{"type":"Feature","id":"way/564781932/1008","properties":{"highway":"service","service":"parking_aisle","osm_id":564781932},"geometry":{"type":"LineString","coordinates":[[-122.3695695,47.6644794],[-122.3695753,47.664616]]}},{"type":"Feature","id":"way/564781933/1009","properties":{"highway":"service","osm_id":564781933},"geometry":{"type":"LineString","coordinates":[[-122.3695657,47.6643903],[-122.3695687,47.6644615],[-122.3695695,47.6644794]]}},{"type":"Feature","id":"way/564781934/1010","properties":{"highway":"service","service":"parking_aisle","osm_id":564781934},"geometry":{"type":"LineString","coordinates":[[-122.3706408,47.6639356],[-122.3705191,47.6639367],[-122.3705168,47.663822]]}},{"type":"Feature","id":"way/564781935/1011","properties":{"highway":"service","service":"parking_aisle","osm_id":564781935},"geometry":{"type":"LineString","coordinates":[[-122.3709256,47.6634971],[-122.3712415,47.6634971]]}},{"type":"Feature","id":"way/564781937/1012","properties":{"highway":"service","osm_id":564781937},"geometry":{"type":"LineString","coordinates":[[-122.3707541,47.6634971],[-122.3709061,47.6634971],[-122.3709256,47.6634971]]}},{"type":"Feature","id":"way/564781938/1013","properties":{"highway":"service","osm_id":564781938},"geometry":{"type":"LineString","coordinates":[[-122.3709367,47.6630804],[-122.3709066,47.6630804],[-122.3707612,47.6630801]]}},{"type":"Feature","id":"way/564781939/1014","properties":{"highway":"service","service":"parking_aisle","osm_id":564781939},"geometry":{"type":"LineString","coordinates":[[-122.3712501,47.6630808],[-122.3709367,47.6630804]]}},{"type":"Feature","id":"way/564781940/1015","properties":{"highway":"service","osm_id":564781940},"geometry":{"type":"LineString","coordinates":[[-122.3712506,47.662929],[-122.3712503,47.6630152],[-122.3712501,47.6630808]]}},{"type":"Feature","id":"way/564781964/1016","properties":{"highway":"service","osm_id":564781964},"geometry":{"type":"LineString","coordinates":[[-122.3750861,47.66432],[-122.3750861,47.6643964]]}},{"type":"Feature","id":"way/564781966/1017","properties":{"highway":"service","service":"parking_aisle","surface":"asphalt","osm_id":564781966},"geometry":{"type":"LineString","coordinates":[[-122.3750861,47.6637935],[-122.3750861,47.66432]]}},{"type":"Feature","id":"way/564781967/1018","properties":{"highway":"service","lanes":"1","osm_id":564781967},"geometry":{"type":"LineString","coordinates":[[-122.375726,47.6643973],[-122.3757264,47.664474],[-122.3757266,47.6645178]]}},{"type":"Feature","id":"way/564781969/1019","properties":{"highway":"service","lanes":"1","oneway":"yes","osm_id":564781969},"geometry":{"type":"LineString","coordinates":[[-122.3749136,47.6643962],[-122.374914,47.664474],[-122.374914,47.6644848]]}},{"type":"Feature","id":"way/564781970/1020","properties":{"highway":"service","lanes":"1","oneway":"yes","osm_id":564781970},"geometry":{"type":"LineString","coordinates":[[-122.3751298,47.664484],[-122.3751298,47.664474],[-122.3751296,47.6643965]]}},{"type":"Feature","id":"way/564781971/1021","properties":{"highway":"service","osm_id":564781971},"geometry":{"type":"LineString","coordinates":[[-122.3752902,47.6645686],[-122.3752872,47.664474],[-122.3752848,47.6643967]]}},{"type":"Feature","id":"way/564781973/1022","properties":{"highway":"service","lanes":"1","osm_id":564781973},"geometry":{"type":"LineString","coordinates":[[-122.3758725,47.6649857],[-122.3758722,47.6650558]]}},{"type":"Feature","id":"way/564781974/1023","properties":{"highway":"service","surface":"asphalt","osm_id":564781974},"geometry":{"type":"LineString","coordinates":[[-122.3758735,47.664761],[-122.3760039,47.6647614],[-122.3760776,47.6647617]]}},{"type":"Feature","id":"way/564781976/1024","properties":{"highway":"service","osm_id":564781976},"geometry":{"type":"LineString","coordinates":[[-122.3756458,47.6643972],[-122.3756424,47.6643205],[-122.3756414,47.664298]]}},{"type":"Feature","id":"way/564781977/1025","properties":{"highway":"service","service":"parking_aisle","osm_id":564781977},"geometry":{"type":"LineString","coordinates":[[-122.3756414,47.664298],[-122.3756358,47.6641696],[-122.375887,47.6641646],[-122.3758912,47.6642604]]}},{"type":"Feature","id":"way/564781981/1026","properties":{"access":"customers","highway":"service","osm_id":564781981},"geometry":{"type":"LineString","coordinates":[[-122.3755701,47.6670606],[-122.3755704,47.6670895],[-122.3755712,47.6671641]]}},{"type":"Feature","id":"way/564781982/1027","properties":{"access":"customers","highway":"service","service":"parking_aisle","osm_id":564781982},"geometry":{"type":"LineString","coordinates":[[-122.3759114,47.6665437],[-122.3759148,47.6667945]]}},{"type":"Feature","id":"way/564781983/1028","properties":{"access":"customers","highway":"service","osm_id":564781983},"geometry":{"type":"LineString","coordinates":[[-122.3760191,47.6667941],[-122.376058,47.6667939],[-122.3761551,47.6667933]]}},{"type":"Feature","id":"way/564781984/1029","properties":{"highway":"service","osm_id":564781984},"geometry":{"type":"LineString","coordinates":[[-122.3761456,47.6677339],[-122.3760128,47.6677333],[-122.3759635,47.6677331]]}},{"type":"Feature","id":"way/564781986/1030","properties":{"highway":"service","osm_id":564781986},"geometry":{"type":"LineString","coordinates":[[-122.375486,47.6677369],[-122.3754869,47.6678197],[-122.3754878,47.6678988]]}},{"type":"Feature","id":"way/564781988/1031","properties":{"highway":"service","service":"parking_aisle","osm_id":564781988},"geometry":{"type":"LineString","coordinates":[[-122.3759635,47.6677331],[-122.375486,47.6677369],[-122.3754854,47.6676828],[-122.375484,47.6675596]]}},{"type":"Feature","id":"way/564781990/1032","properties":{"highway":"service","service":"parking_aisle","surface":"asphalt","osm_id":564781990},"geometry":{"type":"LineString","coordinates":[[-122.3758344,47.6680686],[-122.3755459,47.6680673],[-122.3749601,47.6680647],[-122.3748752,47.6680643]]}},{"type":"Feature","id":"way/564781991/1033","properties":{"highway":"service","service":"drive-through","surface":"asphalt","osm_id":564781991},"geometry":{"type":"LineString","coordinates":[[-122.376142,47.6680714],[-122.3760103,47.6680702],[-122.3758344,47.6680686]]}},{"type":"Feature","id":"way/564782008/1034","properties":{"highway":"service","oneway":"no","service":"parking_aisle","surface":"asphalt","osm_id":564782008},"geometry":{"type":"LineString","coordinates":[[-122.375889,47.6700073],[-122.3758905,47.6698439]]}},{"type":"Feature","id":"way/564782010/1035","properties":{"highway":"service","service":"parking_aisle","surface":"concrete","osm_id":564782010},"geometry":{"type":"LineString","coordinates":[[-122.3766973,47.6710078],[-122.376699,47.6711518]]}},{"type":"Feature","id":"way/564782030/1036","properties":{"highway":"service","osm_id":564782030},"geometry":{"type":"LineString","coordinates":[[-122.3779948,47.6702793],[-122.3779949,47.6702643],[-122.3779955,47.670171]]}},{"type":"Feature","id":"way/564782031/1037","properties":{"highway":"service","surface":"asphalt","osm_id":564782031},"geometry":{"type":"LineString","coordinates":[[-122.3765364,47.668013],[-122.3765362,47.6679741],[-122.3765358,47.6678968]]}},{"type":"Feature","id":"way/564782036/1038","properties":{"highway":"service","surface":"asphalt","osm_id":564782036},"geometry":{"type":"LineString","coordinates":[[-122.3771978,47.664563],[-122.3771978,47.6644873],[-122.3771978,47.6644769],[-122.3771978,47.6643975]]}},{"type":"Feature","id":"way/564782037/1039","properties":{"highway":"service","service":"parking_aisle","surface":"asphalt","osm_id":564782037},"geometry":{"type":"LineString","coordinates":[[-122.3776122,47.6645631],[-122.3771978,47.664563],[-122.37681,47.6645621]]}},{"type":"Feature","id":"way/564782038/1040","properties":{"highway":"service","service":"parking_aisle","surface":"asphalt","osm_id":564782038},"geometry":{"type":"LineString","coordinates":[[-122.378054,47.6628623],[-122.3780548,47.6628024]]}},{"type":"Feature","id":"way/564782040/1041","properties":{"highway":"service","service":"parking_aisle","surface":"asphalt","osm_id":564782040},"geometry":{"type":"LineString","coordinates":[[-122.3782334,47.6628629],[-122.3782342,47.6627997]]}},{"type":"Feature","id":"way/564782042/1042","properties":{"highway":"service","service":"parking_aisle","surface":"asphalt","osm_id":564782042},"geometry":{"type":"LineString","coordinates":[[-122.3794203,47.6633436],[-122.3791903,47.6634689]]}},{"type":"Feature","id":"way/564782045/1043","properties":{"highway":"service","surface":"asphalt","osm_id":564782045},"geometry":{"type":"LineString","coordinates":[[-122.3793501,47.6654723],[-122.3792609,47.6655256],[-122.379231,47.6655434]]}},{"type":"Feature","id":"way/564782055/1044","properties":{"highway":"service","service":"parking_aisle","surface":"asphalt","osm_id":564782055},"geometry":{"type":"LineString","coordinates":[[-122.3801186,47.6702886],[-122.3801223,47.6705052]]}},{"type":"Feature","id":"way/564782065/1045","properties":{"highway":"service","service":"parking_aisle","surface":"asphalt","osm_id":564782065},"geometry":{"type":"LineString","coordinates":[[-122.3818883,47.6669963],[-122.3817749,47.6670607],[-122.3816503,47.6671323],[-122.3813861,47.6669196]]}},{"type":"Feature","id":"way/564782066/1046","properties":{"highway":"service","service":"parking_aisle","osm_id":564782066},"geometry":{"type":"LineString","coordinates":[[-122.3814137,47.6653518],[-122.38161,47.665526]]}},{"type":"Feature","id":"way/564782067/1047","properties":{"highway":"service","osm_id":564782067},"geometry":{"type":"LineString","coordinates":[[-122.3813353,47.6652822],[-122.3813877,47.6653287],[-122.3814137,47.6653518]]}},{"type":"Feature","id":"way/564782068/1048","properties":{"highway":"service","service":"parking_aisle","surface":"asphalt","osm_id":564782068},"geometry":{"type":"LineString","coordinates":[[-122.3794867,47.6646262],[-122.3793819,47.6646767]]}},{"type":"Feature","id":"way/564782070/1049","properties":{"highway":"service","surface":"asphalt","osm_id":564782070},"geometry":{"type":"LineString","coordinates":[[-122.3796242,47.6645599],[-122.3795107,47.6646146],[-122.3794867,47.6646262]]}},{"type":"Feature","id":"way/564782071/1050","properties":{"highway":"service","service":"parking_aisle","surface":"asphalt","osm_id":564782071},"geometry":{"type":"LineString","coordinates":[[-122.3796477,47.6647651],[-122.3794091,47.664887]]}},{"type":"Feature","id":"way/564782073/1051","properties":{"highway":"service","surface":"asphalt","osm_id":564782073},"geometry":{"type":"LineString","coordinates":[[-122.3797837,47.6646957],[-122.3796736,47.6647519],[-122.3796477,47.6647651]]}},{"type":"Feature","id":"way/564782075/1052","properties":{"highway":"service","oneway":"yes","surface":"asphalt","osm_id":564782075},"geometry":{"type":"LineString","coordinates":[[-122.3810542,47.663575],[-122.3810871,47.6635577],[-122.3812105,47.6634926]]}},{"type":"Feature","id":"way/564782077/1053","properties":{"highway":"service","oneway":"yes","service":"parking_aisle","surface":"asphalt","osm_id":564782077},"geometry":{"type":"LineString","coordinates":[[-122.3804443,47.6638966],[-122.3810542,47.663575]]}},{"type":"Feature","id":"way/564782078/1054","properties":{"highway":"service","service":"parking_aisle","osm_id":564782078},"geometry":{"type":"LineString","coordinates":[[-122.3813467,47.6631477],[-122.3812706,47.6630808],[-122.3810644,47.6628996],[-122.3810353,47.6628085],[-122.3814791,47.6625733],[-122.3812404,47.6623607]]}},{"type":"Feature","id":"way/564782080/1055","properties":{"highway":"service","service":"parking_aisle","osm_id":564782080},"geometry":{"type":"LineString","coordinates":[[-122.3816798,47.662979],[-122.3820465,47.6632906]]}},{"type":"Feature","id":"way/564782081/1056","properties":{"highway":"service","service":"parking_aisle","osm_id":564782081},"geometry":{"type":"LineString","coordinates":[[-122.3814917,47.6630753],[-122.381997,47.6635121]]}},{"type":"Feature","id":"way/564782083/1057","properties":{"highway":"service","service":"parking_aisle","surface":"asphalt","osm_id":564782083},"geometry":{"type":"LineString","coordinates":[[-122.3827973,47.6670452],[-122.3830682,47.6669048]]}},{"type":"Feature","id":"way/564782084/1058","properties":{"highway":"service","service":"parking_aisle","surface":"asphalt","osm_id":564782084},"geometry":{"type":"LineString","coordinates":[[-122.3837318,47.6678008],[-122.3839596,47.6676775]]}},{"type":"Feature","id":"way/564782086/1059","properties":{"highway":"service","surface":"concrete","osm_id":564782086},"geometry":{"type":"LineString","coordinates":[[-122.3835508,47.6678988],[-122.383688,47.6678245],[-122.3837318,47.6678008]]}},{"type":"Feature","id":"way/564782088/1060","properties":{"covered":"yes","highway":"service","maxheight":"default","surface":"asphalt","osm_id":564782088},"geometry":{"type":"LineString","coordinates":[[-122.3838178,47.6682993],[-122.3837756,47.6683224]]}},{"type":"Feature","id":"way/564782089/1061","properties":{"highway":"service","service":"parking_aisle","surface":"asphalt","osm_id":564782089},"geometry":{"type":"LineString","coordinates":[[-122.3837756,47.6683224],[-122.3836062,47.6684153]]}},{"type":"Feature","id":"way/564782091/1062","properties":{"highway":"service","surface":"concrete","osm_id":564782091},"geometry":{"type":"LineString","coordinates":[[-122.3839381,47.6682333],[-122.3838432,47.6682853],[-122.3838178,47.6682993]]}},{"type":"Feature","id":"way/564782093/1063","properties":{"highway":"service","oneway":"yes","surface":"asphalt","osm_id":564782093},"geometry":{"type":"LineString","coordinates":[[-122.3821596,47.6691808],[-122.382259,47.6691815],[-122.3822896,47.6691817]]}},{"type":"Feature","id":"way/564782094/1064","properties":{"highway":"service","oneway":"yes","service":"parking_aisle","surface":"asphalt","osm_id":564782094},"geometry":{"type":"LineString","coordinates":[[-122.3822898,47.6693101],[-122.3829287,47.6693154]]}},{"type":"Feature","id":"way/564782095/1065","properties":{"highway":"service","oneway":"yes","surface":"asphalt","osm_id":564782095},"geometry":{"type":"LineString","coordinates":[[-122.3829287,47.6693154],[-122.3829295,47.669385],[-122.3829302,47.6694484]]}},{"type":"Feature","id":"way/564782096/1066","properties":{"highway":"service","oneway":"no","surface":"asphalt","osm_id":564782096},"geometry":{"type":"LineString","coordinates":[[-122.3830986,47.669449],[-122.3830984,47.6693748],[-122.3830983,47.6693473]]}},{"type":"Feature","id":"way/564782097/1067","properties":{"highway":"service","surface":"asphalt","osm_id":564782097},"geometry":{"type":"LineString","coordinates":[[-122.3835024,47.6694507],[-122.3835022,47.6693753],[-122.3835021,47.6693596]]}},{"type":"Feature","id":"way/564782098/1068","properties":{"highway":"service","service":"parking_aisle","surface":"asphalt","osm_id":564782098},"geometry":{"type":"LineString","coordinates":[[-122.3829977,47.6695639],[-122.3829995,47.6697539]]}},{"type":"Feature","id":"way/564782100/1069","properties":{"highway":"service","surface":"asphalt","osm_id":564782100},"geometry":{"type":"LineString","coordinates":[[-122.3829966,47.6694486],[-122.3829974,47.6695282],[-122.3829977,47.6695639]]}},{"type":"Feature","id":"way/564782103/1070","properties":{"highway":"service","service":"parking_aisle","osm_id":564782103},"geometry":{"type":"LineString","coordinates":[[-122.3838909,47.670341],[-122.3838902,47.6708065]]}},{"type":"Feature","id":"way/564782105/1071","properties":{"highway":"service","oneway":"yes","service":"parking_aisle","osm_id":564782105},"geometry":{"type":"LineString","coordinates":[[-122.3837983,47.6713408],[-122.3834343,47.6713381]]}},{"type":"Feature","id":"way/564782117/1072","properties":{"highway":"service","oneway":"yes","service":"parking_aisle","osm_id":564782117},"geometry":{"type":"LineString","coordinates":[[-122.3860349,47.6719554],[-122.3865752,47.6719529]]}},{"type":"Feature","id":"way/564782119/1073","properties":{"highway":"service","oneway":"yes","osm_id":564782119},"geometry":{"type":"LineString","coordinates":[[-122.3860317,47.6716468],[-122.3860325,47.6717219],[-122.3860349,47.6719554]]}},{"type":"Feature","id":"way/564782120/1074","properties":{"highway":"service","oneway":"yes","service":"parking_aisle","osm_id":564782120},"geometry":{"type":"LineString","coordinates":[[-122.387,47.67195082897056],[-122.3865752,47.6719529],[-122.3865729,47.6717222],[-122.3865721,47.6716482]]}},{"type":"Feature","id":"way/564782122/1075","properties":{"highway":"service","service":"parking_aisle","osm_id":564782122},"geometry":{"type":"LineString","coordinates":[[-122.3854484,47.6710098],[-122.3854465,47.6711827]]}},{"type":"Feature","id":"way/564782127/1076","properties":{"highway":"service","service":"parking_aisle","surface":"asphalt","osm_id":564782127},"geometry":{"type":"LineString","coordinates":[[-122.385408,47.6681087],[-122.385397,47.6681157],[-122.3851299,47.6682861]]}},{"type":"Feature","id":"way/564782129/1077","properties":{"highway":"service","service":"parking_aisle","osm_id":564782129},"geometry":{"type":"LineString","coordinates":[[-122.3862151,47.6573541],[-122.3862178,47.6571771]]}},{"type":"Feature","id":"way/564969688/1078","properties":{"highway":"service","service":"parking_aisle","osm_id":564969688},"geometry":{"type":"LineString","coordinates":[[-122.3576814,47.6705507],[-122.3576874,47.6702397]]}},{"type":"Feature","id":"way/564969689/1079","properties":{"highway":"service","lanes":"1","service":"parking_aisle","osm_id":564969689},"geometry":{"type":"LineString","coordinates":[[-122.35724,47.6623644],[-122.3572391,47.6623117],[-122.3572353,47.6620859]]}},{"type":"Feature","id":"way/564969698/1080","properties":{"highway":"service","service":"parking_aisle","osm_id":564969698},"geometry":{"type":"LineString","coordinates":[[-122.3593671,47.6700599],[-122.3598982,47.6700611]]}},{"type":"Feature","id":"way/564969699/1081","properties":{"highway":"service","lanes":"1","service":"parking_aisle","osm_id":564969699},"geometry":{"type":"LineString","coordinates":[[-122.3595173,47.6702836],[-122.3597279,47.6702854]]}},{"type":"Feature","id":"way/564969700/1082","properties":{"highway":"service","lanes":"1","osm_id":564969700},"geometry":{"type":"LineString","coordinates":[[-122.3594069,47.6702826],[-122.3595173,47.6702836]]}},{"type":"Feature","id":"way/564969701/1083","properties":{"highway":"service","maxspeed":"15 mph","service":"parking_aisle","osm_id":564969701},"geometry":{"type":"LineString","coordinates":[[-122.3634763,47.6604291],[-122.3634779,47.6601306]]}},{"type":"Feature","id":"way/564969702/1084","properties":{"highway":"service","maxspeed":"15 mph","service":"alley","osm_id":564969702},"geometry":{"type":"LineString","coordinates":[[-122.3634759,47.6604934],[-122.3634763,47.6604291]]}},{"type":"Feature","id":"way/564969703/1085","properties":{"highway":"service","service":"parking_aisle","osm_id":564969703},"geometry":{"type":"LineString","coordinates":[[-122.3620708,47.6696018],[-122.3621599,47.6696012]]}},{"type":"Feature","id":"way/564969704/1086","properties":{"highway":"service","service":"parking_aisle","surface":"asphalt","osm_id":564969704},"geometry":{"type":"LineString","coordinates":[[-122.3635388,47.6695206],[-122.3635832,47.6695564],[-122.3635859,47.6697391]]}},{"type":"Feature","id":"way/564969706/1087","properties":{"highway":"service","osm_id":564969706},"geometry":{"type":"LineString","coordinates":[[-122.3626734,47.6708851],[-122.3626738,47.6708328]]}},{"type":"Feature","id":"way/564969712/1088","properties":{"highway":"service","osm_id":564969712},"geometry":{"type":"LineString","coordinates":[[-122.364279,47.6579422],[-122.3641338,47.6579421],[-122.3641016,47.6579429],[-122.3640021,47.657943]]}},{"type":"Feature","id":"way/564969715/1089","properties":{"highway":"service","service":"parking_aisle","osm_id":564969715},"geometry":{"type":"LineString","coordinates":[[-122.3666479,47.6678353],[-122.3666441,47.6676895]]}},{"type":"Feature","id":"way/564969716/1090","properties":{"highway":"service","osm_id":564969716},"geometry":{"type":"LineString","coordinates":[[-122.3666495,47.6679009],[-122.3666479,47.6678353]]}},{"type":"Feature","id":"way/564969717/1091","properties":{"highway":"service","osm_id":564969717},"geometry":{"type":"LineString","coordinates":[[-122.3658303,47.6685448],[-122.3658307,47.6685802],[-122.3658317,47.6686612]]}},{"type":"Feature","id":"way/564969718/1092","properties":{"highway":"service","service":"parking_aisle","osm_id":564969718},"geometry":{"type":"LineString","coordinates":[[-122.3658278,47.6683407],[-122.3658303,47.6685448]]}},{"type":"Feature","id":"way/564969719/1093","properties":{"highway":"service","osm_id":564969719},"geometry":{"type":"LineString","coordinates":[[-122.3661699,47.6683388],[-122.3660502,47.6683395],[-122.3658278,47.6683407]]}},{"type":"Feature","id":"way/564969720/1094","properties":{"highway":"service","service":"parking_aisle","osm_id":564969720},"geometry":{"type":"LineString","coordinates":[[-122.3659101,47.6682587],[-122.3659053,47.6681158]]}},{"type":"Feature","id":"way/564969721/1095","properties":{"highway":"service","osm_id":564969721},"geometry":{"type":"LineString","coordinates":[[-122.3661698,47.6682547],[-122.3660502,47.6682565],[-122.3659101,47.6682587]]}},{"type":"Feature","id":"way/564969722/1096","properties":{"highway":"service","osm_id":564969722},"geometry":{"type":"LineString","coordinates":[[-122.3667257,47.6685072],[-122.3667257,47.6685729],[-122.3667257,47.6686591]]}},{"type":"Feature","id":"way/564969723/1097","properties":{"highway":"service","service":"parking_aisle","osm_id":564969723},"geometry":{"type":"LineString","coordinates":[[-122.366353,47.6685063],[-122.3667257,47.6685072]]}},{"type":"Feature","id":"way/564969731/1098","properties":{"highway":"service","service":"parking_aisle","osm_id":564969731},"geometry":{"type":"LineString","coordinates":[[-122.3678142,47.6644842],[-122.3678177,47.664663]]}},{"type":"Feature","id":"way/564969732/1099","properties":{"highway":"service","osm_id":564969732},"geometry":{"type":"LineString","coordinates":[[-122.3678124,47.6643911],[-122.3678137,47.6644574],[-122.3678142,47.6644842]]}},{"type":"Feature","id":"way/564969733/1100","properties":{"highway":"service","osm_id":564969733},"geometry":{"type":"LineString","coordinates":[[-122.3663878,47.6631056],[-122.3663469,47.6631057],[-122.3661914,47.6631059]]}},{"type":"Feature","id":"way/564969734/1101","properties":{"highway":"service","osm_id":564969734},"geometry":{"type":"LineString","coordinates":[[-122.3666582,47.6629209],[-122.3666578,47.6629964],[-122.3666578,47.6630065]]}},{"type":"Feature","id":"way/564969735/1102","properties":{"highway":"service","osm_id":564969735},"geometry":{"type":"LineString","coordinates":[[-122.3681098,47.6636608],[-122.36811,47.6635909]]}},{"type":"Feature","id":"way/564969736/1103","properties":{"highway":"service","osm_id":564969736},"geometry":{"type":"LineString","coordinates":[[-122.3681116,47.6630681],[-122.3681118,47.6629914],[-122.368112,47.6629248]]}},{"type":"Feature","id":"way/564969737/1104","properties":{"highway":"service","oneway":"yes","osm_id":564969737},"geometry":{"type":"LineString","coordinates":[[-122.3661859,47.6620355],[-122.3663513,47.6620354],[-122.3663825,47.6620354]]}},{"type":"Feature","id":"way/564969738/1105","properties":{"highway":"service","oneway":"yes","service":"parking_aisle","osm_id":564969738},"geometry":{"type":"LineString","coordinates":[[-122.3663825,47.6620354],[-122.3667143,47.6620352]]}},{"type":"Feature","id":"way/564969739/1106","properties":{"highway":"service","service":"parking_aisle","osm_id":564969739},"geometry":{"type":"LineString","coordinates":[[-122.3670304,47.6622819],[-122.3670323,47.6624799]]}},{"type":"Feature","id":"way/564969740/1107","properties":{"highway":"service","osm_id":564969740},"geometry":{"type":"LineString","coordinates":[[-122.3670296,47.6621934],[-122.3670304,47.6622819]]}},{"type":"Feature","id":"way/564969741/1108","properties":{"highway":"service","osm_id":564969741},"geometry":{"type":"LineString","coordinates":[[-122.3683915,47.6621949],[-122.368392,47.6621271],[-122.3683921,47.6621105]]}},{"type":"Feature","id":"way/564969745/1109","properties":{"highway":"service","surface":"asphalt","osm_id":564969745},"geometry":{"type":"LineString","coordinates":[[-122.3667868,47.6592676],[-122.3667878,47.6593485],[-122.366789,47.6594389]]}},{"type":"Feature","id":"way/564969746/1110","properties":{"highway":"service","service":"parking_aisle","osm_id":564969746},"geometry":{"type":"LineString","coordinates":[[-122.3676404,47.6590798],[-122.3664434,47.6590814]]}},{"type":"Feature","id":"way/564969748/1111","properties":{"highway":"service","service":"parking_aisle","osm_id":564969748},"geometry":{"type":"LineString","coordinates":[[-122.3662767,47.6573993],[-122.3668221,47.657403]]}},{"type":"Feature","id":"way/564969750/1112","properties":{"highway":"service","service":"parking_aisle","osm_id":564969750},"geometry":{"type":"LineString","coordinates":[[-122.3669329,47.6575398],[-122.3662747,47.6575353]]}},{"type":"Feature","id":"way/564969751/1113","properties":{"access":"yes","highway":"service","service":"parking_aisle","surface":"asphalt","osm_id":564969751},"geometry":{"type":"LineString","coordinates":[[-122.3696844,47.6605696],[-122.3704911,47.66087],[-122.3705778,47.6609008]]}},{"type":"Feature","id":"way/564969753/1114","properties":{"highway":"service","osm_id":564969753},"geometry":{"type":"LineString","coordinates":[[-122.3687577,47.6623729],[-122.3686288,47.6623737]]}},{"type":"Feature","id":"way/564969754/1115","properties":{"highway":"service","osm_id":564969754},"geometry":{"type":"LineString","coordinates":[[-122.3688894,47.6629264],[-122.3688883,47.6628516],[-122.3688882,47.6628441]]}},{"type":"Feature","id":"way/564969755/1116","properties":{"highway":"service","service":"parking_aisle","osm_id":564969755},"geometry":{"type":"LineString","coordinates":[[-122.3697293,47.6630282],[-122.3697308,47.6631691]]}},{"type":"Feature","id":"way/564969757/1117","properties":{"highway":"service","osm_id":564969757},"geometry":{"type":"LineString","coordinates":[[-122.3697282,47.6629277],[-122.3697291,47.6630109],[-122.3697293,47.6630282]]}},{"type":"Feature","id":"way/564969758/1118","properties":{"highway":"service","service":"parking_aisle","osm_id":564969758},"geometry":{"type":"LineString","coordinates":[[-122.3700807,47.6637909],[-122.3700803,47.6638654]]}},{"type":"Feature","id":"way/564969760/1119","properties":{"highway":"service","osm_id":564969760},"geometry":{"type":"LineString","coordinates":[[-122.3700852,47.6636541],[-122.3700813,47.6637706],[-122.3700807,47.6637909]]}},{"type":"Feature","id":"way/564969761/1120","properties":{"highway":"service","osm_id":564969761},"geometry":{"type":"LineString","coordinates":[[-122.3699035,47.6643896],[-122.3699042,47.6643199]]}},{"type":"Feature","id":"way/564969763/1121","properties":{"highway":"service","service":"parking_aisle","osm_id":564969763},"geometry":{"type":"LineString","coordinates":[[-122.3699042,47.6643199],[-122.3699049,47.6642411]]}},{"type":"Feature","id":"way/564969764/1122","properties":{"highway":"service","osm_id":564969764},"geometry":{"type":"LineString","coordinates":[[-122.3701329,47.6643892],[-122.3701335,47.6643203]]}},{"type":"Feature","id":"way/564969766/1123","properties":{"highway":"service","service":"parking_aisle","osm_id":564969766},"geometry":{"type":"LineString","coordinates":[[-122.3701335,47.6643203],[-122.3701342,47.664242]]}},{"type":"Feature","id":"way/564969769/1124","properties":{"highway":"service","service":"parking_aisle","osm_id":564969769},"geometry":{"type":"LineString","coordinates":[[-122.3703642,47.6643208],[-122.3703649,47.6642403]]}},{"type":"Feature","id":"way/564969770/1125","properties":{"highway":"service","osm_id":564969770},"geometry":{"type":"LineString","coordinates":[[-122.3703635,47.6643887],[-122.3703642,47.6643208]]}},{"type":"Feature","id":"way/564969772/1126","properties":{"highway":"service","service":"parking_aisle","osm_id":564969772},"geometry":{"type":"LineString","coordinates":[[-122.3709153,47.6644089],[-122.3714589,47.6644107]]}},{"type":"Feature","id":"way/564969774/1127","properties":{"highway":"service","service":"parking_aisle","osm_id":564969774},"geometry":{"type":"LineString","coordinates":[[-122.3705429,47.6651489],[-122.3705447,47.6653853]]}},{"type":"Feature","id":"way/564969775/1128","properties":{"highway":"service","osm_id":564969775},"geometry":{"type":"LineString","coordinates":[[-122.3686203,47.6653887],[-122.3687364,47.665389],[-122.3705447,47.6653853],[-122.3706616,47.6653852],[-122.3707541,47.6653852]]}},{"type":"Feature","id":"way/564969776/1129","properties":{"highway":"service","osm_id":564969776},"geometry":{"type":"LineString","coordinates":[[-122.3703041,47.6651593],[-122.3703032,47.665124],[-122.3703008,47.6650373]]}},{"type":"Feature","id":"way/564969777/1130","properties":{"highway":"service","service":"parking_aisle","osm_id":564969777},"geometry":{"type":"LineString","coordinates":[[-122.3718434,47.6683073],[-122.371468,47.6683036]]}},{"type":"Feature","id":"way/564969778/1131","properties":{"highway":"service","osm_id":564969778},"geometry":{"type":"LineString","coordinates":[[-122.3718355,47.6686671],[-122.371838,47.6685532],[-122.3718434,47.6683073]]}},{"type":"Feature","id":"way/564969781/1132","properties":{"highway":"service","service":"parking_aisle","osm_id":564969781},"geometry":{"type":"LineString","coordinates":[[-122.3726726,47.6672569],[-122.3726725,47.6674073]]}},{"type":"Feature","id":"way/564969782/1133","properties":{"highway":"service","osm_id":564969782},"geometry":{"type":"LineString","coordinates":[[-122.3726721,47.6671605],[-122.3726725,47.6672407],[-122.3726726,47.6672569]]}},{"type":"Feature","id":"way/564969783/1134","properties":{"highway":"service","service":"parking_aisle","osm_id":564969783},"geometry":{"type":"LineString","coordinates":[[-122.3721242,47.6672497],[-122.3721262,47.6674899]]}},{"type":"Feature","id":"way/564969784/1135","properties":{"highway":"service","osm_id":564969784},"geometry":{"type":"LineString","coordinates":[[-122.3721235,47.66716],[-122.3721241,47.6672402],[-122.3721242,47.6672497]]}},{"type":"Feature","id":"way/564969786/1136","properties":{"highway":"service","lanes":"1","service":"parking_aisle","osm_id":564969786},"geometry":{"type":"LineString","coordinates":[[-122.372838,47.6649608],[-122.3728356,47.6645187]]}},{"type":"Feature","id":"way/564969787/1137","properties":{"highway":"service","osm_id":564969787},"geometry":{"type":"LineString","coordinates":[[-122.3733616,47.6641154],[-122.3734343,47.6641154],[-122.3735163,47.6641154]]}},{"type":"Feature","id":"way/564969788/1138","properties":{"highway":"service","osm_id":564969788},"geometry":{"type":"LineString","coordinates":[[-122.3728013,47.6636617],[-122.3728025,47.6637739],[-122.3728029,47.663814]]}},{"type":"Feature","id":"way/564969789/1139","properties":{"highway":"service","osm_id":564969789},"geometry":{"type":"LineString","coordinates":[[-122.3732716,47.6634648],[-122.3732731,47.6635543],[-122.3732748,47.6636617]]}},{"type":"Feature","id":"way/564969790/1140","properties":{"highway":"service","service":"parking_aisle","osm_id":564969790},"geometry":{"type":"LineString","coordinates":[[-122.3732653,47.6630879],[-122.3732716,47.6634648]]}},{"type":"Feature","id":"way/564969791/1141","properties":{"highway":"service","osm_id":564969791},"geometry":{"type":"LineString","coordinates":[[-122.3723092,47.6634612],[-122.3723111,47.6635539],[-122.3723132,47.6636616]]}},{"type":"Feature","id":"way/564969792/1142","properties":{"highway":"service","service":"parking_aisle","osm_id":564969792},"geometry":{"type":"LineString","coordinates":[[-122.3715766,47.6623688],[-122.3720875,47.6623707]]}},{"type":"Feature","id":"way/564969793/1143","properties":{"highway":"service","osm_id":564969793},"geometry":{"type":"LineString","coordinates":[[-122.371578,47.6621927],[-122.3715766,47.6623688]]}},{"type":"Feature","id":"way/564969794/1144","properties":{"highway":"service","surface":"asphalt","osm_id":564969794},"geometry":{"type":"LineString","coordinates":[[-122.3720941,47.6621135],[-122.3720927,47.6621946]]}},{"type":"Feature","id":"way/564969795/1145","properties":{"highway":"service","service":"parking_aisle","surface":"asphalt","osm_id":564969795},"geometry":{"type":"LineString","coordinates":[[-122.3720947,47.6615693],[-122.3720941,47.6621135]]}},{"type":"Feature","id":"way/564969796/1146","properties":{"highway":"service","surface":"asphalt","osm_id":564969796},"geometry":{"type":"LineString","coordinates":[[-122.372459,47.6612073],[-122.3724617,47.6614381]]}},{"type":"Feature","id":"way/564969797/1147","properties":{"highway":"service","service":"parking_aisle","osm_id":564969797},"geometry":{"type":"LineString","coordinates":[[-122.3723871,47.6610247],[-122.3723893,47.6611757],[-122.372459,47.6612073]]}},{"type":"Feature","id":"way/564969798/1148","properties":{"highway":"service","service":"parking_aisle","osm_id":564969798},"geometry":{"type":"LineString","coordinates":[[-122.3721472,47.6605398],[-122.3719673,47.6606751],[-122.3719654,47.6610228]]}},{"type":"Feature","id":"way/576669047/1149","properties":{"highway":"service","service":"parking_aisle","osm_id":576669047},"geometry":{"type":"LineString","coordinates":[[-122.3723978,47.6573436],[-122.3716759,47.6573486]]}},{"type":"Feature","id":"way/576981387/1150","properties":{"highway":"residential","lanes":"2","maxspeed":"20 mph","name":"Northwest 43rd Street","sidewalk":"separate","surface":"asphalt","osm_id":576981387},"geometry":{"type":"LineString","coordinates":[[-122.3650734,47.6589501],[-122.36585,47.6589508],[-122.3659291,47.6589509],[-122.3660608,47.658951]]}},{"type":"Feature","id":"way/576981388/1151","properties":{"hgv":"designated","highway":"secondary","lanes":"5","lanes:backward":"2","lanes:both_ways":"1","lanes:forward":"2","maxspeed":"25 mph","name":"Leary Way Northwest","sidewalk":"separate","smoothness":"intermediate","snowplowing":"yes","source:hgv":"https://www.seattle.gov/Documents/Departments/SDOT/Services/Permits/MajorTruckStreets.pdf","surface":"asphalt","turn:lanes:both_ways":"left","winter_service":"yes","winter_service:priority":"2","osm_id":576981388},"geometry":{"type":"LineString","coordinates":[[-122.3652362,47.6594863],[-122.3654747,47.6597324],[-122.3657472,47.6600136],[-122.3657648,47.6600311],[-122.3658162,47.6600823],[-122.366112,47.6603788]]}},{"type":"Feature","id":"way/587335202/1152","properties":{"highway":"service","surface":"asphalt","osm_id":587335202},"geometry":{"type":"LineString","coordinates":[[-122.3699699,47.6621931],[-122.369969,47.6622853],[-122.3699682,47.6623759],[-122.3699648,47.6627575],[-122.3699646,47.6627841],[-122.369964,47.6628499],[-122.3699632,47.662928]]}},{"type":"Feature","id":"way/588547705/1153","properties":{"highway":"service","osm_id":588547705},"geometry":{"type":"LineString","coordinates":[[-122.3757492,47.6657087],[-122.3757475,47.6657847]]}},{"type":"Feature","id":"way/588547707/1154","properties":{"highway":"service","service":"parking_aisle","osm_id":588547707},"geometry":{"type":"LineString","coordinates":[[-122.3757475,47.6657847],[-122.3757492,47.6659372]]}},{"type":"Feature","id":"way/590579124/1155","properties":{"highway":"service","oneway":"no","service":"parking_aisle","osm_id":590579124},"geometry":{"type":"LineString","coordinates":[[-122.3751465,47.6697342],[-122.3755004,47.6697338]]}},{"type":"Feature","id":"way/590579126/1156","properties":{"highway":"service","oneway":"no","service":"parking_aisle","osm_id":590579126},"geometry":{"type":"LineString","coordinates":[[-122.3755956,47.6697356],[-122.3759727,47.6697371],[-122.3760138,47.6697373],[-122.3761993,47.6697382]]}},{"type":"Feature","id":"way/598240640/1157","properties":{"bicycle":"designated","check_date:surface":"2023-07-17","crossing":"marked","crossing:island":"no","crossing:markings":"zebra:paired","cycleway":"crossing","cycleway:surface":"asphalt","foot":"designated","footway:surface":"asphalt","highway":"cycleway","incline":"0","lit":"no","name":"Burke-Gilman Trail","note":"railway=abandone is rail-trail","railway":"abandoned","segregated":"no","smoothness":"good","source":"Local Knwoladge","start_date":"1887","surface":"asphalt","osm_id":598240640},"geometry":{"type":"LineString","coordinates":[[-122.3630745,47.6561534],[-122.36298,47.6560549],[-122.3629078,47.6559784]]}},{"type":"Feature","id":"way/598240641/1158","properties":{"bicycle":"designated","check_date:surface":"2024-06-06","crossing":"marked","crossing:island":"no","crossing:markings":"zebra:paired","cycleway":"crossing","cycleway:surface":"asphalt","foot":"designated","footway:surface":"asphalt","highway":"cycleway","incline":"-0.03%","name":"Burke-Gilman Trail","note":"railway=abandone is rail-trail","railway":"abandoned","segregated":"no","smoothness":"good","start_date":"1887","surface":"asphalt","osm_id":598240641},"geometry":{"type":"LineString","coordinates":[[-122.3613888,47.6543817],[-122.3613568,47.6543481],[-122.36124,47.6542252]]}},{"type":"Feature","id":"way/627195959/1159","properties":{"highway":"residential","lanes":"2","maxspeed":"20 mph","name":"Northwest 53rd Street","sidewalk":"separate","osm_id":627195959},"geometry":{"type":"LineString","coordinates":[[-122.3756963,47.6671644],[-122.3759957,47.667165],[-122.3761522,47.667165]]}},{"type":"Feature","id":"way/627195960/1160","properties":{"highway":"residential","lanes":"2","maxspeed":"20 mph","name":"Northwest 53rd Street","sidewalk":"separate","surface":"asphalt","osm_id":627195960},"geometry":{"type":"LineString","coordinates":[[-122.3762733,47.6671656],[-122.3764216,47.6671658],[-122.3767963,47.6671666]]}},{"type":"Feature","id":"way/627195961/1161","properties":{"highway":"residential","lanes":"2","lit":"yes","maxspeed":"20 mph","name":"Northwest 53rd Street","sidewalk":"separate","surface":"asphalt","osm_id":627195961},"geometry":{"type":"LineString","coordinates":[[-122.3767963,47.6671666],[-122.3783232,47.6671714],[-122.3784379,47.6671718],[-122.3787378,47.6671727],[-122.3787683,47.6671728],[-122.3788803,47.6671732]]}},{"type":"Feature","id":"way/634443482/1162","properties":{"bicycle":"designated","cycleway":"shared_lane","highway":"residential","lanes":"2","lcn":"yes","maxspeed":"20 mph","name":"4th Avenue Northwest","sidewalk:both":"separate","surface":"concrete","osm_id":634443482},"geometry":{"type":"LineString","coordinates":[[-122.3618679,47.6694264],[-122.3618682,47.6694957],[-122.3618683,47.6707739],[-122.3618682,47.6707965],[-122.3618658,47.670883]]}},{"type":"Feature","id":"way/634443483/1163","properties":{"highway":"residential","lanes":"2","maxspeed":"20 mph","name":"Northwest 56th Street","sidewalk:both":"separate","osm_id":634443483},"geometry":{"type":"LineString","coordinates":[[-122.3640933,47.669429],[-122.3641268,47.6694291],[-122.3641569,47.6694292],[-122.3650117,47.6694328],[-122.3650481,47.6694332]]}},{"type":"Feature","id":"way/636380425/1164","properties":{"bicycle":"designated","check_date:surface":"2024-06-06","cycleway:surface":"asphalt","foot":"designated","footway:surface":"asphalt","highway":"cycleway","incline":"-0.04%","name":"Burke-Gilman Trail","note":"railway=abandone is rail-trail","railway":"abandoned","segregated":"no","source":"Local Knwoladge","start_date":"1887","surface":"asphalt","osm_id":636380425},"geometry":{"type":"LineString","coordinates":[[-122.3599552,47.6529888],[-122.3598254,47.6529106],[-122.3596306,47.6528072]]}},{"type":"Feature","id":"way/658281282/1165","properties":{"highway":"residential","lanes":"2","maxspeed":"20 mph","name":"Northwest 41st Street","sidewalk":"no","surface":"asphalt","osm_id":658281282},"geometry":{"type":"LineString","coordinates":[[-122.362761,47.6569308],[-122.3629476,47.6569298],[-122.3635908,47.6569261]]}},{"type":"Feature","id":"way/658281283/1166","properties":{"highway":"residential","lanes":"2","maxspeed":"20 mph","name":"Northwest 41st Street","sidewalk:both":"separate","surface":"asphalt","osm_id":658281283},"geometry":{"type":"LineString","coordinates":[[-122.3608166,47.6569445],[-122.360942,47.6569436],[-122.3625772,47.6569321],[-122.362761,47.6569308]]}},{"type":"Feature","id":"way/658281284/1167","properties":{"highway":"residential","lanes":"2","maxspeed":"20 mph","name":"6th Avenue Northwest","sidewalk":"no","surface":"asphalt","osm_id":658281284},"geometry":{"type":"LineString","coordinates":[[-122.3635908,47.6569261],[-122.363606,47.6575182],[-122.3635556,47.6575516],[-122.3634375,47.6576301]]}},{"type":"Feature","id":"way/658281285/1168","properties":{"highway":"residential","lanes":"2","maxspeed":"20 mph","name":"6th Avenue Northwest","sidewalk":"separate","osm_id":658281285},"geometry":{"type":"LineString","coordinates":[[-122.3635812,47.6551956],[-122.3635817,47.6552776],[-122.3635858,47.6559092],[-122.3635867,47.6560546]]}},{"type":"Feature","id":"way/658281286/1169","properties":{"highway":"residential","lanes":"2","maxspeed":"20 mph","name":"Northwest 41st Street","sidewalk":"no","osm_id":658281286},"geometry":{"type":"LineString","coordinates":[[-122.3644753,47.6569126],[-122.3649961,47.6569067],[-122.3657372,47.6568982],[-122.3659075,47.6568758]]}},{"type":"Feature","id":"way/662508465/1170","properties":{"bicycle":"yes","highway":"footway","surface":"concrete","osm_id":662508465},"geometry":{"type":"LineString","coordinates":[[-122.3734254,47.6717034],[-122.37342437900172,47.672]]}},{"type":"Feature","id":"way/663357272/1171","properties":{"bicycle":"designated","foot":"yes","highway":"cycleway","segregated":"no","source":"Local Knwoladge","surface":"asphalt","osm_id":663357272},"geometry":{"type":"LineString","coordinates":[[-122.3777145,47.6622063],[-122.3776454,47.6621516]]}},{"type":"Feature","id":"way/663362096/1172","properties":{"bicycle":"designated","foot":"designated","highway":"cycleway","name":"Burke-Gilman Trail","oneway":"no","segregated":"no","source":"Local Knwoladge","surface":"asphalt","osm_id":663362096},"geometry":{"type":"LineString","coordinates":[[-122.3636861,47.6566528],[-122.3636621,47.6566284],[-122.3636335,47.6565976]]}},{"type":"Feature","id":"way/663362097/1173","properties":{"bicycle":"designated","crossing":"marked","crossing:markings":"zebra:paired","cycleway":"crossing","foot":"designated","highway":"cycleway","name":"Burke-Gilman Trail","oneway":"no","railtrail":"yes","segregated":"no","source":"Local Knwoladge","surface":"asphalt","osm_id":663362097},"geometry":{"type":"LineString","coordinates":[[-122.3636335,47.6565976],[-122.3635873,47.6565523],[-122.3635393,47.6565052]]}},{"type":"Feature","id":"way/663362098/1174","properties":{"bicycle":"designated","check_date:surface":"2024-06-06","cycleway:surface":"asphalt","foot":"designated","footway:surface":"asphalt","highway":"cycleway","incline":"-0.03%","name":"Burke-Gilman Trail","note":"railway=abandone is rail-trail","railway":"abandoned","segregated":"yes","source":"Local Knwoladge","start_date":"1887","surface":"asphalt","osm_id":663362098},"geometry":{"type":"LineString","coordinates":[[-122.3620138,47.655028],[-122.3613888,47.6543817]]}},{"type":"Feature","id":"way/663362100/1175","properties":{"bicycle":"designated","check_date:surface":"2023-07-17","cycleway:surface":"asphalt","foot":"designated","footway:surface":"asphalt","highway":"cycleway","incline":"-0.03%","name":"Burke-Gilman Trail","note":"railway=abandone is rail-trail","railway":"abandoned","segregated":"yes","source":"Local Knwoladge","start_date":"1887","surface":"asphalt","osm_id":663362100},"geometry":{"type":"LineString","coordinates":[[-122.3628935,47.655963],[-122.3622251,47.6552447]]}},{"type":"Feature","id":"way/663362102/1176","properties":{"bicycle":"designated","check_date:surface":"2024-06-06","crossing_link":"yes","cycleway:surface":"asphalt","foot":"designated","footway:surface":"asphalt","highway":"cycleway","incline":"-0.03%","name":"Burke-Gilman Trail","note":"railway=abandone is rail-trail","railway":"abandoned","segregated":"yes","source":"Local Knwoladge","start_date":"1887","surface":"concrete","osm_id":663362102},"geometry":{"type":"LineString","coordinates":[[-122.36124,47.6542252],[-122.3612278,47.654213]]}},{"type":"Feature","id":"way/663362103/1177","properties":{"bicycle":"designated","check_date:surface":"2024-06-06","cycleway:surface":"asphalt","foot":"designated","footway:surface":"asphalt","highway":"cycleway","incline":"-0.04%","name":"Burke-Gilman Trail","note":"railway=abandone is rail-trail","railway":"abandoned","segregated":"no","source":"Local Knwoladge","start_date":"1887","surface":"asphalt","osm_id":663362103},"geometry":{"type":"LineString","coordinates":[[-122.3612278,47.654213],[-122.3608946,47.653877],[-122.3606541,47.6536273]]}},{"type":"Feature","id":"way/663362104/1178","properties":{"bicycle":"designated","check_date:surface":"2024-06-06","crossing":"marked","crossing:island":"no","crossing:markings":"zebra:paired","cycleway":"crossing","cycleway:surface":"asphalt","foot":"designated","footway:surface":"asphalt","highway":"cycleway","incline":"-0.03%","name":"Burke-Gilman Trail","note":"railway=abandone is rail-trail","railway":"abandoned","segregated":"no","smoothness":"good","start_date":"1887","surface":"asphalt","osm_id":663362104},"geometry":{"type":"LineString","coordinates":[[-122.3622251,47.6552447],[-122.3621739,47.6551922],[-122.3620809,47.6550968],[-122.3620138,47.655028]]}},{"type":"Feature","id":"way/663362106/1179","properties":{"bicycle":"designated","check_date:surface":"2024-06-06","cycleway:surface":"asphalt","foot":"designated","footway:surface":"asphalt","highway":"cycleway","incline":"-0.04%","name":"Burke-Gilman Trail","note":"railway=abandone is rail-trail","railway":"abandoned","segregated":"no","source":"Local Knwoladge","start_date":"1887","surface":"asphalt","osm_id":663362106},"geometry":{"type":"LineString","coordinates":[[-122.360507,47.6534775],[-122.3604934,47.6534617]]}},{"type":"Feature","id":"way/663362107/1180","properties":{"bicycle":"designated","check_date:surface":"2024-06-06","crossing":"marked","crossing:island":"no","crossing:markings":"zebra:paired","cycleway":"crossing","cycleway:surface":"asphalt","foot":"designated","footway:surface":"asphalt","highway":"cycleway","incline":"-0.04%","name":"Burke-Gilman Trail","note":"railway=abandone is rail-trail","railway":"abandoned","segregated":"no","smoothness":"good","start_date":"1887","surface":"asphalt","osm_id":663362107},"geometry":{"type":"LineString","coordinates":[[-122.3606541,47.6536273],[-122.3605812,47.6535531],[-122.360507,47.6534775]]}},{"type":"Feature","id":"way/663362108/1181","properties":{"bicycle":"designated","check_date:surface":"2024-06-06","cycleway:surface":"asphalt","foot":"designated","footway:surface":"asphalt","highway":"cycleway","incline":"-0.04%","name":"Burke-Gilman Trail","note":"railway=abandone is rail-trail","railway":"abandoned","segregated":"no","source":"Local Knwoladge","start_date":"1887","surface":"asphalt","osm_id":663362108},"geometry":{"type":"LineString","coordinates":[[-122.3604934,47.6534617],[-122.3602982,47.6532648],[-122.3601543,47.6531423],[-122.3599552,47.6529888]]}},{"type":"Feature","id":"way/663362205/1182","properties":{"bicycle":"designated","crossing_link":"yes","cycleway:surface":"concrete","foot":"designated","footway:surface":"concrete","highway":"cycleway","lit":"yes","name":"Burke-Gilman Trail","oneway":"no","railtrail":"yes","segregated":"no","source":"Local Knwoladge","surface":"concrete","osm_id":663362205},"geometry":{"type":"LineString","coordinates":[[-122.3663916,47.6593483],[-122.3663909,47.6593287]]}},{"type":"Feature","id":"way/663362206/1183","properties":{"bicycle":"designated","check_date:surface":"2024-06-06","crossing":"marked","crossing:island":"no","crossing:markings":"zebra:paired","cycleway":"crossing","cycleway:surface":"asphalt","foot":"designated","footway:surface":"asphalt","highway":"cycleway","name":"Burke-Gilman Trail","oneway":"no","railtrail":"yes","segregated":"no","source":"Local Knwoladge","surface":"asphalt","tactile_paving":"no","osm_id":663362206},"geometry":{"type":"LineString","coordinates":[[-122.3663909,47.6593287],[-122.3663222,47.6592662],[-122.366289,47.6592359]]}},{"type":"Feature","id":"way/663362207/1184","properties":{"bicycle":"designated","cycleway:surface":"concrete","foot":"designated","footway:surface":"concrete","highway":"cycleway","lit":"yes","name":"Burke-Gilman Trail","oneway":"no","railtrail":"yes","segregated":"no","source":"Local Knwoladge","surface":"concrete","osm_id":663362207},"geometry":{"type":"LineString","coordinates":[[-122.3662886,47.6592153],[-122.3662839,47.6592027],[-122.3662789,47.6591894],[-122.3662751,47.6590504],[-122.3662695,47.6590206],[-122.3662518,47.6589889],[-122.366226,47.658965],[-122.3661932,47.6589447]]}},{"type":"Feature","id":"way/663362208/1185","properties":{"bicycle":"designated","crossing":"marked","crossing:island":"no","crossing:markings":"zebra:paired","cycleway":"crossing","cycleway:surface":"asphalt","foot":"designated","footway:surface":"concrete","highway":"cycleway","lit":"yes","name":"Burke-Gilman Trail","oneway":"no","railtrail":"yes","segregated":"no","source":"Local Knwoladge","surface":"asphalt","tactile_paving":"no","osm_id":663362208},"geometry":{"type":"LineString","coordinates":[[-122.3661637,47.6589326],[-122.366092,47.6589098],[-122.3660296,47.6588899]]}},{"type":"Feature","id":"way/663362209/1186","properties":{"bicycle":"designated","cycleway:surface":"concrete","foot":"designated","footway:surface":"concrete","highway":"cycleway","lit":"yes","name":"Burke-Gilman Trail","oneway":"no","railtrail":"yes","segregated":"no","source":"Local Knwoladge","surface":"concrete","osm_id":663362209},"geometry":{"type":"LineString","coordinates":[[-122.3659986,47.6588774],[-122.3659246,47.6588773],[-122.3658428,47.6588772]]}},{"type":"Feature","id":"way/663362210/1187","properties":{"bicycle":"designated","cycleway:surface":"asphalt","foot":"designated","footway:surface":"asphalt","highway":"cycleway","lit":"no","name":"Burke-Gilman Trail","oneway":"no","segregated":"no","source":"Local Knwoladge","surface":"asphalt","osm_id":663362210},"geometry":{"type":"LineString","coordinates":[[-122.3658428,47.6588772],[-122.3657513,47.6587823],[-122.365134,47.6581419]]}},{"type":"Feature","id":"way/663362211/1188","properties":{"bicycle":"designated","cycleway:surface":"asphalt","foot":"designated","footway:surface":"asphalt","highway":"cycleway","lit":"no","name":"Burke-Gilman Trail","oneway":"no","segregated":"no","source":"Local Knwoladge","surface":"asphalt","osm_id":663362211},"geometry":{"type":"LineString","coordinates":[[-122.3650031,47.658011],[-122.3648999,47.6579099],[-122.3648064,47.6578202],[-122.3647944,47.6578085]]}},{"type":"Feature","id":"way/663362212/1189","properties":{"bicycle":"designated","crossing":"marked","crossing:markings":"zebra:paired","cycleway":"crossing","cycleway:surface":"asphalt","foot":"designated","footway:surface":"asphalt","highway":"cycleway","lit":"no","name":"Burke-Gilman Trail","oneway":"no","segregated":"no","source":"Local Knwoladge","surface":"asphalt","osm_id":663362212},"geometry":{"type":"LineString","coordinates":[[-122.365134,47.6581419],[-122.3650638,47.6580717]]}},{"type":"Feature","id":"way/663362213/1190","properties":{"bicycle":"designated","cycleway:surface":"asphalt","foot":"designated","footway:surface":"asphalt","highway":"cycleway","lit":"no","name":"Burke-Gilman Trail","oneway":"no","segregated":"no","source":"Local Knwoladge","surface":"asphalt","osm_id":663362213},"geometry":{"type":"LineString","coordinates":[[-122.3646946,47.6577068],[-122.3639918,47.6569707],[-122.3639834,47.6569619]]}},{"type":"Feature","id":"way/663362214/1191","properties":{"bicycle":"designated","crossing":"marked","crossing:markings":"zebra:paired","cycleway":"crossing","cycleway:surface":"asphalt","foot":"designated","footway:surface":"asphalt","highway":"cycleway","lit":"no","name":"Burke-Gilman Trail","oneway":"no","segregated":"no","source":"Local Knwoladge","surface":"asphalt","osm_id":663362214},"geometry":{"type":"LineString","coordinates":[[-122.3647944,47.6578085],[-122.3647576,47.6577727],[-122.3646946,47.6577068]]}},{"type":"Feature","id":"way/663362215/1192","properties":{"bicycle":"designated","check_date:surface":"2024-06-06","cycleway:surface":"asphalt","foot":"designated","footway:surface":"asphalt","highway":"cycleway","name":"Burke-Gilman Trail","oneway":"no","railtrail":"yes","segregated":"no","source":"Local Knwoladge","surface":"asphalt","osm_id":663362215},"geometry":{"type":"LineString","coordinates":[[-122.3639059,47.6568806],[-122.3636861,47.6566528]]}},{"type":"Feature","id":"way/663362216/1193","properties":{"bicycle":"designated","check_date:surface":"2024-06-06","crossing":"uncontrolled","crossing:markings":"zebra:paired","cycleway":"crossing","cycleway:surface":"asphalt","foot":"designated","footway:surface":"asphalt","highway":"cycleway","name":"Burke-Gilman Trail","oneway":"no","railtrail":"yes","segregated":"no","source":"Local Knwoladge","surface":"asphalt","osm_id":663362216},"geometry":{"type":"LineString","coordinates":[[-122.3639834,47.6569619],[-122.3639424,47.656919],[-122.3639059,47.6568806]]}},{"type":"Feature","id":"way/663362609/1194","properties":{"bicycle":"designated","crossing_link":"yes","foot":"designated","highway":"cycleway","name":"Burke-Gilman Trail","railtrail":"yes","segregated":"yes","source":"Local Knwoladge","surface":"concrete","osm_id":663362609},"geometry":{"type":"LineString","coordinates":[[-122.3706653,47.6614139],[-122.3706618,47.6614]]}},{"type":"Feature","id":"way/663362612/1195","properties":{"bicycle":"yes","footway":"sidewalk","highway":"footway","surface":"concrete","osm_id":663362612},"geometry":{"type":"LineString","coordinates":[[-122.3706758,47.6606457],[-122.3706752,47.6609073],[-122.370674,47.6613784],[-122.3706618,47.6614]]}},{"type":"Feature","id":"way/663362613/1196","properties":{"bicycle":"designated","crossing":"marked","crossing:island":"no","crossing:markings":"zebra:paired","cycleway":"crossing","foot":"designated","highway":"cycleway","name":"Burke-Gilman Trail","railtrail":"yes","segregated":"no","source":"Local Knwoladge","surface":"asphalt","tactile_paving":"no","osm_id":663362613},"geometry":{"type":"LineString","coordinates":[[-122.3686924,47.661335],[-122.3686172,47.6613108],[-122.3685674,47.6612948]]}},{"type":"Feature","id":"way/667514606/1197","properties":{"bridge":"yes","highway":"secondary","lanes":"1","layer":"1","maxspeed":"25 mph","name":"West Emerson Street","oneway":"yes","parking:lane:both":"no_stopping","sidewalk:left":"no","sidewalk:right":"separate","turn:lanes":"through","osm_id":667514606},"geometry":{"type":"LineString","coordinates":[[-122.3767181,47.6539855],[-122.3768163,47.6540285],[-122.3771514,47.6540387],[-122.377451,47.6540352],[-122.3775333,47.6539928]]}},{"type":"Feature","id":"way/667517177/1198","properties":{"bicycle":"designated","bridge":"yes","cycleway":"shared_lane","highway":"secondary","lanes":"3","lanes:backward":"1","lanes:forward":"2","layer":"1","lcn":"yes","maxspeed":"25 mph","name":"West Emerson Street","parking:lane:both":"no_stopping","sidewalk:left":"no","sidewalk:right":"separate","surface":"asphalt","turn:lanes:backward":"through","turn:lanes:forward":"through|through","osm_id":667517177},"geometry":{"type":"LineString","coordinates":[[-122.3775333,47.6539928],[-122.3778527,47.6539999],[-122.3782356,47.654],[-122.3783374,47.6540008]]}},{"type":"Feature","id":"way/667526739/1199","properties":{"highway":"service","osm_id":667526739},"geometry":{"type":"LineString","coordinates":[[-122.3730697,47.6556276],[-122.3730971,47.655563],[-122.3731364,47.6554735]]}},{"type":"Feature","id":"way/667526740/1200","properties":{"bicycle":"designated","cycleway":"shared_lane","hgv":"designated","highway":"primary","lanes":"4","lanes:backward":"1","lanes:both_ways":"1","lanes:forward":"2","lcn":"yes","lit":"yes","maxspeed":"25 mph","name":"West Nickerson Street","source:hgv":"https://www.seattle.gov/Documents/Departments/SDOT/Services/Permits/MajorTruckStreets.pdf","surface":"asphalt","turn:lanes:both_ways":"left","osm_id":667526740},"geometry":{"type":"LineString","coordinates":[[-122.3725415,47.6553024],[-122.3725543,47.6553098],[-122.3726564,47.6553644],[-122.3727673,47.6554094],[-122.3728819,47.6554381]]}},{"type":"Feature","id":"way/667765045/1201","properties":{"bicycle":"designated","cycleway:left":"shared_lane","cycleway:right":"lane","hgv":"designated","highway":"primary","lanes":"3","lanes:backward":"1","lanes:both_ways":"1","lanes:forward":"1","lcn":"yes","lit":"yes","maxspeed":"25 mph","name":"West Nickerson Street","parking:lane:both":"parallel","sidewalk":"separate","source:hgv":"https://www.seattle.gov/Documents/Departments/SDOT/Services/Permits/MajorTruckStreets.pdf","surface":"asphalt","turn:lanes:both_ways":"left","osm_id":667765045},"geometry":{"type":"LineString","coordinates":[[-122.3675163,47.652353],[-122.3676136,47.6523982],[-122.3685323,47.6529413],[-122.3698409,47.6537048],[-122.369999,47.6537979]]}},{"type":"Feature","id":"way/671948144/1202","properties":{"highway":"service","osm_id":671948144},"geometry":{"type":"LineString","coordinates":[[-122.3576757,47.6526867],[-122.3577912,47.6527051],[-122.3579275,47.6527269]]}},{"type":"Feature","id":"way/671956879/1203","properties":{"bicycle":"yes","highway":"footway","surface":"concrete","osm_id":671956879},"geometry":{"type":"LineString","coordinates":[[-122.3760402,47.6627993],[-122.3760395,47.6628502]]}},{"type":"Feature","id":"way/671975658/1204","properties":{"highway":"service","surface":"asphalt","osm_id":671975658},"geometry":{"type":"LineString","coordinates":[[-122.3810857,47.6666843],[-122.3809815,47.6667365],[-122.3809372,47.6667587],[-122.3808786,47.666788]]}},{"type":"Feature","id":"way/673293783/1205","properties":{"access":"yes","bicycle":"yes","foot":"yes","highway":"footway","horse":"no","motor_vehicle":"no","sidewalk":"both","surface":"concrete","osm_id":673293783},"geometry":{"type":"LineString","coordinates":[[-122.3860913,47.6708438],[-122.3860933,47.6705017],[-122.3860861,47.6702701]]}},{"type":"Feature","id":"way/673405801/1206","properties":{"hgv":"designated","highway":"primary","lanes":"5","lanes:backward":"2","lanes:both_ways":"1","lanes:forward":"2","lit":"yes","maxspeed":"30 mph","name":"15th Avenue Northwest","sidewalk":"separate","snowplowing":"yes","source:hgv":"https://www.seattle.gov/Documents/Departments/SDOT/Services/Permits/MajorTruckStreets.pdf","surface":"asphalt","turn:lanes:both_ways":"left","winter_service":"yes","winter_service:priority":"1","osm_id":673405801},"geometry":{"type":"LineString","coordinates":[[-122.3762027,47.6696367],[-122.3761993,47.6697382]]}},{"type":"Feature","id":"way/673405802/1207","properties":{"dual_carriageway":"yes","hgv":"designated","highway":"primary","lanes":"4","maxspeed":"30 mph","name":"15th Avenue Northwest","old_name":"Main Street (Ballard)","oneway":"yes","parking:lane:both":"no_stopping","sidewalk:left":"no","sidewalk:right":"separate","snowplowing":"yes","source:hgv":"https://www.seattle.gov/Documents/Departments/SDOT/Services/Permits/MajorTruckStreets.pdf","surface":"asphalt","turn:lanes":"left|through|through|right","winter_service":"yes","winter_service:priority":"1","osm_id":673405802},"geometry":{"type":"LineString","coordinates":[[-122.3762027,47.6696367],[-122.3762086,47.6696086],[-122.3762193,47.6695775],[-122.3762406,47.6695455],[-122.376258,47.6695097],[-122.3762674,47.6694666],[-122.3762671,47.6694449],[-122.3762697,47.6688921],[-122.3762682,47.6687889],[-122.3762692,47.6686686]]}},{"type":"Feature","id":"way/677291931/1208","properties":{"cycleway:right":"no","dual_carriageway":"yes","hgv":"designated","highway":"primary","lanes":"2","maxspeed":"30 mph","name":"15th Avenue Northwest","old_name":"Main Street (Ballard)","oneway":"yes","parking:both":"no","parking:both:restriction":"no_stopping","sidewalk:left":"no","sidewalk:right":"separate","snowplowing":"yes","source:hgv":"https://www.seattle.gov/Documents/Departments/SDOT/Services/Permits/MajorTruckStreets.pdf","surface":"asphalt","winter_service":"yes","winter_service:priority":"1","osm_id":677291931},"geometry":{"type":"LineString","coordinates":[[-122.3761318,47.6690946],[-122.376128,47.6694482]]}},{"type":"Feature","id":"way/682778992/1209","properties":{"bicycle":"designated","cycleway:left":"shared_lane","hgv":"designated","highway":"primary","lanes":"3","lanes:backward":"1","lanes:both_ways":"1","lanes:forward":"1","lcn":"yes","lit":"yes","maxspeed":"25 mph","name":"West Nickerson Street","source:hgv":"https://www.seattle.gov/Documents/Departments/SDOT/Services/Permits/MajorTruckStreets.pdf","surface":"asphalt","turn:lanes:both_ways":"left","osm_id":682778992},"geometry":{"type":"LineString","coordinates":[[-122.3614259,47.6509676],[-122.3614807,47.6509797],[-122.3616902,47.6510234],[-122.3617323,47.6510329],[-122.3619369,47.6510794]]}},{"type":"Feature","id":"way/682778993/1210","properties":{"bicycle":"designated","cycleway":"shared_lane","hgv":"designated","highway":"primary","lanes":"3","lanes:backward":"1","lanes:forward":"2","lcn":"yes","maxspeed":"25 mph","name":"West Nickerson Street","source:hgv":"https://www.seattle.gov/Documents/Departments/SDOT/Services/Permits/MajorTruckStreets.pdf","surface":"asphalt","turn:lanes:forward":"|merge_to_left","osm_id":682778993},"geometry":{"type":"LineString","coordinates":[[-122.3612938,47.6509389],[-122.3613882,47.6509598],[-122.3614259,47.6509676]]}},{"type":"Feature","id":"way/682778994/1211","properties":{"bicycle":"designated","cycleway:left":"shared_lane","cycleway:right":"lane","hgv":"designated","highway":"primary","lanes":"3","lanes:backward":"1","lanes:both_ways":"1","lanes:forward":"1","lcn":"yes","lit":"yes","maxspeed":"25 mph","name":"West Nickerson Street","parking:lane:both":"parallel","source:hgv":"https://www.seattle.gov/Documents/Departments/SDOT/Services/Permits/MajorTruckStreets.pdf","surface":"asphalt","turn:lanes:both_ways":"left","osm_id":682778994},"geometry":{"type":"LineString","coordinates":[[-122.3619369,47.6510794],[-122.3620267,47.6510991]]}},{"type":"Feature","id":"way/682778995/1212","properties":{"bicycle":"designated","busway:left":"lane","cycleway:right":"shared_lane","hgv":"designated","highway":"primary","lanes":"4","lanes:backward":"1","lanes:forward":"3","lcn":"yes","lit":"yes","maxspeed":"25 mph","name":"West Nickerson Street","source:hgv":"https://www.seattle.gov/Documents/Departments/SDOT/Services/Permits/MajorTruckStreets.pdf","surface":"asphalt","trolley_wire":"yes","turn:lanes:forward":"left|through|right","osm_id":682778995},"geometry":{"type":"LineString","coordinates":[[-122.3604555,47.6507521],[-122.3605657,47.6507803],[-122.3607621,47.6508246],[-122.3608716,47.650849]]}},{"type":"Feature","id":"way/683007411/1213","properties":{"bicycle":"designated","cycleway:left":"shared_lane","cycleway:right":"lane","hgv":"designated","highway":"primary","lanes":"3","lanes:backward":"1","lanes:both_ways":"1","lanes:forward":"1","lcn":"yes","lit":"yes","maxspeed":"25 mph","name":"West Nickerson Street","parking:lane:both":"parallel","source:hgv":"https://www.seattle.gov/Documents/Departments/SDOT/Services/Permits/MajorTruckStreets.pdf","surface":"asphalt","trolley_wire":"yes","turn:lanes:both_ways":"left","osm_id":683007411},"geometry":{"type":"LineString","coordinates":[[-122.3578524,47.6498576],[-122.358011,47.6499292],[-122.3581197,47.6499783],[-122.3589917,47.6503724]]}},{"type":"Feature","id":"way/702382531/1214","properties":{"highway":"service","service":"alley","osm_id":702382531},"geometry":{"type":"LineString","coordinates":[[-122.3750703,47.6694445],[-122.3750693,47.6693749],[-122.3750612,47.6688144],[-122.3750608,47.6687874],[-122.3750593,47.6686683]]}},{"type":"Feature","id":"way/706947447/1215","properties":{"highway":"residential","lanes":"2","maxspeed":"20 mph","name":"Northwest 51st Street","oneway":"no","sidewalk:both":"separate","surface":"asphalt","osm_id":706947447},"geometry":{"type":"LineString","coordinates":[[-122.3762769,47.6657052],[-122.3764113,47.6657032],[-122.3764721,47.6657023],[-122.3768248,47.6657032],[-122.3787599,47.6656954],[-122.3787719,47.6656954],[-122.3788818,47.6656949]]}},{"type":"Feature","id":"way/712285170/1216","properties":{"bicycle":"designated","busway:left":"lane","cycleway:right":"lane","hgv":"designated","highway":"primary","lanes":"2","lanes:backward":"1","lanes:forward":"1","lcn":"yes","maxspeed":"25 mph","name":"West Nickerson Street","parking:lane:right":"parallel","source:hgv":"https://www.seattle.gov/Documents/Departments/SDOT/Services/Permits/MajorTruckStreets.pdf","surface":"asphalt","trolley_wire":"yes","osm_id":712285170},"geometry":{"type":"LineString","coordinates":[[-122.3595377,47.6505334],[-122.3598001,47.6505953]]}},{"type":"Feature","id":"way/725260599/1217","properties":{"highway":"tertiary","lanes":"2","maxspeed":"25 mph","name":"West Dravus Street","snowplowing":"no","winter_service":"no","osm_id":725260599},"geometry":{"type":"LineString","coordinates":[[-122.3822815,47.6484615],[-122.3826198,47.6484687],[-122.3826857,47.648469],[-122.3832856,47.6484738],[-122.3833333,47.6484742],[-122.3834517,47.6484749],[-122.3840142,47.6484781],[-122.384598,47.6484726],[-122.3846681,47.6484719],[-122.3847505,47.6484711],[-122.3850062,47.6484688],[-122.3851927,47.6484671],[-122.3852611,47.6484665],[-122.3853081,47.6484661],[-122.3859033,47.6484606],[-122.3859712,47.64846],[-122.3860592,47.6484605],[-122.3867064,47.6484645],[-122.387,47.64846634091724]]}},{"type":"Feature","id":"way/728839371/1218","properties":{"highway":"service","service":"parking_aisle","osm_id":728839371},"geometry":{"type":"LineString","coordinates":[[-122.3699648,47.6627575],[-122.3697204,47.662757],[-122.3694912,47.6627566],[-122.3694925,47.662375],[-122.3697217,47.6623754],[-122.3699682,47.6623759]]}},{"type":"Feature","id":"way/728839372/1219","properties":{"highway":"service","service":"parking_aisle","osm_id":728839372},"geometry":{"type":"LineString","coordinates":[[-122.3697204,47.662757],[-122.3697217,47.6623754]]}},{"type":"Feature","id":"way/728839373/1220","properties":{"highway":"service","osm_id":728839373},"geometry":{"type":"LineString","coordinates":[[-122.3699646,47.6627841],[-122.3700237,47.6627841],[-122.3703594,47.6627841]]}},{"type":"Feature","id":"way/730994411/1221","properties":{"highway":"service","service":"parking_aisle","surface":"asphalt","osm_id":730994411},"geometry":{"type":"LineString","coordinates":[[-122.37205,47.6667207],[-122.371734,47.6667196],[-122.3715297,47.6667189]]}},{"type":"Feature","id":"way/730994412/1222","properties":{"highway":"service","service":"parking_aisle","surface":"asphalt","osm_id":730994412},"geometry":{"type":"LineString","coordinates":[[-122.3722792,47.6666165],[-122.3717348,47.6666146],[-122.3715417,47.6666139]]}},{"type":"Feature","id":"way/735468100/1223","properties":{"highway":"service","osm_id":735468100},"geometry":{"type":"LineString","coordinates":[[-122.3736176,47.6547527],[-122.3737001,47.6547455],[-122.3739644,47.6547227],[-122.3742697,47.6546627]]}},{"type":"Feature","id":"way/736245306/1224","properties":{"highway":"service","osm_id":736245306},"geometry":{"type":"LineString","coordinates":[[-122.3681127,47.6546105],[-122.3672429,47.6541096]]}},{"type":"Feature","id":"way/737302578/1225","properties":{"highway":"service","osm_id":737302578},"geometry":{"type":"LineString","coordinates":[[-122.3805149,47.6626537],[-122.379997,47.662463],[-122.3797618,47.6623764]]}},{"type":"Feature","id":"way/737983362/1226","properties":{"highway":"tertiary","lanes":"2","maxspeed":"25 mph","name":"Northwest 55th Street","sidewalk:both":"separate","snowplowing":"no","surface":"asphalt","winter_service":"no","osm_id":737983362},"geometry":{"type":"LineString","coordinates":[[-122.361704,47.6686903],[-122.3618468,47.6686826]]}},{"type":"Feature","id":"way/738591722/1227","properties":{"hgv":"designated","highway":"secondary","lanes":"4","maxspeed":"25 mph","name":"Leary Way Northwest","sidewalk":"separate","snowplowing":"yes","source:hgv":"https://www.seattle.gov/Documents/Departments/SDOT/Services/Permits/MajorTruckStreets.pdf","surface":"asphalt","winter_service":"yes","winter_service:priority":"2","osm_id":738591722},"geometry":{"type":"LineString","coordinates":[[-122.3590033,47.6532786],[-122.3590994,47.6533144],[-122.3592283,47.6533727],[-122.3593184,47.6534257]]}},{"type":"Feature","id":"way/738591723/1228","properties":{"highway":"service","service":"parking_aisle","osm_id":738591723},"geometry":{"type":"LineString","coordinates":[[-122.3593187,47.6530222],[-122.3590462,47.6529609],[-122.3590002,47.6530536],[-122.3590314,47.6530607]]}},{"type":"Feature","id":"way/739589147/1229","properties":{"dual_carriageway":"yes","hgv":"designated","highway":"primary","lanes":"3","maxspeed":"30 mph","name":"15th Avenue Northwest","old_name":"Main Street (Ballard)","oneway":"yes","parking:lane:both":"no_stopping","sidewalk:left":"no","sidewalk:right":"separate","snowplowing":"yes","source:hgv":"https://www.seattle.gov/Documents/Departments/SDOT/Services/Permits/MajorTruckStreets.pdf","surface":"asphalt","winter_service":"yes","winter_service:priority":"1","osm_id":739589147},"geometry":{"type":"LineString","coordinates":[[-122.3762692,47.6686686],[-122.3762696,47.6685571],[-122.3762707,47.6680853]]}},{"type":"Feature","id":"way/742718561/1230","properties":{"bicycle":"designated","cycleway":"shared_lane","highway":"secondary","lanes":"5","lanes:backward":"3","lanes:forward":"2","maxspeed":"25 mph","name":"West Dravus Street","old_name":"Grand Boulevard","old_ref":"http://en.wikipedia.org/wiki/Interbay,_Seattle","parking:lane:both":"no_stopping","sidewalk:both":"separate","surface":"asphalt","turn:lanes:backward":"||right","osm_id":742718561},"geometry":{"type":"LineString","coordinates":[[-122.3769816,47.6484638],[-122.3771108,47.6484642]]}},{"type":"Feature","id":"way/742718563/1231","properties":{"bicycle":"designated","highway":"primary_link","lanes":"1","maxspeed":"30 mph","oneway":"yes","surface":"asphalt","osm_id":742718563},"geometry":{"type":"LineString","coordinates":[[-122.3767755,47.6482459],[-122.376777,47.6481642],[-122.376777,47.6481289],[-122.376777,47.648]]}},{"type":"Feature","id":"way/742718564/1232","properties":{"bicycle":"designated","cycleway":"shared_lane","highway":"secondary","lanes":"5","lanes:backward":"2","lanes:both_ways":"1","lanes:forward":"2","maxspeed":"25 mph","maxspeed:type":"sign","name":"West Dravus Street","old_name":"Grand Boulevard","old_ref":"http://en.wikipedia.org/wiki/Interbay,_Seattle","parking:lane:left":"parallel","parking:lane:right":"no_stopping","sidewalk:both":"separate","surface":"asphalt","turn:lanes:both_ways":"left","osm_id":742718564},"geometry":{"type":"LineString","coordinates":[[-122.3772994,47.6484649],[-122.3774145,47.6484653],[-122.3774874,47.6484656],[-122.3776296,47.6484659],[-122.3777401,47.6484661],[-122.3781463,47.6484663]]}},{"type":"Feature","id":"way/747438223/1233","properties":{"highway":"tertiary","maxspeed":"25 mph","name":"22nd Avenue West","oneway":"yes","snowplowing":"no","winter_service":"no","osm_id":747438223},"geometry":{"type":"LineString","coordinates":[[-122.3846811,47.6535901],[-122.3843828,47.6536583]]}},{"type":"Feature","id":"way/747939356/1234","properties":{"highway":"service","service":"parking_aisle","osm_id":747939356},"geometry":{"type":"LineString","coordinates":[[-122.3842749,47.6606154],[-122.3845579,47.6603995],[-122.3848583,47.660068]]}},{"type":"Feature","id":"way/749557581/1235","properties":{"highway":"residential","lanes":"2","maxspeed":"20 mph","name":"Northwest 52nd Street","oneway":"no","sidewalk":"separate","surface":"concrete","osm_id":749557581},"geometry":{"type":"LineString","coordinates":[[-122.376406,47.6664363],[-122.3765268,47.6664359]]}},{"type":"Feature","id":"way/749557582/1236","properties":{"highway":"residential","lanes":"2","maxspeed":"20 mph","name":"Northwest 52nd Street","oneway":"no","sidewalk":"separate","surface":"asphalt","osm_id":749557582},"geometry":{"type":"LineString","coordinates":[[-122.3766435,47.6664355],[-122.3767287,47.6664352],[-122.3787495,47.6664284],[-122.3787757,47.6664283],[-122.3788806,47.6664279]]}},{"type":"Feature","id":"way/749557583/1237","properties":{"highway":"residential","lanes":"2","maxspeed":"20 mph","name":"Northwest 52nd Street","oneway":"no","sidewalk":"separate","surface":"concrete","osm_id":749557583},"geometry":{"type":"LineString","coordinates":[[-122.3765268,47.6664359],[-122.3766435,47.6664355]]}},{"type":"Feature","id":"way/749557584/1238","properties":{"dual_carriageway":"yes","hgv":"designated","highway":"primary","lanes":"3","maxspeed":"30 mph","name":"15th Avenue Northwest","old_name":"Main Street (Ballard)","oneway":"yes","parking:both":"no","parking:both:restriction":"no_stopping","sidewalk:left":"no","sidewalk:right":"separate","snowplowing":"yes","source:hgv":"https://www.seattle.gov/Documents/Departments/SDOT/Services/Permits/MajorTruckStreets.pdf","surface":"asphalt","turn:lanes:both_ways":"left","winter_service":"yes","winter_service:priority":"1","osm_id":749557584},"geometry":{"type":"LineString","coordinates":[[-122.3762747,47.6664364],[-122.3762752,47.6663613],[-122.3762758,47.6662615]]}},{"type":"Feature","id":"way/749557585/1239","properties":{"highway":"residential","lanes":"2","maxspeed":"20 mph","name":"Northwest 52nd Street","oneway":"no","sidewalk":"separate","surface":"concrete","osm_id":749557585},"geometry":{"type":"LineString","coordinates":[[-122.3762747,47.6664364],[-122.376406,47.6664363]]}},{"type":"Feature","id":"way/749557586/1240","properties":{"dual_carriageway":"yes","hgv":"designated","highway":"primary","lanes":"3","maxspeed":"30 mph","name":"15th Avenue Northwest","old_name":"Main Street (Ballard)","oneway":"yes","parking:both":"no","parking:both:restriction":"no_stopping","sidewalk:left":"no","sidewalk:right":"separate","snowplowing":"yes","source:hgv":"https://www.seattle.gov/Documents/Departments/SDOT/Services/Permits/MajorTruckStreets.pdf","surface":"asphalt","winter_service":"yes","winter_service:priority":"1","osm_id":749557586},"geometry":{"type":"LineString","coordinates":[[-122.3762733,47.6671656],[-122.3762739,47.6671015],[-122.3762744,47.6669554],[-122.3762747,47.6665146],[-122.3762747,47.6664364]]}},{"type":"Feature","id":"way/749565739/1241","properties":{"highway":"residential","lanes":"2","maxspeed":"20 mph","name":"Northwest 54th Street","sidewalk":"separate","surface":"asphalt","osm_id":749565739},"geometry":{"type":"LineString","coordinates":[[-122.3765358,47.6678968],[-122.3769967,47.6678962],[-122.3773816,47.6678957],[-122.3778482,47.6678952],[-122.3780651,47.6678949],[-122.3787364,47.6678941],[-122.3787995,47.667894],[-122.3788783,47.6678939]]}},{"type":"Feature","id":"way/749565740/1242","properties":{"dual_carriageway":"yes","hgv":"designated","highway":"primary","lanes":"3","maxspeed":"30 mph","name":"15th Avenue Northwest","old_name":"Main Street (Ballard)","oneway":"yes","parking:lane:both":"no_stopping","sidewalk:left":"no","sidewalk:right":"separate","snowplowing":"yes","source:hgv":"https://www.seattle.gov/Documents/Departments/SDOT/Services/Permits/MajorTruckStreets.pdf","surface":"asphalt","turn:lanes:both_ways":"left","winter_service":"yes","winter_service:priority":"1","osm_id":749565740},"geometry":{"type":"LineString","coordinates":[[-122.3762713,47.6678974],[-122.3762718,47.6677544]]}},{"type":"Feature","id":"way/749565741/1243","properties":{"dual_carriageway":"yes","hgv":"designated","highway":"primary","lanes":"3","maxspeed":"30 mph","name":"15th Avenue Northwest","old_name":"Main Street (Ballard)","oneway":"yes","parking:lane:both":"no_stopping","sidewalk:left":"no","sidewalk:right":"separate","snowplowing":"yes","source:hgv":"https://www.seattle.gov/Documents/Departments/SDOT/Services/Permits/MajorTruckStreets.pdf","surface":"asphalt","turn:lanes:both_ways":"left","winter_service":"yes","winter_service:priority":"1","osm_id":749565741},"geometry":{"type":"LineString","coordinates":[[-122.3762718,47.6677544],[-122.3762718,47.667633]]}},{"type":"Feature","id":"way/752706254/1244","properties":{"highway":"secondary","lanes":"4","maxspeed":"25 mph","name":"Leary Avenue Northwest","sidewalk":"separate","surface":"asphalt","osm_id":752706254},"geometry":{"type":"LineString","coordinates":[[-122.3822723,47.6667977],[-122.3823406,47.6668559],[-122.3824434,47.6669426],[-122.3826505,47.6671213],[-122.3827227,47.6671836],[-122.3828026,47.6672526],[-122.3829264,47.6673595],[-122.3831502,47.6675528],[-122.3835508,47.6678988],[-122.3839381,47.6682333],[-122.3843098,47.6685542],[-122.384439,47.6686659]]}},{"type":"Feature","id":"way/752724717/1245","properties":{"highway":"service","service":"parking_aisle","surface":"asphalt","osm_id":752724717},"geometry":{"type":"LineString","coordinates":[[-122.3765741,47.6676338],[-122.3764051,47.6676333],[-122.3762718,47.667633]]}},{"type":"Feature","id":"way/752724718/1246","properties":{"highway":"service","service":"drive-through","osm_id":752724718},"geometry":{"type":"LineString","coordinates":[[-122.3758345,47.668203],[-122.3758346,47.668351]]}},{"type":"Feature","id":"way/752724719/1247","properties":{"highway":"residential","lanes":"2","maxspeed":"20 mph","name":"Northwest 54th Street","sidewalk":"separate","surface":"concrete","osm_id":752724719},"geometry":{"type":"LineString","coordinates":[[-122.3755484,47.6678984],[-122.3760115,47.6678987],[-122.3761432,47.6678988]]}},{"type":"Feature","id":"way/754028696/1248","properties":{"hgv":"designated","highway":"secondary","lanes":"5","lanes:backward":"2","lanes:both_ways":"1","lanes:forward":"2","maxspeed":"25 mph","name":"Leary Way Northwest","sidewalk":"separate","snowplowing":"yes","source:hgv":"https://www.seattle.gov/Documents/Departments/SDOT/Services/Permits/MajorTruckStreets.pdf","surface":"asphalt","turn:lanes:both_ways":"left","winter_service":"yes","winter_service:priority":"2","osm_id":754028696},"geometry":{"type":"LineString","coordinates":[[-122.3634375,47.6576301],[-122.3634765,47.6576738],[-122.3635782,47.6577877]]}},{"type":"Feature","id":"way/754717354/1249","properties":{"hgv":"designated","highway":"secondary","lanes":"4","maxspeed":"25 mph","name":"Leary Way Northwest","sidewalk":"separate","snowplowing":"yes","source:hgv":"https://www.seattle.gov/Documents/Departments/SDOT/Services/Permits/MajorTruckStreets.pdf","surface":"asphalt","winter_service":"yes","winter_service:priority":"2","osm_id":754717354},"geometry":{"type":"LineString","coordinates":[[-122.3662615,47.6605253],[-122.3663075,47.6605723],[-122.3663763,47.6606486]]}},{"type":"Feature","id":"way/754717355/1250","properties":{"bicycle":"designated","cycleway":"lane","highway":"secondary","lanes":"3","lanes:backward":"2","lanes:forward":"1","lit":"yes","maxspeed":"25 mph","name":"8th Avenue Northwest","oneway":"no","sidewalk:both":"separate","smoothness":"good","snowplowing":"yes","surface":"concrete","turn:lanes:backward":"left|left","winter_service":"yes","winter_service:priority":"2","osm_id":754717355},"geometry":{"type":"LineString","coordinates":[[-122.3662132,47.6608021],[-122.366196,47.6611663]]}},{"type":"Feature","id":"way/756823161/1251","properties":{"highway":"service","osm_id":756823161},"geometry":{"type":"LineString","coordinates":[[-122.3804649,47.6621318],[-122.3803206,47.6622043],[-122.3802291,47.6622591],[-122.3801282,47.6623227],[-122.3800591,47.662387],[-122.379997,47.662463]]}},{"type":"Feature","id":"way/762999460/1252","properties":{"access":"private","highway":"service","osm_id":762999460},"geometry":{"type":"LineString","coordinates":[[-122.3770894,47.6709059],[-122.3770916,47.6708342],[-122.3770931,47.6707833],[-122.3770955,47.6706063]]}},{"type":"Feature","id":"way/763006910/1253","properties":{"access":"private","highway":"service","osm_id":763006910},"geometry":{"type":"LineString","coordinates":[[-122.3853054,47.660066],[-122.3853068,47.6599191],[-122.3853033,47.6595736]]}},{"type":"Feature","id":"way/764483836/1254","properties":{"access":"customers","highway":"service","lanes":"2","surface":"asphalt","osm_id":764483836},"geometry":{"type":"LineString","coordinates":[[-122.3774778,47.6636721],[-122.3774782,47.6635589],[-122.3774392,47.6634819],[-122.3774377,47.6634188],[-122.3774225,47.6633904],[-122.3773938,47.6633672],[-122.377355,47.6633521],[-122.3773109,47.6633468]]}},{"type":"Feature","id":"way/765062773/1255","properties":{"access":"private","highway":"service","osm_id":765062773},"geometry":{"type":"LineString","coordinates":[[-122.3776578,47.6622081],[-122.3776618,47.6622823],[-122.3776631,47.6623062],[-122.3776663,47.6624903]]}},{"type":"Feature","id":"way/776892824/1256","properties":{"highway":"service","oneway":"yes","osm_id":776892824},"geometry":{"type":"LineString","coordinates":[[-122.3792535,47.6719428],[-122.3796171,47.6719415]]}},{"type":"Feature","id":"way/777611800/1257","properties":{"access":"customers","highway":"service","oneway":"yes","service":"parking_aisle","osm_id":777611800},"geometry":{"type":"LineString","coordinates":[[-122.3756892,47.6667993],[-122.3756859,47.6667131],[-122.3756839,47.6665361]]}},{"type":"Feature","id":"way/777611801/1258","properties":{"access":"customers","highway":"service","oneway":"yes","osm_id":777611801},"geometry":{"type":"LineString","coordinates":[[-122.3756839,47.6665361],[-122.375683,47.6665141],[-122.3756798,47.666437]]}},{"type":"Feature","id":"way/781763029/1259","properties":{"cycleway:right":"no","dual_carriageway":"yes","hgv":"designated","highway":"primary","lanes":"3","maxspeed":"30 mph","name":"15th Avenue Northwest","old_name":"Main Street (Ballard)","oneway":"yes","parking:lane:both":"no_stopping","sidewalk:left":"no","sidewalk:right":"separate","snowplowing":"yes","source:hgv":"https://www.seattle.gov/Documents/Departments/SDOT/Services/Permits/MajorTruckStreets.pdf","surface":"asphalt","turn:lanes:both_ways":"left","winter_service":"yes","winter_service:priority":"1","osm_id":781763029},"geometry":{"type":"LineString","coordinates":[[-122.3761522,47.667165],[-122.3761519,47.6672339],[-122.3761497,47.6673585],[-122.3761456,47.6677339]]}},{"type":"Feature","id":"way/781763030/1260","properties":{"dual_carriageway":"yes","hgv":"designated","highway":"primary","lanes":"3","maxspeed":"30 mph","name":"15th Avenue Northwest","old_name":"Main Street (Ballard)","oneway":"yes","parking:both":"no","parking:both:restriction":"no_stopping","sidewalk:left":"no","sidewalk:right":"separate","snowplowing":"yes","source:hgv":"https://www.seattle.gov/Documents/Departments/SDOT/Services/Permits/MajorTruckStreets.pdf","surface":"asphalt","turn:lanes":"||right","winter_service":"yes","winter_service:priority":"1","osm_id":781763030},"geometry":{"type":"LineString","coordinates":[[-122.3761586,47.6664384],[-122.3761579,47.6665147],[-122.3761551,47.6667933],[-122.376152,47.6671029],[-122.3761522,47.667165]]}},{"type":"Feature","id":"way/781763031/1261","properties":{"dual_carriageway":"yes","hgv":"designated","highway":"primary","lanes":"3","maxspeed":"30 mph","name":"15th Avenue Northwest","old_name":"Main Street (Ballard)","oneway":"yes","parking:both":"no","parking:both:restriction":"no_stopping","sidewalk:left":"no","sidewalk:right":"separate","snowplowing":"yes","source:hgv":"https://www.seattle.gov/Documents/Departments/SDOT/Services/Permits/MajorTruckStreets.pdf","surface":"asphalt","turn:lanes:both_ways":"left","winter_service":"yes","winter_service:priority":"1","osm_id":781763031},"geometry":{"type":"LineString","coordinates":[[-122.3761614,47.666257],[-122.3761598,47.6663617],[-122.3761586,47.6664384]]}},{"type":"Feature","id":"way/781763032/1262","properties":{"dual_carriageway":"yes","hgv":"designated","highway":"primary","lanes":"3","maxspeed":"30 mph","name":"15th Avenue Northwest","old_name":"Main Street (Ballard)","oneway":"yes","parking:lane:both":"no_stopping","sidewalk:left":"no","sidewalk:right":"separate","snowplowing":"yes","source:hgv":"https://www.seattle.gov/Documents/Departments/SDOT/Services/Permits/MajorTruckStreets.pdf","surface":"asphalt","winter_service":"yes","winter_service:priority":"1","osm_id":781763032},"geometry":{"type":"LineString","coordinates":[[-122.3761625,47.6660368],[-122.3761614,47.666257]]}},{"type":"Feature","id":"way/781763033/1263","properties":{"dual_carriageway":"yes","hgv":"designated","highway":"primary","lanes":"4","maxspeed":"30 mph","name":"15th Avenue Northwest","old_name":"Main Street (Ballard)","oneway":"yes","parking:lane:both":"no_stopping","sidewalk:left":"no","sidewalk:right":"separate","snowplowing":"yes","source:hgv":"https://www.seattle.gov/Documents/Departments/SDOT/Services/Permits/MajorTruckStreets.pdf","surface":"asphalt","turn:lanes":"left|||right","winter_service":"yes","winter_service:priority":"1","osm_id":781763033},"geometry":{"type":"LineString","coordinates":[[-122.3761456,47.6677339],[-122.3761432,47.6678988]]}},{"type":"Feature","id":"way/781763034/1264","properties":{"dual_carriageway":"yes","hgv":"designated","highway":"primary","lanes":"4","maxspeed":"30 mph","name":"15th Avenue Northwest","old_name":"Main Street (Ballard)","oneway":"yes","parking:lane:both":"no_stopping","sidewalk:left":"no","sidewalk:right":"separate","snowplowing":"yes","source:hgv":"https://www.seattle.gov/Documents/Departments/SDOT/Services/Permits/MajorTruckStreets.pdf","surface":"asphalt","turn:lanes":"reverse;left|through|through|right","winter_service":"yes","winter_service:priority":"1","osm_id":781763034},"geometry":{"type":"LineString","coordinates":[[-122.3761432,47.6678988],[-122.376142,47.6680714],[-122.3761386,47.668371],[-122.3761362,47.668557],[-122.3761358,47.6686683]]}},{"type":"Feature","id":"way/784979253/1265","properties":{"highway":"service","osm_id":784979253},"geometry":{"type":"LineString","coordinates":[[-122.3661097,47.6564747],[-122.3658865,47.6564953],[-122.3655913,47.6565172],[-122.3653712,47.6565155]]}},{"type":"Feature","id":"way/784979254/1266","properties":{"access":"private","highway":"service","osm_id":784979254},"geometry":{"type":"LineString","coordinates":[[-122.3649961,47.6569067],[-122.3649954,47.6568255],[-122.3649944,47.656693],[-122.3649896,47.6566161],[-122.3649563,47.656553],[-122.3649071,47.6565327]]}},{"type":"Feature","id":"way/797811782/1267","properties":{"highway":"secondary","lanes":"5","lanes:backward":"2","lanes:forward":"3","maxspeed":"25 mph","name":"Northwest Market Street","sidewalk:both":"separate","snowplowing":"yes","surface":"asphalt","trolley_wire":"yes","turn:lanes:forward":"left|through|right","winter_service":"yes","winter_service:priority":"2","osm_id":797811782},"geometry":{"type":"LineString","coordinates":[[-122.3869477,47.6686793],[-122.387,47.668679608905045]]}},{"type":"Feature","id":"way/807853224/1268","properties":{"highway":"service","lanes":"1","maxspeed":"5 mph","oneway":"yes","service":"parking_aisle","osm_id":807853224},"geometry":{"type":"LineString","coordinates":[[-122.3751678,47.6616676],[-122.3750467,47.6616673],[-122.374996,47.6616672],[-122.3749421,47.6616671],[-122.3748477,47.6616669],[-122.3748466,47.6618847],[-122.3748458,47.6620398],[-122.375166,47.6620405],[-122.3751667,47.661905],[-122.3751678,47.6616676]]}},{"type":"Feature","id":"way/827557815/1269","properties":{"highway":"residential","lanes":"2","maxspeed":"20 mph","name":"4th Avenue West","sidewalk:both":"separate","surface":"concrete","osm_id":827557815},"geometry":{"type":"LineString","coordinates":[[-122.36221663736805,47.648],[-122.3622169,47.6481244],[-122.3622177,47.6481861]]}},{"type":"Feature","id":"way/827729707/1270","properties":{"bicycle":"designated","cycleway":"no","hgv":"designated","highway":"tertiary","lanes":"2","maxspeed":"25 mph","name":"Shilshole Avenue Northwest","parking:both":"on_kerb","parking:left:orientation":"diagonal","parking:right:orientation":"parallel","sidewalk:left":"separate","sidewalk:right":"no","snowplowing":"no","source:hgv":"https://www.seattle.gov/Documents/Departments/SDOT/Services/Permits/MajorTruckStreets.pdf","surface":"concrete","winter_service":"no","osm_id":827729707},"geometry":{"type":"LineString","coordinates":[[-122.3849603,47.6666489],[-122.384826,47.6665535],[-122.3847668,47.6665085],[-122.3846992,47.6664572],[-122.3841276,47.6659726],[-122.3840867,47.6659379],[-122.3840077,47.665871],[-122.3839543,47.6658257],[-122.3836525,47.6655698],[-122.3835034,47.6654434],[-122.3834568,47.6654039],[-122.383041,47.6650515],[-122.3829426,47.664968],[-122.3827669,47.664819],[-122.3825235,47.6646128],[-122.3823555,47.6644703],[-122.3821537,47.6642997],[-122.3820441,47.6642055],[-122.3818745,47.6640605],[-122.381843,47.6640335],[-122.3817879,47.6639864],[-122.3817299,47.6639369],[-122.381629,47.6638505],[-122.3812105,47.6634926],[-122.3810065,47.6633199],[-122.3809089,47.6632458],[-122.3808509,47.6632053],[-122.3808146,47.6631799],[-122.3807169,47.6631162],[-122.3806159,47.6630549],[-122.3805119,47.662996],[-122.3804048,47.6629395],[-122.3802949,47.6628857],[-122.380145,47.6628183],[-122.3799907,47.6627556],[-122.3798322,47.6626979],[-122.3796699,47.6626451],[-122.3789103,47.6624078]]}},{"type":"Feature","id":"way/829029300/1271","properties":{"highway":"service","osm_id":829029300},"geometry":{"type":"LineString","coordinates":[[-122.3722211,47.6634417],[-122.3719088,47.6634387]]}},{"type":"Feature","id":"way/829029301/1272","properties":{"highway":"service","oneway":"yes","osm_id":829029301},"geometry":{"type":"LineString","coordinates":[[-122.3719088,47.6634387],[-122.3718918,47.6635537],[-122.3718993,47.6636616]]}},{"type":"Feature","id":"way/843731574/1273","properties":{"highway":"tertiary","lanes":"2","maxspeed":"20 mph","name":"Ballard Avenue Northwest","note":"Temporary Covid related change, reevaluate on 3/1/21","oneway":"yes","sidewalk":"separate","snowplowing":"no","surface":"asphalt","winter_service":"no","osm_id":843731574},"geometry":{"type":"LineString","coordinates":[[-122.382144,47.6655546],[-122.382401,47.6657076],[-122.3830391,47.666254],[-122.3830949,47.6663354],[-122.3831274,47.6663585],[-122.3831836,47.6664071],[-122.3832501,47.6664611],[-122.383413,47.6665934],[-122.3834902,47.6666296],[-122.3841428,47.6671862],[-122.3844627,47.667446],[-122.3845109,47.6675293],[-122.3846519,47.6676419],[-122.3847621,47.6676893]]}},{"type":"Feature","id":"way/855690597/1274","properties":{"bicycle":"designated","foot":"yes","highway":"cycleway","horse":"no","motor_vehicle":"no","name":"20th Avenue West Cycletrack","oneway":"no","surface":"paved","osm_id":855690597},"geometry":{"type":"LineString","coordinates":[[-122.38198609753087,47.648],[-122.381944,47.6483354]]}},{"type":"Feature","id":"way/855690598/1275","properties":{"bicycle":"designated","foot":"yes","highway":"cycleway","horse":"no","motor_vehicle":"no","name":"West Emerson Place Cylcletrack","surface":"paved","osm_id":855690598},"geometry":{"type":"LineString","coordinates":[[-122.3862964,47.6558508],[-122.3862149,47.6559039]]}},{"type":"Feature","id":"way/855690599/1276","properties":{"bicycle":"designated","bridge":"yes","foot":"yes","highway":"cycleway","layer":"1","motor_vehicle":"no","name":"West Emerson Place Cylcletrack","surface":"paved","osm_id":855690599},"geometry":{"type":"LineString","coordinates":[[-122.3862149,47.6559039],[-122.3861564,47.6559323],[-122.3856849,47.6560488],[-122.3856325,47.6560603]]}},{"type":"Feature","id":"way/855690602/1277","properties":{"highway":"cycleway","horse":"no","motor_vehicle":"no","name":"West Emerson Place Cylcletrack","surface":"asphalt","osm_id":855690602},"geometry":{"type":"LineString","coordinates":[[-122.3856325,47.6560603],[-122.3855085,47.6560776],[-122.3853774,47.6560871],[-122.385178,47.6560839],[-122.3849983,47.6560586],[-122.3848373,47.6560188],[-122.3846067,47.6559448],[-122.3836232,47.655643],[-122.3836134,47.6556224]]}},{"type":"Feature","id":"way/855690603/1278","properties":{"highway":"cycleway","name":"Gilman Avenue West Cycletrack","surface":"paved","osm_id":855690603},"geometry":{"type":"LineString","coordinates":[[-122.3862964,47.6558508],[-122.3863784,47.6559065],[-122.386492,47.655996],[-122.3865666,47.6560541],[-122.3869904,47.6563902],[-122.387,47.65639778790406]]}},{"type":"Feature","id":"way/855690605/1279","properties":{"bicycle":"designated","foot":"yes","highway":"cycleway","horse":"no","motor_vehicle":"no","name":"20th Avenue West Cycletrack","oneway":"no","surface":"asphalt","osm_id":855690605},"geometry":{"type":"LineString","coordinates":[[-122.3819245,47.6485794],[-122.3819476,47.6486835],[-122.3819586,47.6493974],[-122.3819683,47.6503315]]}},{"type":"Feature","id":"way/855690606/1280","properties":{"bicycle":"designated","cycleway":"shared_lane","highway":"secondary","lanes":"4","maxspeed":"25 mph","maxspeed:type":"sign","name":"West Dravus Street","parking:lane:both":"no_stopping","surface":"concrete","osm_id":855690606},"geometry":{"type":"LineString","coordinates":[[-122.381935,47.6484615],[-122.3820542,47.6484615]]}},{"type":"Feature","id":"way/855690607/1281","properties":{"bicycle":"designated","foot":"yes","highway":"cycleway","horse":"no","motor_vehicle":"no","name":"Gilman Avenue West Cycletrack","oneway":"no","surface":"paved","osm_id":855690607},"geometry":{"type":"LineString","coordinates":[[-122.3819683,47.6503315],[-122.3819708,47.6504916],[-122.3819869,47.6505675],[-122.3820191,47.6506542],[-122.3820942,47.6507771],[-122.3821157,47.650806],[-122.3821787,47.6508893],[-122.3825475,47.65137],[-122.3829908,47.6519555],[-122.3831582,47.652174],[-122.3831806,47.6522036],[-122.3834679,47.6525783],[-122.3836628,47.6528263],[-122.3842978,47.6536828],[-122.3845282,47.6539882],[-122.3845491,47.6540163],[-122.3846358,47.6541308],[-122.3851159,47.6547596],[-122.3853037,47.6549981],[-122.385408,47.6551083],[-122.385534,47.6552329],[-122.3857245,47.6553865],[-122.385783,47.6554354],[-122.3857931,47.6554437],[-122.3859585,47.6555816],[-122.3861898,47.6557659],[-122.3862964,47.6558508]]}},{"type":"Feature","id":"way/856081461/1282","properties":{"highway":"service","service":"parking_aisle","osm_id":856081461},"geometry":{"type":"LineString","coordinates":[[-122.3782164,47.6512125],[-122.3777008,47.6512144],[-122.3776625,47.6511956]]}},{"type":"Feature","id":"way/865186217/1283","properties":{"cycleway":"crossing","highway":"cycleway","surface":"compacted","osm_id":865186217},"geometry":{"type":"LineString","coordinates":[[-122.3662276,47.6592659],[-122.366289,47.6592359]]}},{"type":"Feature","id":"way/865186218/1284","properties":{"bicycle":"designated","highway":"residential","lanes":"2","lit":"yes","maxspeed":"20 mph","name":"8th Avenue Northwest","sidewalk:left":"separate","sidewalk:right":"no","surface":"asphalt","osm_id":865186218},"geometry":{"type":"LineString","coordinates":[[-122.3662276,47.6592659],[-122.366228,47.6593343],[-122.3662397,47.6599901]]}},{"type":"Feature","id":"way/865186220/1285","properties":{"bicycle":"designated","footway":"sidewalk","highway":"footway","segregated":"no","surface":"concrete","osm_id":865186220},"geometry":{"type":"LineString","coordinates":[[-122.3663399,47.660418],[-122.366444,47.6605254],[-122.3665061,47.6605895]]}},{"type":"Feature","id":"way/865186221/1286","properties":{"highway":"service","lanes":"2","service":"drive-through","osm_id":865186221},"geometry":{"type":"LineString","coordinates":[[-122.3662453,47.6603203],[-122.3664836,47.6602974]]}},{"type":"Feature","id":"way/865186227/1287","properties":{"highway":"service","lanes":"1","oneway":"yes","service":"drive-through","osm_id":865186227},"geometry":{"type":"LineString","coordinates":[[-122.3664914,47.6601403],[-122.3665161,47.6601594],[-122.3665272,47.6601825],[-122.3665285,47.6602629],[-122.3665117,47.6602828],[-122.3664836,47.6602974]]}},{"type":"Feature","id":"way/865186228/1288","properties":{"highway":"service","lanes":"2","service":"drive-through","osm_id":865186228},"geometry":{"type":"LineString","coordinates":[[-122.3664914,47.6601403],[-122.3663312,47.6601204],[-122.3662417,47.6601093]]}},{"type":"Feature","id":"way/865186229/1289","properties":{"highway":"service","lanes":"1","oneway":"yes","service":"drive-through","osm_id":865186229},"geometry":{"type":"LineString","coordinates":[[-122.3664836,47.6602974],[-122.3665923,47.6602869],[-122.3666209,47.660276],[-122.3666359,47.6602573],[-122.3666348,47.6601893],[-122.3666222,47.6601676],[-122.3665946,47.6601561],[-122.3664914,47.6601403]]}},{"type":"Feature","id":"way/867208634/1290","properties":{"highway":"cycleway","surface":"asphalt","osm_id":867208634},"geometry":{"type":"LineString","coordinates":[[-122.3763733,47.6629422],[-122.3764372,47.6628225]]}},{"type":"Feature","id":"way/867552665/1291","properties":{"highway":"service","service":"parking_aisle","surface":"concrete","osm_id":867552665},"geometry":{"type":"LineString","coordinates":[[-122.3780651,47.6678949],[-122.3780645,47.6678206],[-122.3780643,47.6677965]]}},{"type":"Feature","id":"way/867552666/1292","properties":{"highway":"service","oneway":"yes","service":"parking_aisle","tunnel":"building_passage","osm_id":867552666},"geometry":{"type":"LineString","coordinates":[[-122.3780643,47.6677965],[-122.3780624,47.6676439]]}},{"type":"Feature","id":"way/895540362/1293","properties":{"highway":"service","osm_id":895540362},"geometry":{"type":"LineString","coordinates":[[-122.3756639,47.6684706],[-122.3756638,47.6684359]]}},{"type":"Feature","id":"way/895540363/1294","properties":{"highway":"service","osm_id":895540363},"geometry":{"type":"LineString","coordinates":[[-122.3756618,47.6682561],[-122.3756612,47.6682035]]}},{"type":"Feature","id":"way/895540364/1295","properties":{"covered":"yes","highway":"service","osm_id":895540364},"geometry":{"type":"LineString","coordinates":[[-122.3756638,47.6684359],[-122.3756618,47.6682561]]}},{"type":"Feature","id":"way/899840873/1296","properties":{"highway":"service","osm_id":899840873},"geometry":{"type":"LineString","coordinates":[[-122.360816,47.6571393],[-122.3607153,47.6571375],[-122.3605861,47.6571353],[-122.3604395,47.6571399],[-122.3602979,47.6571585]]}},{"type":"Feature","id":"way/899898072/1297","properties":{"access":"private","highway":"service","osm_id":899898072},"geometry":{"type":"LineString","coordinates":[[-122.3859366,47.6573533],[-122.3858285,47.657351],[-122.385812,47.6573506],[-122.3857409,47.6573554],[-122.3856868,47.6574128],[-122.3856713,47.65746],[-122.3857322,47.657521],[-122.3858194,47.6575257],[-122.3858308,47.6575253],[-122.3859379,47.6575213]]}},{"type":"Feature","id":"way/900646588/1298","properties":{"highway":"service","service":"alley","osm_id":900646588},"geometry":{"type":"LineString","coordinates":[[-122.3707499,47.6646997],[-122.3706656,47.6647007],[-122.3701024,47.6647072],[-122.3691854,47.6647003],[-122.3687405,47.6647016],[-122.3686147,47.6647025]]}},{"type":"Feature","id":"way/900647823/1299","properties":{"access":"destination","foot":"yes","highway":"service","maxspeed":"15 mph","oneway":"no","service":"alley","surface":"unpaved","osm_id":900647823},"geometry":{"type":"LineString","coordinates":[[-122.3729546,47.6695208],[-122.3729536,47.6697364],[-122.3729536,47.6697952],[-122.3729526,47.6701]]}},{"type":"Feature","id":"way/900647824/1300","properties":{"access":"destination","foot":"yes","highway":"service","maxspeed":"15 mph","oneway":"no","service":"alley","surface":"unpaved","osm_id":900647824},"geometry":{"type":"LineString","coordinates":[[-122.3729527,47.6702473],[-122.3729451,47.6708315]]}},{"type":"Feature","id":"way/900647825/1301","properties":{"access":"destination","foot":"yes","highway":"service","maxspeed":"15 mph","oneway":"no","service":"alley","surface":"paved","osm_id":900647825},"geometry":{"type":"LineString","coordinates":[[-122.3729444,47.6709024],[-122.3729452,47.6709742],[-122.3729416,47.6714565],[-122.3729417,47.671561],[-122.372941,47.6716291],[-122.3729408,47.6717033],[-122.37294044222222,47.672]]}},{"type":"Feature","id":"way/900647826/1302","properties":{"access":"destination","foot":"yes","highway":"service","maxspeed":"15 mph","oneway":"no","service":"alley","surface":"paved","osm_id":900647826},"geometry":{"type":"LineString","coordinates":[[-122.3729526,47.6701],[-122.3729529,47.6701746],[-122.3729527,47.6702473]]}},{"type":"Feature","id":"way/900647827/1303","properties":{"access":"destination","foot":"yes","highway":"service","maxspeed":"15 mph","oneway":"no","service":"alley","surface":"paved","osm_id":900647827},"geometry":{"type":"LineString","coordinates":[[-122.3729451,47.6708315],[-122.3729444,47.6709024]]}},{"type":"Feature","id":"way/902966186/1304","properties":{"highway":"service","osm_id":902966186},"geometry":{"type":"LineString","coordinates":[[-122.3728437,47.6544989],[-122.3723906,47.6544999],[-122.3723035,47.6545001]]}},{"type":"Feature","id":"way/904330970/1305","properties":{"access":"private","highway":"service","lanes":"2","maxspeed":"25 mph","old_name":"Ross Place","osm_id":904330970},"geometry":{"type":"LineString","coordinates":[[-122.3643935,47.6560495],[-122.3648352,47.6560467],[-122.3655917,47.6560312]]}},{"type":"Feature","id":"way/904331298/1306","properties":{"highway":"residential","lanes":"2","maxspeed":"20 mph","name":"Northwest 39th Street","old_name":"Franklin Street","sidewalk":"no","surface":"asphalt","osm_id":904331298},"geometry":{"type":"LineString","coordinates":[[-122.3608612,47.6543442],[-122.361299,47.6543467],[-122.3613568,47.6543481],[-122.3614419,47.6543578],[-122.3614905,47.6543634],[-122.3616661,47.6543893]]}},{"type":"Feature","id":"way/908241152/1307","properties":{"cycleway:both":"no","highway":"residential","lanes":"2","maxspeed":"20 mph","name":"Northwest 42nd Street","sidewalk":"no","surface":"concrete","osm_id":908241152},"geometry":{"type":"LineString","coordinates":[[-122.3578658,47.6577464],[-122.3583174,47.6577482],[-122.358413,47.6577486]]}},{"type":"Feature","id":"way/909502184/1308","properties":{"highway":"service","maxspeed":"15 mph","service":"alley","surface":"concrete","osm_id":909502184},"geometry":{"type":"LineString","coordinates":[[-122.378142,47.6481302],[-122.37814029432315,47.648]]}},{"type":"Feature","id":"way/909806899/1309","properties":{"highway":"service","oneway":"yes","surface":"asphalt","osm_id":909806899},"geometry":{"type":"LineString","coordinates":[[-122.3788825,47.6647129],[-122.3787883,47.6647129],[-122.3787217,47.6647129],[-122.3787216,47.6649792],[-122.3787216,47.6650776]]}},{"type":"Feature","id":"way/919034296/1310","properties":{"access":"private","highway":"service","osm_id":919034296},"geometry":{"type":"LineString","coordinates":[[-122.3791981,47.6496818],[-122.3792,47.649781],[-122.3791713,47.6497971],[-122.3790468,47.6497974],[-122.3788786,47.6497978]]}},{"type":"Feature","id":"way/919036320/1311","properties":{"access":"private","highway":"service","osm_id":919036320},"geometry":{"type":"LineString","coordinates":[[-122.384723,47.6592138],[-122.3848475,47.6592109],[-122.3851865,47.6592121]]}},{"type":"Feature","id":"way/919049393/1312","properties":{"highway":"service","osm_id":919049393},"geometry":{"type":"LineString","coordinates":[[-122.3801147,47.6616086],[-122.3804982,47.661739]]}},{"type":"Feature","id":"way/919051143/1313","properties":{"highway":"service","osm_id":919051143},"geometry":{"type":"LineString","coordinates":[[-122.3859436,47.6591754],[-122.3860875,47.6591751],[-122.3862319,47.6591749]]}},{"type":"Feature","id":"way/919060399/1314","properties":{"highway":"service","osm_id":919060399},"geometry":{"type":"LineString","coordinates":[[-122.3833676,47.6582129],[-122.3836205,47.6582234]]}},{"type":"Feature","id":"way/919060400/1315","properties":{"highway":"service","osm_id":919060400},"geometry":{"type":"LineString","coordinates":[[-122.3833704,47.6583942],[-122.3836474,47.658388]]}},{"type":"Feature","id":"way/919065757/1316","properties":{"access":"private","highway":"service","osm_id":919065757},"geometry":{"type":"LineString","coordinates":[[-122.3780315,47.6516852],[-122.3781503,47.651724],[-122.3781658,47.651729],[-122.3783505,47.6517888],[-122.3783787,47.6518095],[-122.3783731,47.6518366],[-122.3783172,47.651918],[-122.3782971,47.6519285],[-122.3782533,47.6519251],[-122.3780649,47.6518637],[-122.3780489,47.6518587],[-122.3779325,47.6518207]]}},{"type":"Feature","id":"way/919091291/1317","properties":{"access":"private","highway":"service","osm_id":919091291},"geometry":{"type":"LineString","coordinates":[[-122.3788791,47.64945],[-122.3790623,47.6494462],[-122.3793512,47.6494378]]}},{"type":"Feature","id":"way/933111938/1318","properties":{"highway":"service","service":"parking_aisle","osm_id":933111938},"geometry":{"type":"LineString","coordinates":[[-122.3574488,47.6518343],[-122.3573835,47.6518631],[-122.3573205,47.6518909],[-122.3570064,47.6517951],[-122.357,47.65179315003207]]}},{"type":"Feature","id":"way/933111939/1319","properties":{"highway":"service","service":"parking_aisle","osm_id":933111939},"geometry":{"type":"LineString","coordinates":[[-122.3570064,47.6517951],[-122.357,47.651806948054926]]}},{"type":"Feature","id":"way/937883425/1320","properties":{"access":"customers","highway":"service","oneway":"yes","service":"parking_aisle","surface":"asphalt","osm_id":937883425},"geometry":{"type":"LineString","coordinates":[[-122.3778482,47.6678952],[-122.3778471,47.6678204],[-122.3778436,47.6675771]]}},{"type":"Feature","id":"way/949545880/1321","properties":{"alt_name":"McCutchan Boulevard","bicycle":"yes","highway":"service","name":"16th Avenue West","osm_id":949545880},"geometry":{"type":"LineString","coordinates":[[-122.3781039,47.6550954],[-122.3781054,47.6557998]]}},{"type":"Feature","id":"way/964199858/1322","properties":{"highway":"primary","lanes":"6","lanes:backward":"2","lanes:forward":"4","maxspeed":"25 mph","name":"Northwest Market Street","old_name":"Broadway (Ballard)","sidewalk":"separate","snowplowing":"yes","surface":"asphalt","trolley_wire":"yes","turn:lanes:forward":"left|left||","winter_service":"yes","winter_service:priority":"1","osm_id":964199858},"geometry":{"type":"LineString","coordinates":[[-122.3761358,47.6686683],[-122.3762692,47.6686686]]}},{"type":"Feature","id":"way/968798379/1323","properties":{"highway":"tertiary_link","lane_markings":"no","oneway":"yes","snowplowing":"no","surface":"asphalt","winter_service":"no","osm_id":968798379},"geometry":{"type":"LineString","coordinates":[[-122.3766891,47.662942],[-122.3765459,47.6629069],[-122.3765065,47.6628911],[-122.3764868,47.66287]]}},{"type":"Feature","id":"way/970059253/1324","properties":{"highway":"service","layer":"1","name":"Dock 4","osm_id":970059253},"geometry":{"type":"LineString","coordinates":[[-122.3779854,47.6557998],[-122.3779759,47.6568072]]}},{"type":"Feature","id":"way/970382867/1325","properties":{"bicycle":"designated","foot":"designated","highway":"cycleway","lcn_ref":"SCT","name":"Ship Canal Trail","railway":"abandoned","segregated":"no","surface":"asphalt","width":"4","osm_id":970382867},"geometry":{"type":"LineString","coordinates":[[-122.3708873,47.6554516],[-122.3707426,47.655375],[-122.3703256,47.6551349],[-122.369601,47.6547013],[-122.3695321,47.65466],[-122.3692645,47.6545392]]}},{"type":"Feature","id":"way/970382869/1326","properties":{"bicycle":"yes","highway":"service","name":"West Ewing Place","service":"driveway","osm_id":970382869},"geometry":{"type":"LineString","coordinates":[[-122.3712344,47.6555286],[-122.3711409,47.6555294],[-122.3710624,47.6555291],[-122.3710291,47.655529]]}},{"type":"Feature","id":"way/979434140/1327","properties":{"bicycle":"designated","cycleway":"shared_lane","highway":"residential","maxspeed":"20 mph","name":"Northwest 58th Street","old_name":"Times Street","parking:both":"lane","parking:both:orientation":"parallel","sidewalk":"separate","surface":"asphalt","osm_id":979434140},"geometry":{"type":"LineString","coordinates":[[-122.3789664,47.6709078],[-122.3790108,47.6709076],[-122.3790546,47.6709075],[-122.379737,47.6709074],[-122.3809002,47.6709073],[-122.3815688,47.6709072],[-122.3819747,47.6709071],[-122.3820104,47.6709071],[-122.3821527,47.6709071],[-122.3822665,47.6709076],[-122.3822933,47.6709077],[-122.3827747,47.6709097],[-122.3831263,47.6709111],[-122.383233,47.6709115],[-122.3838901,47.6709143],[-122.384085,47.6709151],[-122.3846532,47.670913],[-122.3846907,47.6709148]]}},{"type":"Feature","id":"way/979434141/1328","properties":{"highway":"residential","junction":"roundabout","lanes":"1","maxspeed":"20 mph","oneway":"yes","sidewalk:left":"no","sidewalk:right":"separate","surface":"asphalt","osm_id":979434141},"geometry":{"type":"LineString","coordinates":[[-122.3846907,47.6709148],[-122.3846946,47.6709294],[-122.3847055,47.6709422],[-122.3847222,47.6709519],[-122.3847352,47.6709563],[-122.3847502,47.6709601],[-122.3847673,47.6709578],[-122.3847855,47.6709534],[-122.3848031,47.6709445],[-122.3848149,47.6709328],[-122.3848205,47.6709192],[-122.3848195,47.6709051],[-122.3848119,47.670892],[-122.3847984,47.6708811],[-122.3847805,47.6708737],[-122.3847601,47.6708705],[-122.3847537,47.6708708],[-122.3847392,47.6708719],[-122.3847201,47.6708776],[-122.3847046,47.6708872],[-122.3846941,47.6709002],[-122.3846907,47.6709148]]}},{"type":"Feature","id":"way/979435035/1329","properties":{"bicycle":"designated","cycleway":"shared_lane","highway":"residential","maxspeed":"20 mph","name":"Northwest 58th Street","old_name":"Times Street","sidewalk":"separate","surface":"concrete","osm_id":979435035},"geometry":{"type":"LineString","coordinates":[[-122.376193,47.6709051],[-122.3763631,47.6709052],[-122.3766314,47.6709055],[-122.3766961,47.6709055],[-122.3770894,47.6709059],[-122.3772736,47.6709061],[-122.377997,47.6709067],[-122.3787688,47.6709074],[-122.3787839,47.6709075],[-122.3788331,47.6709077]]}},{"type":"Feature","id":"way/979435036/1330","properties":{"highway":"residential","junction":"roundabout","lanes":"1","maxspeed":"20 mph","oneway":"yes","sidewalk:left":"no","sidewalk:right":"separate","smoothness":"intermediate","surface":"asphalt","osm_id":979435036},"geometry":{"type":"LineString","coordinates":[[-122.3788322,47.6709026],[-122.3788331,47.6709077],[-122.3788349,47.670918],[-122.3788451,47.6709318],[-122.3788616,47.6709426],[-122.3788825,47.670949],[-122.3788921,47.6709496],[-122.3789054,47.6709504],[-122.3789277,47.6709464],[-122.3789467,47.6709377],[-122.3789596,47.6709261],[-122.3789664,47.6709123],[-122.3789664,47.6709078],[-122.3789664,47.6708977],[-122.3789596,47.670884],[-122.3789467,47.6708723],[-122.378929,47.670864],[-122.3789083,47.6708599],[-122.3788961,47.6708601],[-122.3788867,47.6708603],[-122.3788665,47.6708654],[-122.3788496,47.6708744],[-122.3788373,47.6708875],[-122.3788322,47.6709026]]}},{"type":"Feature","id":"way/979437557/1331","properties":{"bicycle":"designated","cycleway":"shared_lane","highway":"residential","maxspeed":"20 mph","name":"Northwest 58th Street","sidewalk":"separate","surface":"paved","osm_id":979437557},"geometry":{"type":"LineString","coordinates":[[-122.3651528,47.6708898],[-122.3652195,47.670889],[-122.3660572,47.6708921],[-122.3661698,47.6708918],[-122.3663302,47.6708924],[-122.367332,47.6708919],[-122.3685013,47.6708911],[-122.368555,47.6708894]]}},{"type":"Feature","id":"way/979437558/1332","properties":{"highway":"residential","junction":"roundabout","lanes":"1","maxspeed":"20 mph","oneway":"yes","sidewalk:left":"no","sidewalk:right":"separate","surface":"asphalt","osm_id":979437558},"geometry":{"type":"LineString","coordinates":[[-122.368555,47.6708894],[-122.3685564,47.6709031],[-122.3685645,47.6709158],[-122.3685783,47.670926],[-122.3685964,47.6709326],[-122.368608,47.6709338],[-122.3686166,47.6709347],[-122.3686368,47.6709323],[-122.3686547,47.6709255],[-122.3686679,47.6709155],[-122.3686757,47.6709031],[-122.3686767,47.6708944],[-122.3686772,47.6708898],[-122.3686722,47.6708768],[-122.3686613,47.6708656],[-122.3686457,47.6708573],[-122.3686269,47.6708528],[-122.368607,47.6708526],[-122.368588,47.6708567],[-122.368572,47.6708647],[-122.3685604,47.670876],[-122.368555,47.6708894]]}},{"type":"Feature","id":"way/979437559/1333","properties":{"bicycle":"designated","cycleway":"shared_lane","highway":"residential","maxspeed":"20 mph","name":"Northwest 58th Street","sidewalk:both":"separate","osm_id":979437559},"geometry":{"type":"LineString","coordinates":[[-122.3686767,47.6708944],[-122.3687268,47.6708944],[-122.3706613,47.6708999],[-122.3707004,47.6708997]]}},{"type":"Feature","id":"way/979437560/1334","properties":{"highway":"residential","junction":"roundabout","lanes":"1","maxspeed":"20 mph","oneway":"yes","sidewalk:left":"no","sidewalk:right":"separate","surface":"asphalt","osm_id":979437560},"geometry":{"type":"LineString","coordinates":[[-122.370703,47.6708861],[-122.3707004,47.6708997],[-122.3707042,47.6709133],[-122.3707141,47.6709254],[-122.3707291,47.6709347],[-122.3707477,47.6709405],[-122.3707622,47.6709416],[-122.370768,47.6709421],[-122.370788,47.6709393],[-122.3708058,47.6709325],[-122.3708205,47.6709212],[-122.3708287,47.6709072],[-122.3708289,47.6709006],[-122.3708293,47.6708922],[-122.3708223,47.670878],[-122.3708086,47.6708661],[-122.3707897,47.6708581],[-122.370768,47.6708549],[-122.3707591,47.6708557],[-122.3707459,47.6708568],[-122.370726,47.6708637],[-122.3707119,47.6708737],[-122.370703,47.6708861]]}},{"type":"Feature","id":"way/979437642/1335","properties":{"highway":"residential","junction":"roundabout","lanes":"1","maxspeed":"20 mph","oneway":"yes","sidewalk:left":"no","sidewalk:right":"separate","osm_id":979437642},"geometry":{"type":"LineString","coordinates":[[-122.3685483,47.6701669],[-122.3685514,47.6701812],[-122.3685615,47.6701939],[-122.3685775,47.6702036],[-122.3685973,47.670209],[-122.3686086,47.6702093],[-122.3686188,47.6702096],[-122.3686392,47.6702053],[-122.3686563,47.6701966],[-122.3686673,47.6701855],[-122.3686726,47.6701728],[-122.3686721,47.6701662],[-122.3686717,47.6701595],[-122.3686647,47.6701471],[-122.3686523,47.6701368],[-122.3686358,47.6701296],[-122.3686167,47.6701262],[-122.3686077,47.6701266],[-122.3685971,47.670127],[-122.3685788,47.6701319],[-122.3685636,47.6701404],[-122.3685525,47.6701527],[-122.3685483,47.6701669]]}},{"type":"Feature","id":"way/979437643/1336","properties":{"highway":"residential","junction":"roundabout","lanes":"1","maxspeed":"20 mph","oneway":"yes","sidewalk:left":"no","sidewalk:right":"separate","osm_id":979437643},"geometry":{"type":"LineString","coordinates":[[-122.3685533,47.6694278],[-122.3685534,47.669436],[-122.3685535,47.669443],[-122.3685614,47.6694573],[-122.3685758,47.669469],[-122.3685953,47.6694769],[-122.3686108,47.669479],[-122.3686175,47.6694799],[-122.3686399,47.6694777],[-122.3686599,47.6694706],[-122.3686747,47.6694601],[-122.3686838,47.669447],[-122.3686862,47.6694326],[-122.3686817,47.6694185],[-122.3686708,47.669406],[-122.3686546,47.6693965],[-122.3686348,47.669391],[-122.3686182,47.6693902],[-122.3686134,47.6693899],[-122.3685926,47.6693935],[-122.3685745,47.6694014],[-122.3685605,47.6694133],[-122.3685533,47.6694278]]}},{"type":"Feature","id":"way/979574253/1337","properties":{"bicycle":"designated","cycleway":"shared_lane","highway":"residential","maxspeed":"20 mph","name":"Northwest 58th Street","sidewalk":"separate","surface":"paved","osm_id":979574253},"geometry":{"type":"LineString","coordinates":[[-122.3618658,47.670883],[-122.3619861,47.6708831],[-122.3620413,47.6708835],[-122.3626734,47.6708851],[-122.3627949,47.6708855],[-122.3628353,47.6708856],[-122.3629535,47.6708859],[-122.3630425,47.670886],[-122.363102,47.6708863],[-122.3638843,47.6708884],[-122.3639277,47.6708885],[-122.3639683,47.6708889]]}},{"type":"Feature","id":"way/979574254/1338","properties":{"highway":"residential","junction":"roundabout","lanes":"1","maxspeed":"20 mph","oneway":"yes","sidewalk:left":"no","sidewalk:right":"separate","osm_id":979574254},"geometry":{"type":"LineString","coordinates":[[-122.3650354,47.6708887],[-122.3650381,47.6709022],[-122.3650474,47.6709143],[-122.3650622,47.6709236],[-122.3650808,47.6709289],[-122.3651009,47.6709298],[-122.3651203,47.670926],[-122.3651367,47.670918],[-122.3651475,47.6709077],[-122.365153,47.6708956],[-122.3651528,47.6708898],[-122.3651525,47.670883],[-122.3651462,47.6708711],[-122.3651347,47.6708611],[-122.3651191,47.6708541],[-122.365101,47.6708507],[-122.3650823,47.6708513],[-122.3650648,47.6708558],[-122.3650502,47.6708639],[-122.3650396,47.6708754],[-122.3650354,47.6708887]]}},{"type":"Feature","id":"way/979574255/1339","properties":{"bicycle":"designated","cycleway":"shared_lane","highway":"residential","maxspeed":"20 mph","name":"Northwest 58th Street","sidewalk:both":"separate","surface":"paved","osm_id":979574255},"geometry":{"type":"LineString","coordinates":[[-122.3640783,47.6708849],[-122.3641263,47.6708855],[-122.3641578,47.6708856],[-122.3650075,47.6708884],[-122.3650354,47.6708887]]}},{"type":"Feature","id":"way/979574256/1340","properties":{"cycleway":"shared_lane","highway":"residential","junction":"roundabout","lanes":"1","maxspeed":"20 mph","oneway":"yes","sidewalk:left":"no","sidewalk:right":"separate","surface":"concrete","osm_id":979574256},"geometry":{"type":"LineString","coordinates":[[-122.3639714,47.6709021],[-122.3639807,47.6709132],[-122.3639951,47.6709215],[-122.3640127,47.6709261],[-122.3640246,47.6709268],[-122.3640317,47.6709263],[-122.3640496,47.6709222],[-122.3640644,47.6709143],[-122.3640737,47.6709044],[-122.3640779,47.6708931],[-122.3640783,47.6708849],[-122.3640768,47.6708815],[-122.3640703,47.6708706],[-122.3640591,47.6708617],[-122.3640443,47.6708556],[-122.3640275,47.6708529],[-122.3640227,47.6708527],[-122.3640102,47.6708538],[-122.3639942,47.6708583],[-122.3639811,47.670866],[-122.3639716,47.670877],[-122.3639683,47.6708889],[-122.3639714,47.6709021]]}},{"type":"Feature","id":"way/979574257/1341","properties":{"highway":"residential","lanes":"2","lcn":"yes","maxspeed":"20 mph","name":"Northwest 56th Street","sidewalk":"separate","surface":"concrete","osm_id":979574257},"geometry":{"type":"LineString","coordinates":[[-122.3618679,47.6694264],[-122.3619827,47.6694266],[-122.3621571,47.6694272],[-122.3627871,47.6694283],[-122.3628292,47.6694281],[-122.3628746,47.6694283]]}},{"type":"Feature","id":"way/979574258/1342","properties":{"bicycle":"designated","cycleway":"shared_lane","highway":"residential","junction":"roundabout","lanes":"1","maxspeed":"20 mph","oneway":"yes","sidewalk:left":"no","sidewalk:right":"separate","osm_id":979574258},"geometry":{"type":"LineString","coordinates":[[-122.3628746,47.6694283],[-122.3628784,47.6694401],[-122.3628898,47.6694538],[-122.3629074,47.669464],[-122.3629292,47.6694696],[-122.3629525,47.6694698],[-122.3629745,47.6694646],[-122.3629925,47.6694547],[-122.3630036,47.6694427],[-122.3630085,47.6694289],[-122.3630086,47.6694264],[-122.363007,47.6694148],[-122.362999,47.6694017],[-122.3629854,47.6693909],[-122.3629676,47.6693835],[-122.3629447,47.6693802],[-122.3629262,47.6693812],[-122.3629068,47.6693866],[-122.3628908,47.6693958],[-122.3628789,47.6694093],[-122.3628755,47.6694188],[-122.3628746,47.6694283]]}},{"type":"Feature","id":"way/979574259/1343","properties":{"bicycle":"designated","cycleway":"shared_lane","highway":"residential","lanes":"2","maxspeed":"20 mph","name":"Northwest 56th Street","sidewalk":"separate","osm_id":979574259},"geometry":{"type":"LineString","coordinates":[[-122.3630086,47.6694264],[-122.3630456,47.6694268],[-122.363087,47.6694267],[-122.3634455,47.6694292],[-122.3635373,47.6694291],[-122.3638798,47.6694301],[-122.3639338,47.6694307],[-122.3639726,47.6694309]]}},{"type":"Feature","id":"way/979574260/1344","properties":{"bicycle":"designated","cycleway":"shared_lane","highway":"residential","junction":"roundabout","lanes":"1","maxspeed":"20 mph","oneway":"yes","sidewalk:left":"no","sidewalk:right":"separate","surface":"concrete","osm_id":979574260},"geometry":{"type":"LineString","coordinates":[[-122.3639718,47.6694266],[-122.3639726,47.6694309],[-122.3639742,47.6694406],[-122.3639834,47.6694532],[-122.3639984,47.6694631],[-122.3640175,47.6694689],[-122.3640253,47.6694693],[-122.3640384,47.6694701],[-122.3640586,47.6694664],[-122.3640759,47.6694584],[-122.3640873,47.6694478],[-122.3640933,47.6694354],[-122.3640933,47.669429],[-122.3640933,47.6694223],[-122.3640871,47.6694099],[-122.3640755,47.6693995],[-122.3640596,47.669392],[-122.364041,47.6693882],[-122.3640322,47.6693884],[-122.3640216,47.6693885],[-122.3640034,47.669393],[-122.3639881,47.669401],[-122.3639767,47.6694128],[-122.3639718,47.6694266]]}},{"type":"Feature","id":"way/979574261/1345","properties":{"highway":"residential","junction":"roundabout","lanes":"1","maxspeed":"20 mph","oneway":"yes","sidewalk:left":"no","sidewalk:right":"separate","osm_id":979574261},"geometry":{"type":"LineString","coordinates":[[-122.3650475,47.6694301],[-122.3650481,47.6694332],[-122.3650501,47.6694446],[-122.3650598,47.6694577],[-122.3650755,47.6694678],[-122.3650953,47.6694737],[-122.3651087,47.6694744],[-122.365117,47.6694748],[-122.3651379,47.6694709],[-122.3651556,47.6694624],[-122.3651673,47.6694515],[-122.3651733,47.6694386],[-122.3651732,47.6694342],[-122.3651731,47.6694251],[-122.3651665,47.6694123],[-122.3651544,47.6694016],[-122.3651379,47.6693939],[-122.3651187,47.6693901],[-122.36511,47.6693903],[-122.3650986,47.6693906],[-122.3650798,47.6693952],[-122.3650641,47.6694036],[-122.3650524,47.6694159],[-122.3650475,47.6694301]]}},{"type":"Feature","id":"way/979582371/1346","properties":{"highway":"residential","lanes":"2","maxspeed":"20 mph","name":"1st Avenue Northwest","sidewalk:both":"separate","osm_id":979582371},"geometry":{"type":"LineString","coordinates":[[-122.3574021,47.6669034],[-122.3574019,47.6669306],[-122.3573975,47.667514],[-122.3573958,47.6678769],[-122.3573956,47.6679315],[-122.3573989,47.668129],[-122.3573999,47.6681858],[-122.357399,47.6682312],[-122.3573979,47.6682891],[-122.3573847,47.668623],[-122.3573824,47.6686818]]}},{"type":"Feature","id":"way/979582372/1347","properties":{"highway":"residential","junction":"roundabout","lanes":"1","maxspeed":"20 mph","oneway":"yes","sidewalk:left":"no","sidewalk:right":"separate","osm_id":979582372},"geometry":{"type":"LineString","coordinates":[[-122.3573368,47.6668549],[-122.3573375,47.6668595],[-122.3573392,47.6668707],[-122.3573493,47.6668849],[-122.357366,47.666896],[-122.3573874,47.6669026],[-122.3574021,47.6669034],[-122.3574107,47.6669039],[-122.3574334,47.6668998],[-122.3574526,47.6668908],[-122.3574673,47.6668754],[-122.3574719,47.6668654],[-122.3574718,47.6668596],[-122.3574701,47.6668451],[-122.3574651,47.6668373],[-122.3574524,47.6668256],[-122.3574349,47.6668173],[-122.3574145,47.666813],[-122.3574031,47.6668131],[-122.357393,47.6668132],[-122.3573728,47.6668178],[-122.3573557,47.6668265],[-122.3573426,47.6668396],[-122.3573368,47.6668549]]}},{"type":"Feature","id":"way/979582379/1348","properties":{"highway":"residential","lanes":"2","maxspeed":"20 mph","name":"North 48th Street","sidewalk:both":"separate","osm_id":979582379},"geometry":{"type":"LineString","coordinates":[[-122.357,47.663593552674904],[-122.3570434,47.6635934],[-122.3571309,47.6635931]]}},{"type":"Feature","id":"way/979584606/1349","properties":{"highway":"residential","junction":"roundabout","lanes":"1","maxspeed":"20 mph","oneway":"yes","sidewalk:left":"no","sidewalk:right":"separate","osm_id":979584606},"geometry":{"type":"LineString","coordinates":[[-122.3685678,47.6678822],[-122.3685689,47.6678895],[-122.3685696,47.6678948],[-122.3685776,47.6679062],[-122.3685909,47.6679151],[-122.3686079,47.6679204],[-122.3686202,47.6679211],[-122.3686265,47.6679215],[-122.3686446,47.6679183],[-122.36866,47.6679112],[-122.3686702,47.6679019],[-122.3686756,47.667891],[-122.3686756,47.6678884],[-122.3686756,47.6678794],[-122.3686704,47.6678685],[-122.3686603,47.6678591],[-122.3686464,47.6678524],[-122.3686301,47.6678489],[-122.3686171,47.667849],[-122.368613,47.667849],[-122.3685968,47.6678527],[-122.368583,47.6678596],[-122.3685725,47.66787],[-122.3685678,47.6678822]]}},{"type":"Feature","id":"way/979584607/1350","properties":{"highway":"residential","junction":"roundabout","lanes":"1","maxspeed":"20 mph","oneway":"yes","sidewalk:left":"no","sidewalk:right":"separate","osm_id":979584607},"geometry":{"type":"LineString","coordinates":[[-122.3707166,47.6678786],[-122.3707189,47.667891],[-122.3707272,47.6679021],[-122.3707406,47.6679107],[-122.3707575,47.6679157],[-122.370776,47.6679167],[-122.3707938,47.6679134],[-122.370809,47.6679062],[-122.3708192,47.6678968],[-122.3708245,47.6678857],[-122.3708244,47.6678807],[-122.3708243,47.6678741],[-122.3708187,47.6678631],[-122.3708082,47.6678538],[-122.3707939,47.6678472],[-122.3707773,47.667844],[-122.3707699,47.6678442],[-122.37076,47.6678445],[-122.3707438,47.6678486],[-122.3707304,47.6678559],[-122.3707206,47.6678664],[-122.3707166,47.6678786]]}},{"type":"Feature","id":"way/979624827/1351","properties":{"highway":"residential","lanes":"2","lit":"yes","maxspeed":"20 mph","name":"Northwest 52nd Street","oneway":"no","sidewalk:both":"separate","surface":"concrete","osm_id":979624827},"geometry":{"type":"LineString","coordinates":[[-122.3608068,47.6664594],[-122.3609237,47.6664591],[-122.3631971,47.666453],[-122.3632083,47.6664529]]}},{"type":"Feature","id":"way/979624828/1352","properties":{"bicycle":"designated","cycleway":"shared_lane","highway":"residential","lanes":"2","maxspeed":"20 mph","name":"6th Avenue Northwest","sidewalk:both":"separate","osm_id":979624828},"geometry":{"type":"LineString","coordinates":[[-122.3632762,47.6650221],[-122.3632766,47.6650817],[-122.3632805,47.6656499],[-122.3632811,47.6657302],[-122.3632831,47.6658035],[-122.3632988,47.6663857],[-122.363299,47.666393]]}},{"type":"Feature","id":"way/979624829/1353","properties":{"bicycle":"designated","cycleway:left":"no","cycleway:right":"shared_lane","cycleway:right:lane":"pictogram","highway":"residential","junction":"roundabout","lanes":"1","maxspeed":"20 mph","oneway":"yes","sidewalk:left":"no","sidewalk:right":"separate","osm_id":979624829},"geometry":{"type":"LineString","coordinates":[[-122.3632079,47.6664432],[-122.3632083,47.6664529],[-122.3632086,47.6664636],[-122.3632194,47.6664827],[-122.3632391,47.6664983],[-122.3632654,47.6665084],[-122.3632953,47.6665121],[-122.3633252,47.6665088],[-122.3633517,47.6664989],[-122.3633707,47.6664847],[-122.3633821,47.6664672],[-122.3633836,47.6664566],[-122.3633848,47.6664481],[-122.3633784,47.6664295],[-122.3633637,47.6664132],[-122.363342,47.6664008],[-122.3633157,47.6663937],[-122.363299,47.666393],[-122.3632874,47.6663925],[-122.36326,47.6663973],[-122.3632362,47.6664077],[-122.3632175,47.6664238],[-122.3632079,47.6664432]]}},{"type":"Feature","id":"way/979624830/1354","properties":{"highway":"residential","junction":"roundabout","lanes":"1","maxspeed":"20 mph","oneway":"yes","sidewalk:left":"no","sidewalk:right":"separate","osm_id":979624830},"geometry":{"type":"LineString","coordinates":[[-122.3685642,47.6664218],[-122.3685664,47.666434],[-122.3685743,47.666445],[-122.3685872,47.6664538],[-122.3686036,47.6664592],[-122.3686183,47.6664604],[-122.3686218,47.6664607],[-122.3686396,47.6664581],[-122.3686553,47.6664518],[-122.368667,47.6664424],[-122.3686735,47.6664311],[-122.368674,47.6664226],[-122.3686742,47.6664189],[-122.368669,47.6664072],[-122.3686585,47.6663972],[-122.3686438,47.6663901],[-122.3686265,47.6663866],[-122.3686192,47.6663868],[-122.3686084,47.666387],[-122.3685914,47.6663914],[-122.3685775,47.6663992],[-122.3685681,47.6664097],[-122.3685642,47.6664218]]}},{"type":"Feature","id":"way/979624831/1355","properties":{"highway":"residential","junction":"roundabout","lanes":"1","maxspeed":"20 mph","oneway":"yes","sidewalk:left":"no","sidewalk:right":"separate","osm_id":979624831},"geometry":{"type":"LineString","coordinates":[[-122.3685549,47.6656895],[-122.3685557,47.6657005],[-122.368556,47.6657052],[-122.3685649,47.6657199],[-122.3685805,47.6657316],[-122.368601,47.6657392],[-122.3686242,47.6657418],[-122.3686473,47.665739],[-122.3686676,47.6657312],[-122.3686823,47.6657199],[-122.3686909,47.6657062],[-122.3686916,47.6656996],[-122.3686926,47.6656913],[-122.3686872,47.6656768],[-122.3686753,47.6656642],[-122.368658,47.6656547],[-122.3686373,47.6656495],[-122.3686234,47.6656491],[-122.3686151,47.6656489],[-122.3685938,47.6656531],[-122.3685756,47.6656616],[-122.3685617,47.6656744],[-122.3685549,47.6656895]]}},{"type":"Feature","id":"way/979638476/1356","properties":{"cycleway:both":"no","highway":"residential","lanes":"1","lit":"no","maxspeed":"20 mph","name":"Northwest 48th Street","oneway":"yes","sidewalk:both":"separate","surface":"concrete","osm_id":979638476},"geometry":{"type":"LineString","coordinates":[[-122.3659463,47.6636515],[-122.3660109,47.6636718],[-122.3660487,47.6636721],[-122.3662005,47.6636514]]}},{"type":"Feature","id":"way/979638477/1357","properties":{"bicycle":"designated","cycleway":"shared_lane","highway":"residential","junction":"roundabout","lanes":"1","maxspeed":"20 mph","oneway":"yes","sidewalk:left":"no","sidewalk:right":"separate","osm_id":979638477},"geometry":{"type":"LineString","coordinates":[[-122.3639346,47.6629138],[-122.3639353,47.6629202],[-122.3639365,47.6629317],[-122.3639469,47.6629477],[-122.3639653,47.6629613],[-122.3639889,47.6629696],[-122.3640153,47.6629722],[-122.3640415,47.6629688],[-122.3640644,47.6629596],[-122.364081,47.6629466],[-122.3640905,47.6629307],[-122.3640913,47.6629218],[-122.364092,47.6629135],[-122.3640854,47.6628969],[-122.3640712,47.6628827],[-122.3640511,47.6628721],[-122.364027,47.6628665],[-122.3640121,47.6628664],[-122.3640015,47.6628663],[-122.3639773,47.6628715],[-122.3639567,47.6628817],[-122.3639482,47.66289],[-122.3639416,47.6628965],[-122.3639346,47.6629138]]}},{"type":"Feature","id":"way/979638478/1358","properties":{"bicycle":"designated","cycleway":"shared_lane","highway":"residential","junction":"roundabout","lanes":"1","maxspeed":"20 mph","oneway":"yes","sidewalk:left":"no","sidewalk:right":"separate","osm_id":979638478},"geometry":{"type":"LineString","coordinates":[[-122.3639585,47.6621763],[-122.363954,47.6621912],[-122.363956,47.6622055],[-122.3639659,47.6622198],[-122.3639824,47.6622311],[-122.3640035,47.662238],[-122.3640269,47.6622397],[-122.3640463,47.6622369],[-122.3640638,47.6622306],[-122.3640778,47.6622211],[-122.3640872,47.6622093],[-122.3640914,47.6621939],[-122.3640898,47.6621837],[-122.3640835,47.6621719],[-122.3640727,47.6621617],[-122.3640582,47.6621538],[-122.3640412,47.6621488],[-122.3640227,47.6621471],[-122.3640024,47.6621491],[-122.3639839,47.662155],[-122.3639689,47.6621643],[-122.3639585,47.6621763]]}},{"type":"Feature","id":"way/979638479/1359","properties":{"bicycle":"designated","cycleway":"shared_lane","highway":"residential","junction":"roundabout","lanes":"1","maxspeed":"20 mph","oneway":"yes","sidewalk:left":"no","sidewalk:right":"separate","osm_id":979638479},"geometry":{"type":"LineString","coordinates":[[-122.3639328,47.6614563],[-122.3639339,47.6614647],[-122.3639354,47.6614765],[-122.3639478,47.6614949],[-122.3639686,47.6615094],[-122.3639955,47.6615184],[-122.3640181,47.6615203],[-122.3640253,47.6615209],[-122.3640546,47.6615164],[-122.36408,47.6615057],[-122.3640977,47.6614908],[-122.3641076,47.661473],[-122.364108,47.6614658],[-122.3641086,47.661454],[-122.3641006,47.6614357],[-122.3640845,47.6614201],[-122.3640619,47.6614087],[-122.3640351,47.6614027],[-122.3640199,47.6614026],[-122.3640068,47.6614026],[-122.36398,47.6614086],[-122.3639573,47.66142],[-122.3639404,47.6614367],[-122.3639328,47.6614563]]}},{"type":"Feature","id":"way/979647201/1360","properties":{"cycleway:both":"no","highway":"residential","lanes":"2","lit":"yes","maxspeed":"20 mph","name":"Northwest 45th Street","sidewalk:both":"separate","surface":"concrete","osm_id":979647201},"geometry":{"type":"LineString","coordinates":[[-122.3621988,47.6614565],[-122.362229,47.6614576],[-122.3623134,47.6614605],[-122.3634412,47.6614617],[-122.3638787,47.6614644],[-122.3639187,47.6614646],[-122.3639339,47.6614647]]}},{"type":"Feature","id":"way/979647202/1361","properties":{"highway":"residential","junction":"roundabout","lanes":"1","maxspeed":"20 mph","oneway":"yes","sidewalk:left":"no","sidewalk:right":"separate","osm_id":979647202},"geometry":{"type":"LineString","coordinates":[[-122.3621077,47.6614485],[-122.362109,47.6614557],[-122.3621095,47.6614586],[-122.3621161,47.6614677],[-122.3621267,47.6614749],[-122.3621402,47.6614795],[-122.3621552,47.6614808],[-122.36217,47.6614789],[-122.362183,47.6614738],[-122.3621931,47.661466],[-122.3621988,47.6614565],[-122.3621996,47.6614462],[-122.3621954,47.6614363],[-122.3621866,47.6614279],[-122.3621742,47.6614219],[-122.3621595,47.661419],[-122.3621542,47.6614191],[-122.3621443,47.6614194],[-122.3621301,47.6614231],[-122.3621184,47.6614298],[-122.3621108,47.6614385],[-122.3621077,47.6614485]]}},{"type":"Feature","id":"way/979875189/1362","properties":{"highway":"residential","junction":"roundabout","lanes":"1","maxspeed":"20 mph","oneway":"yes","sidewalk:left":"no","sidewalk:right":"separate","surface":"concrete","osm_id":979875189},"geometry":{"type":"LineString","coordinates":[[-122.358341,47.6602189],[-122.3583442,47.6602317],[-122.3583537,47.660243],[-122.3583682,47.6602514],[-122.3583862,47.6602561],[-122.3583954,47.6602563],[-122.3584054,47.6602564],[-122.3584237,47.6602524],[-122.3584389,47.6602444],[-122.3584487,47.6602344],[-122.3584532,47.6602227],[-122.3584527,47.6602169],[-122.3584522,47.6602107],[-122.3584456,47.6601995],[-122.3584341,47.6601903],[-122.3584188,47.6601839],[-122.3584014,47.6601811],[-122.3583945,47.6601815],[-122.3583836,47.6601822],[-122.3583672,47.6601869],[-122.3583538,47.6601949],[-122.3583443,47.6602061],[-122.358341,47.6602189]]}},{"type":"Feature","id":"way/979875190/1363","properties":{"highway":"residential","junction":"roundabout","lanes":"1","maxspeed":"20 mph","oneway":"yes","sidewalk:left":"no","sidewalk:right":"separate","surface":"concrete","osm_id":979875190},"geometry":{"type":"LineString","coordinates":[[-122.3595457,47.6589553],[-122.3595493,47.658969],[-122.3595594,47.6589811],[-122.3595748,47.6589903],[-122.3595939,47.6589956],[-122.3596059,47.658996],[-122.3596145,47.6589964],[-122.3596343,47.6589925],[-122.3596512,47.6589845],[-122.359663,47.6589735],[-122.3596689,47.6589606],[-122.3596687,47.6589565],[-122.3596683,47.658947],[-122.3596613,47.6589343],[-122.3596486,47.6589238],[-122.3596316,47.6589165],[-122.359612,47.6589134],[-122.3596062,47.6589137],[-122.3595919,47.6589146],[-122.3595735,47.6589201],[-122.3595588,47.6589293],[-122.359549,47.6589416],[-122.3595457,47.6589553]]}},{"type":"Feature","id":"way/981049797/1364","properties":{"bicycle":"designated","cycleway":"no","hgv":"designated","highway":"tertiary","lanes":"2","maxspeed":"25 mph","name":"Shilshole Avenue Northwest","parking:both":"on_kerb","parking:left:orientation":"diagonal","parking:right:orientation":"parallel","sidewalk:left":"separate","sidewalk:right":"no","snowplowing":"no","source:hgv":"https://www.seattle.gov/Documents/Departments/SDOT/Services/Permits/MajorTruckStreets.pdf","surface":"concrete","winter_service":"no","osm_id":981049797},"geometry":{"type":"LineString","coordinates":[[-122.3856595,47.6671231],[-122.3849603,47.6666489]]}},{"type":"Feature","id":"way/982151287/1365","properties":{"highway":"service","layer":"1","name":"Dock 3","osm_id":982151287},"geometry":{"type":"LineString","coordinates":[[-122.3772446,47.6558023],[-122.3772425,47.6568215]]}},{"type":"Feature","id":"way/982151288/1366","properties":{"highway":"service","layer":"1","name":"Dock 5","osm_id":982151288},"geometry":{"type":"LineString","coordinates":[[-122.3787688,47.655803],[-122.3787624,47.65677]]}},{"type":"Feature","id":"way/982151289/1367","properties":{"highway":"service","layer":"1","name":"Dock 6","osm_id":982151289},"geometry":{"type":"LineString","coordinates":[[-122.3795606,47.6558032],[-122.3795628,47.656124]]}},{"type":"Feature","id":"way/982151403/1368","properties":{"bicycle":"yes","highway":"pedestrian","name":"West Thurman Street","surface":"asphalt","osm_id":982151403},"geometry":{"type":"LineString","coordinates":[[-122.3810761,47.6558061],[-122.3816316,47.6558077]]}},{"type":"Feature","id":"way/989829712/1369","properties":{"bicycle":"designated","foot":"designated","highway":"cycleway","surface":"concrete","osm_id":989829712},"geometry":{"type":"LineString","coordinates":[[-122.3800496,47.6540634],[-122.3792558,47.6540616]]}},{"type":"Feature","id":"way/991528926/1370","properties":{"highway":"residential","lanes":"2","maxspeed":"20 mph","name":"13th Avenue West","surface":"concrete","osm_id":991528926},"geometry":{"type":"LineString","coordinates":[[-122.3736248,47.6503947],[-122.3736241,47.6504055],[-122.3736395,47.6521969],[-122.3736394,47.6522493],[-122.3736549,47.6539568],[-122.3736369,47.6540167],[-122.3736176,47.6540742],[-122.3736181,47.6542568],[-122.3736142,47.654436],[-122.3736176,47.6547527],[-122.3736131,47.6547862],[-122.3736118,47.6550915],[-122.373611,47.6552857],[-122.373611,47.6553797],[-122.3735807,47.6554946],[-122.3735579,47.655588],[-122.373556,47.6555959]]}},{"type":"Feature","id":"way/991528927/1371","properties":{"highway":"residential","incline":"up","lanes":"2","maxspeed":"20 mph","name":"West Bertona Street","sidewalk:both":"separate","osm_id":991528927},"geometry":{"type":"LineString","coordinates":[[-122.3736891,47.6503491],[-122.3737085,47.650349],[-122.3742609,47.6503455],[-122.3748311,47.6503436],[-122.3749142,47.6503433]]}},{"type":"Feature","id":"way/991528928/1372","properties":{"highway":"residential","junction":"roundabout","lanes":"1","maxspeed":"20 mph","oneway":"yes","osm_id":991528928},"geometry":{"type":"LineString","coordinates":[[-122.3735516,47.6503453],[-122.373552,47.6503487],[-122.3735533,47.6503598],[-122.3735616,47.6503733],[-122.3735757,47.6503844],[-122.3735942,47.650392],[-122.3736153,47.6503953],[-122.3736248,47.6503947],[-122.3736369,47.650394],[-122.3736568,47.6503883],[-122.3736731,47.6503788],[-122.3736849,47.6503649],[-122.3736891,47.6503491],[-122.373685,47.6503333],[-122.3736732,47.6503194],[-122.3736551,47.6503091],[-122.3736328,47.6503035],[-122.373609,47.6503033],[-122.3735866,47.6503086],[-122.3735682,47.6503187],[-122.3735568,47.6503311],[-122.3735516,47.6503453]]}},{"type":"Feature","id":"way/991592487/1373","properties":{"highway":"residential","lanes":"2","maxspeed":"20 mph","name":"Queen Anne Avenue North","osm_id":991592487},"geometry":{"type":"LineString","coordinates":[[-122.3576921,47.6487099],[-122.357692,47.6487238],[-122.3576909,47.6490954],[-122.3576908,47.6493673],[-122.3576888,47.6494702],[-122.3576887,47.6495444]]}},{"type":"Feature","id":"way/991592488/1374","properties":{"highway":"residential","junction":"roundabout","lanes":"1","maxspeed":"20 mph","oneway":"yes","osm_id":991592488},"geometry":{"type":"LineString","coordinates":[[-122.3576206,47.6486626],[-122.3576246,47.6486787],[-122.3576364,47.648693],[-122.3576547,47.6487037],[-122.3576773,47.6487096],[-122.3576921,47.6487099],[-122.3577015,47.64871],[-122.3577246,47.6487049],[-122.3577436,47.6486948],[-122.3577557,47.6486822],[-122.3577614,47.6486676],[-122.3577608,47.6486614],[-122.35776,47.6486526],[-122.3577517,47.6486387],[-122.3577374,47.6486272],[-122.3577185,47.6486192],[-122.3577062,47.6486173],[-122.3576969,47.6486156],[-122.3576826,47.6486163],[-122.3576729,47.6486171],[-122.3576541,47.6486226],[-122.3576372,47.6486324],[-122.357625,47.6486465],[-122.3576206,47.6486626]]}},{"type":"Feature","id":"way/993824954/1375","properties":{"bicycle":"designated","highway":"residential","lanes":"2","maxspeed":"20 mph","motor_vehicle":"no","name":"Northwest 53rd Street","sidewalk":"separate","surface":"asphalt","osm_id":993824954},"geometry":{"type":"LineString","coordinates":[[-122.3761522,47.667165],[-122.3762733,47.6671656]]}},{"type":"Feature","id":"way/995258684/1376","properties":{"highway":"primary_link","lanes":"2","maxspeed":"30 mph","oneway":"yes","surface":"asphalt","osm_id":995258684},"geometry":{"type":"LineString","coordinates":[[-122.3767698,47.6493312],[-122.3767733,47.6490185],[-122.3767731,47.6489676]]}},{"type":"Feature","id":"way/995947421/1377","properties":{"bicycle":"designated","cycleway":"shared_lane","hgv":"designated","highway":"primary","lanes":"4","lanes:backward":"1","lanes:both_ways":"1","lanes:forward":"2","lcn":"yes","lit":"yes","maxspeed":"25 mph","name":"West Nickerson Street","source:hgv":"https://www.seattle.gov/Documents/Departments/SDOT/Services/Permits/MajorTruckStreets.pdf","surface":"asphalt","turn:lanes:both_ways":"left","osm_id":995947421},"geometry":{"type":"LineString","coordinates":[[-122.3723628,47.6551994],[-122.372448,47.6552489],[-122.3725415,47.6553024]]}},{"type":"Feature","id":"way/995947422/1378","properties":{"bicycle":"designated","cycleway:left":"lane","cycleway:right":"shared_lane","hgv":"designated","highway":"primary","lanes":"3","lanes:backward":"1","lanes:both_ways":"1","lanes:forward":"1","lcn":"yes","lit":"yes","maxspeed":"25 mph","name":"West Nickerson Street","parking:lane:both":"parallel","source:hgv":"https://www.seattle.gov/Documents/Departments/SDOT/Services/Permits/MajorTruckStreets.pdf","surface":"asphalt","turn:lanes:both_ways":"left","osm_id":995947422},"geometry":{"type":"LineString","coordinates":[[-122.3721474,47.6550788],[-122.3723134,47.6551715],[-122.3723628,47.6551994]]}},{"type":"Feature","id":"way/1002066256/1379","properties":{"highway":"cycleway","osm_id":1002066256},"geometry":{"type":"LineString","coordinates":[[-122.3858607,47.6553899],[-122.385783,47.6554354]]}},{"type":"Feature","id":"way/1002066257/1380","properties":{"highway":"cycleway","osm_id":1002066257},"geometry":{"type":"LineString","coordinates":[[-122.384637,47.653988],[-122.3845491,47.6540163]]}},{"type":"Feature","id":"way/1002066258/1381","properties":{"highway":"cycleway","osm_id":1002066258},"geometry":{"type":"LineString","coordinates":[[-122.3832914,47.6521648],[-122.3831806,47.6522036]]}},{"type":"Feature","id":"way/1002066259/1382","properties":{"highway":"cycleway","osm_id":1002066259},"geometry":{"type":"LineString","coordinates":[[-122.3820467,47.6503297],[-122.3819683,47.6503315]]}},{"type":"Feature","id":"way/1013919364/1383","properties":{"bicycle":"yes","highway":"service","maxspeed":"20 mph","name":"West Ewing Street","surface":"paved","osm_id":1013919364},"geometry":{"type":"LineString","coordinates":[[-122.3645386,47.6524097],[-122.3647839,47.6524649],[-122.3650315,47.6525211],[-122.3653299,47.6525888],[-122.3654132,47.6526092],[-122.3656976,47.6526788],[-122.3659998,47.6527628],[-122.3660486,47.6527764],[-122.3663718,47.6528703],[-122.3665621,47.6529335],[-122.3666191,47.6529549]]}},{"type":"Feature","id":"way/1019649392/1384","properties":{"highway":"secondary","lanes":"3","lanes:backward":"1","lanes:forward":"2","lcn":"yes","maxspeed":"25 mph","name":"20th Avenue West","sidewalk:both":"separate","surface":"asphalt","osm_id":1019649392},"geometry":{"type":"LineString","coordinates":[[-122.3820709,47.6482152],[-122.3820625,47.6483307],[-122.3820542,47.6484615]]}},{"type":"Feature","id":"way/1026914490/1385","properties":{"highway":"service","lanes":"3","oneway":"yes","tunnel":"building_passage","osm_id":1026914490},"geometry":{"type":"LineString","coordinates":[[-122.3766383,47.6699764],[-122.3764854,47.6699761]]}},{"type":"Feature","id":"way/1026914491/1386","properties":{"highway":"service","lanes":"3","oneway":"yes","surface":"asphalt","osm_id":1026914491},"geometry":{"type":"LineString","coordinates":[[-122.3767502,47.6699766],[-122.3766383,47.6699764]]}},{"type":"Feature","id":"way/1028923658/1387","properties":{"highway":"service","surface":"concrete","osm_id":1028923658},"geometry":{"type":"LineString","coordinates":[[-122.3808509,47.6632053],[-122.3807172,47.6632659],[-122.380444,47.6633899]]}},{"type":"Feature","id":"way/1028923659/1388","properties":{"highway":"service","osm_id":1028923659},"geometry":{"type":"LineString","coordinates":[[-122.3812706,47.6630808],[-122.3818374,47.6627879],[-122.3819017,47.6627834],[-122.3822089,47.6630011]]}},{"type":"Feature","id":"way/1028978401/1389","properties":{"highway":"service","osm_id":1028978401},"geometry":{"type":"LineString","coordinates":[[-122.3724865,47.6686682],[-122.3724835,47.6687789],[-122.3724812,47.6688618],[-122.3724503,47.6689042]]}},{"type":"Feature","id":"way/1028978402/1390","properties":{"highway":"service","osm_id":1028978402},"geometry":{"type":"LineString","coordinates":[[-122.3729536,47.6697952],[-122.372756,47.6697955]]}},{"type":"Feature","id":"way/1034186248/1391","properties":{"access":"destination","highway":"service","service":"alley","osm_id":1034186248},"geometry":{"type":"LineString","coordinates":[[-122.3729656,47.6660313],[-122.3727219,47.6660336]]}},{"type":"Feature","id":"way/1040522107/1392","properties":{"highway":"service","surface":"asphalt","osm_id":1040522107},"geometry":{"type":"LineString","coordinates":[[-122.3661936,47.6612407],[-122.3663552,47.6612407],[-122.3665336,47.6612408],[-122.3667487,47.66124],[-122.3667588,47.6612355],[-122.3669035,47.6611713]]}},{"type":"Feature","id":"way/1043670136/1393","properties":{"highway":"tertiary","lanes":"2","maxspeed":"25 mph","name":"20th Avenue Northwest","sidewalk":"separate","snowplowing":"yes","surface":"asphalt","winter_service":"yes","winter_service:priority":"2","osm_id":1043670136},"geometry":{"type":"LineString","coordinates":[[-122.3823406,47.6668559],[-122.3822152,47.6669127],[-122.3821648,47.6669734],[-122.3821615,47.6677439],[-122.3821616,47.667804],[-122.3821617,47.6678629],[-122.3821615,47.6680052],[-122.3821614,47.6680907],[-122.3821612,47.6681562],[-122.3821608,47.6682337],[-122.3821592,47.6685645],[-122.3821604,47.6686665]]}},{"type":"Feature","id":"way/1043670138/1394","properties":{"cycleway:both":"no","highway":"secondary","lanes":"4","maxspeed":"25 mph","name":"Leary Avenue Northwest","sidewalk:both":"separate","surface":"asphalt","osm_id":1043670138},"geometry":{"type":"LineString","coordinates":[[-122.3800263,47.6649022],[-122.3801174,47.6649788],[-122.3802042,47.6650517],[-122.3805474,47.6653329],[-122.3806412,47.6654098],[-122.3807637,47.6655101],[-122.3808152,47.6655523],[-122.3808783,47.665609],[-122.3809105,47.6656379],[-122.3811088,47.665807],[-122.3813667,47.6660257],[-122.3819089,47.6664855]]}},{"type":"Feature","id":"way/1051246043/1395","properties":{"cycleway:right":"no","dual_carriageway":"yes","hgv":"designated","highway":"primary","lanes":"3","maxspeed":"30 mph","name":"15th Avenue Northwest","old_name":"Main Street (Ballard)","oneway":"yes","parking:lane:both":"no_stopping","sidewalk:left":"no","sidewalk:right":"separate","snowplowing":"yes","source:hgv":"https://www.seattle.gov/Documents/Departments/SDOT/Services/Permits/MajorTruckStreets.pdf","surface":"asphalt","turn:lanes":"none|none|merge_to_left","winter_service":"yes","winter_service:priority":"1","osm_id":1051246043},"geometry":{"type":"LineString","coordinates":[[-122.3761358,47.6686683],[-122.3761357,47.6687877],[-122.3761318,47.6690946]]}},{"type":"Feature","id":"way/1055084232/1396","properties":{"dual_carriageway":"yes","highway":"tertiary","lanes":"1","maxspeed":"20 mph","name":"14th Avenue Northwest","oneway":"yes","parking:both":"separate","sidewalk:left":"no","sidewalk:right":"separate","source":"Local Knwoladge","surface":"asphalt","osm_id":1055084232},"geometry":{"type":"LineString","coordinates":[[-122.3735061,47.6682609],[-122.3735003,47.6684415]]}},{"type":"Feature","id":"way/1062795770/1397","properties":{"highway":"service","service":"parking_aisle","osm_id":1062795770},"geometry":{"type":"LineString","coordinates":[[-122.3691538,47.6619994],[-122.3689041,47.6619983]]}},{"type":"Feature","id":"way/1062795771/1398","properties":{"highway":"service","service":"parking_aisle","osm_id":1062795771},"geometry":{"type":"LineString","coordinates":[[-122.3705137,47.6620052],[-122.3691538,47.6619994]]}},{"type":"Feature","id":"way/1062795772/1399","properties":{"highway":"service","oneway":"yes","osm_id":1062795772},"geometry":{"type":"LineString","coordinates":[[-122.3707646,47.6625337],[-122.3709603,47.6625301],[-122.3709733,47.6625265],[-122.3709835,47.6625173],[-122.3709892,47.6621906]]}},{"type":"Feature","id":"way/1062795779/1400","properties":{"highway":"service","osm_id":1062795779},"geometry":{"type":"LineString","coordinates":[[-122.3837009,47.666136],[-122.383745,47.6661751],[-122.3838859,47.6663]]}},{"type":"Feature","id":"way/1062795780/1401","properties":{"highway":"service","osm_id":1062795780},"geometry":{"type":"LineString","coordinates":[[-122.3828881,47.6718713],[-122.3828439,47.6718758],[-122.3828264,47.6718632],[-122.3828273,47.6717176],[-122.3828278,47.671638]]}},{"type":"Feature","id":"way/1062795781/1402","properties":{"highway":"service","osm_id":1062795781},"geometry":{"type":"LineString","coordinates":[[-122.3821486,47.6718337],[-122.3822555,47.6718343],[-122.3823597,47.6718348]]}},{"type":"Feature","id":"way/1064728902/1403","properties":{"highway":"residential","lanes":"2","maxspeed":"20 mph","name":"Northwest 57th Street","sidewalk:both":"separate","surface":"asphalt","osm_id":1064728902},"geometry":{"type":"LineString","coordinates":[[-122.3686721,47.6701662],[-122.3687283,47.6701662],[-122.3696235,47.6701654],[-122.3706567,47.670169],[-122.3707709,47.6701694]]}},{"type":"Feature","id":"way/1064730955/1404","properties":{"highway":"residential","lanes":"2","maxspeed":"20 mph","name":"17th Avenue Northwest","old_name":"First Avenue West (Ballard)","sidewalk:left":"separate","sidewalk:right":"no","surface":"asphalt","osm_id":1064730955},"geometry":{"type":"LineString","coordinates":[[-122.3788902,47.6636239],[-122.3788887,47.6637178],[-122.3788844,47.6639532]]}},{"type":"Feature","id":"way/1064748678/1405","properties":{"highway":"residential","lanes":"2","maxspeed":"20 mph","name":"Northwest 56th Street","old_name":"State Street","sidewalk:both":"separate","surface":"concrete","osm_id":1064748678},"geometry":{"type":"LineString","coordinates":[[-122.3707689,47.6694413],[-122.3708855,47.6694414],[-122.3729547,47.6694427],[-122.3731344,47.6694423],[-122.373443,47.6694429],[-122.3734946,47.669443]]}},{"type":"Feature","id":"way/1064748679/1406","properties":{"highway":"primary","lanes":"4","lit":"yes","maxspeed":"25 mph","name":"Northwest Market Street","old_name":"Broadway (Ballard)","sidewalk:both":"separate","snowplowing":"yes","surface":"asphalt","trolley_wire":"yes","winter_service":"yes","winter_service:priority":"1","osm_id":1064748679},"geometry":{"type":"LineString","coordinates":[[-122.3668847,47.6686593],[-122.3685041,47.6686619],[-122.3686221,47.668662]]}},{"type":"Feature","id":"way/1064748680/1407","properties":{"highway":"primary","lanes":"4","lit":"yes","maxspeed":"25 mph","name":"Northwest Market Street","old_name":"Broadway (Ballard)","sidewalk:both":"separate","snowplowing":"yes","surface":"asphalt","trolley_wire":"yes","winter_service":"yes","winter_service:priority":"1","osm_id":1064748680},"geometry":{"type":"LineString","coordinates":[[-122.3686221,47.668662],[-122.3687313,47.6686622],[-122.3705012,47.668665],[-122.3706588,47.6686657],[-122.370765,47.6686661]]}},{"type":"Feature","id":"way/1064748681/1408","properties":{"highway":"residential","lanes":"2","maxspeed":"20 mph","name":"11th Avenue Northwest","sidewalk":"separate","surface":"concrete","osm_id":1064748681},"geometry":{"type":"LineString","coordinates":[[-122.370776,47.6679167],[-122.3707766,47.6679663],[-122.3707669,47.668554],[-122.370765,47.6686661]]}},{"type":"Feature","id":"way/1064748682/1409","properties":{"highway":"residential","lanes":"2","maxspeed":"20 mph","name":"11th Avenue Northwest","sidewalk:both":"separate","surface":"concrete","osm_id":1064748682},"geometry":{"type":"LineString","coordinates":[[-122.3707709,47.6701694],[-122.3707695,47.6702448],[-122.3707587,47.6708165],[-122.3707589,47.6708287],[-122.3707591,47.6708557]]}},{"type":"Feature","id":"way/1064748684/1410","properties":{"highway":"residential","lanes":"2","maxspeed":"20 mph","name":"5th Avenue Northwest","sidewalk:both":"separate","osm_id":1064748684},"geometry":{"type":"LineString","coordinates":[[-122.3629535,47.6708859],[-122.3629528,47.6709566],[-122.3629527,47.6709783],[-122.3629493262402,47.672]]}},{"type":"Feature","id":"way/1064748686/1411","properties":{"highway":"residential","lanes":"2","maxspeed":"20 mph","name":"7th Avenue Northwest","sidewalk":"separate","osm_id":1064748686},"geometry":{"type":"LineString","coordinates":[[-122.3651009,47.6709298],[-122.3651,47.6709535],[-122.365099,47.6709789],[-122.36508031607596,47.672]]}},{"type":"Feature","id":"way/1064911806/1412","properties":{"cycleway:both":"no","highway":"tertiary","lanes":"2","maxspeed":"25 mph","name":"3rd Avenue Northwest","sidewalk:both":"separate","snowplowing":"yes","surface":"asphalt","winter_service":"yes","winter_service:priority":"2","osm_id":1064911806},"geometry":{"type":"LineString","coordinates":[[-122.3607993,47.667261],[-122.3607996,47.667269],[-122.3608105,47.6678958],[-122.3608096,47.6686217],[-122.3608092,47.6686859]]}},{"type":"Feature","id":"way/1064911807/1413","properties":{"cycleway:both":"no","highway":"primary","lanes":"2","lit":"yes","maxspeed":"25 mph","name":"Northwest Market Street","parking:lane:both":"no_stopping","sidewalk:left":"no","sidewalk:right":"separate","snowplowing":"yes","surface":"concrete","trolley_wire":"yes","winter_service":"yes","winter_service:priority":"1","osm_id":1064911807},"geometry":{"type":"LineString","coordinates":[[-122.360675,47.6667077],[-122.3607686,47.6668663]]}},{"type":"Feature","id":"way/1064911808/1414","properties":{"highway":"tertiary","lanes":"2","maxspeed":"25 mph","name":"3rd Avenue Northwest","sidewalk:both":"separate","snowplowing":"yes","surface":"concrete","winter_service":"yes","winter_service:priority":"2","osm_id":1064911808},"geometry":{"type":"LineString","coordinates":[[-122.3610804,47.6551895],[-122.3609088,47.6552354],[-122.3608832,47.6552422],[-122.3608432,47.6553054],[-122.3608384,47.65551],[-122.3608367,47.6555798],[-122.3608363,47.6556338],[-122.3608354,47.6557555],[-122.3608331,47.6560678]]}},{"type":"Feature","id":"way/1064911809/1415","properties":{"highway":"residential","lanes":"2","maxspeed":"20 mph","name":"Northwest 40th Street","old_name":"Ross Place","sidewalk:both":"separate","osm_id":1064911809},"geometry":{"type":"LineString","coordinates":[[-122.3608331,47.6560678],[-122.3609315,47.6560668],[-122.3617378,47.6560586],[-122.3619115,47.6560568]]}},{"type":"Feature","id":"way/1064911810/1416","properties":{"highway":"residential","lanes":"2","maxspeed":"20 mph","name":"Northwest 42nd Street","sidewalk":"no","surface":"asphalt","osm_id":1064911810},"geometry":{"type":"LineString","coordinates":[[-122.3635782,47.6577877],[-122.3637572,47.6577799],[-122.3637761,47.657779],[-122.3640013,47.6577694]]}},{"type":"Feature","id":"way/1064911811/1417","properties":{"highway":"residential","lanes":"2","maxspeed":"20 mph","name":"Northwest 42nd Street","sidewalk:left":"no","sidewalk:right":"separate","surface":"asphalt","osm_id":1064911811},"geometry":{"type":"LineString","coordinates":[[-122.3640013,47.6577694],[-122.3640445,47.6577695],[-122.3645968,47.6577705],[-122.3646243,47.6577706],[-122.3647,47.6577707],[-122.3647576,47.6577727]]}},{"type":"Feature","id":"way/1064911812/1418","properties":{"highway":"residential","lanes":"2","lit":"yes","maxspeed":"20 mph","name":"8th Avenue Northwest","sidewalk:left":"separate","sidewalk:right":"no","surface":"asphalt","osm_id":1064911812},"geometry":{"type":"LineString","coordinates":[[-122.3660608,47.658951],[-122.3661194,47.6590083],[-122.3661219,47.6591608],[-122.3662276,47.6592659]]}},{"type":"Feature","id":"way/1064911813/1419","properties":{"highway":"residential","lanes":"2","lit":"yes","maxspeed":"20 mph","name":"Northwest 47th Street","sidewalk:both":"separate","surface":"asphalt","osm_id":1064911813},"geometry":{"type":"LineString","coordinates":[[-122.3661883,47.6629196],[-122.366343,47.66292],[-122.3666582,47.6629209],[-122.368112,47.6629248],[-122.368404,47.6629255],[-122.3685694,47.6629259]]}},{"type":"Feature","id":"way/1064911814/1420","properties":{"bicycle":"designated","highway":"residential","lanes":"2","lit":"yes","maxspeed":"20 mph","name":"8th Avenue Northwest","sidewalk":"no","surface":"asphalt","osm_id":1064911814},"geometry":{"type":"LineString","coordinates":[[-122.3662397,47.6599901],[-122.3662412,47.660077],[-122.3662417,47.6601093],[-122.3662433,47.6602032]]}},{"type":"Feature","id":"way/1064911815/1421","properties":{"highway":"residential","lanes":"2","maxspeed":"20 mph","name":"9th Avenue Northwest","sidewalk":"no","osm_id":1064911815},"geometry":{"type":"LineString","coordinates":[[-122.3686246,47.6621947],[-122.3686262,47.662265],[-122.3686288,47.6623737],[-122.3686218,47.6625837],[-122.3686164,47.6626126],[-122.368607,47.6626424],[-122.3685909,47.6626713],[-122.3685654,47.662693],[-122.3685542,47.6626993],[-122.3685363,47.6627094],[-122.3684124,47.6627651]]}},{"type":"Feature","id":"way/1064911816/1422","properties":{"highway":"residential","lanes":"2","maxspeed":"20 mph","name":"9th Avenue Northwest","sidewalk:both":"separate","surface":"asphalt","osm_id":1064911816},"geometry":{"type":"LineString","coordinates":[[-122.3686202,47.6679211],[-122.3686202,47.6679631],[-122.3686201,47.6685283],[-122.3686221,47.668662]]}},{"type":"Feature","id":"way/1064911821/1423","properties":{"dual_carriageway":"yes","highway":"tertiary","lanes":"1","maxspeed":"20 mph","name":"14th Avenue Northwest","oneway":"yes","sidewalk:left":"no","sidewalk:right":"separate","surface":"asphalt","osm_id":1064911821},"geometry":{"type":"LineString","coordinates":[[-122.3736794,47.6709026],[-122.3736797,47.6708535],[-122.3736688,47.6702209],[-122.3736689,47.6701782],[-122.3736688,47.6701232],[-122.3736674,47.6694882],[-122.3736673,47.6694409]]}},{"type":"Feature","id":"way/1064911822/1424","properties":{"dual_carriageway":"yes","highway":"tertiary","lanes":"1","maxspeed":"20 mph","name":"14th Avenue Northwest","oneway":"yes","sidewalk:left":"no","sidewalk:right":"separate","source":"Local Knwoladge","surface":"asphalt","osm_id":1064911822},"geometry":{"type":"LineString","coordinates":[[-122.3735044,47.6709027],[-122.3735065,47.6709621],[-122.3735037,47.6715304],[-122.3735036,47.6715597],[-122.3735032,47.6716284]]}},{"type":"Feature","id":"way/1064911823/1425","properties":{"highway":"residential","lanes":"2","maxspeed":"20 mph","name":"11th Avenue Northwest","sidewalk":"no","surface":"concrete","osm_id":1064911823},"geometry":{"type":"LineString","coordinates":[[-122.3705896,47.6596387],[-122.3706106,47.6596593],[-122.3706696,47.6597173],[-122.3707111,47.6597581],[-122.3707201,47.6599286],[-122.3707393,47.6601961],[-122.3707437,47.6605958]]}},{"type":"Feature","id":"way/1064911824/1426","properties":{"highway":"residential","lanes":"2","maxspeed":"20 mph","name":"11th Avenue Northwest","sidewalk:left":"no","sidewalk:right":"separate","surface":"concrete","osm_id":1064911824},"geometry":{"type":"LineString","coordinates":[[-122.3707437,47.6605958],[-122.3707471,47.6609121],[-122.370745,47.6613661],[-122.3707463,47.6614493],[-122.3707448,47.6614697],[-122.370744,47.6614805],[-122.3707441,47.6615175],[-122.370744,47.6615684],[-122.3707449,47.6617187],[-122.3707452,47.6617998],[-122.3707464,47.662115],[-122.3707467,47.6621897],[-122.3707517,47.6622861],[-122.3707646,47.6625337],[-122.3707745,47.6628258],[-122.3707726,47.6629292]]}},{"type":"Feature","id":"way/1064911825/1427","properties":{"highway":"residential","lanes":"2","maxspeed":"20 mph","name":"Northwest 49th Street","oneway":"no","sidewalk":"separate","osm_id":1064911825},"geometry":{"type":"LineString","coordinates":[[-122.3686135,47.6643925],[-122.3687399,47.664392],[-122.3687723,47.6643919],[-122.3689999,47.6643914],[-122.3695657,47.6643903],[-122.3699035,47.6643896],[-122.3701329,47.6643892],[-122.3703635,47.6643887],[-122.3706343,47.6643888],[-122.370748,47.664388]]}},{"type":"Feature","id":"way/1064911826/1428","properties":{"highway":"residential","lanes":"2","maxspeed":"20 mph","name":"Northwest 50th Street","oneway":"no","sidewalk:both":"separate","surface":"concrete","osm_id":1064911826},"geometry":{"type":"LineString","coordinates":[[-122.3686162,47.6650224],[-122.3687382,47.6650281],[-122.368871,47.6650348],[-122.3692247,47.6650354],[-122.3703008,47.6650373],[-122.3705421,47.6650357],[-122.3706639,47.6650359],[-122.3707531,47.6650361],[-122.3708943,47.6650362],[-122.3728384,47.6650377],[-122.3734301,47.665044],[-122.3735145,47.6650449],[-122.3735759,47.6650467],[-122.3736668,47.6650493],[-122.37379,47.6650496],[-122.373916,47.66505],[-122.3749163,47.665053],[-122.3751309,47.6650536],[-122.3751733,47.6650537],[-122.3758722,47.6650558],[-122.3759204,47.6650559],[-122.3760125,47.6650562],[-122.3760766,47.6650564]]}},{"type":"Feature","id":"way/1064911827/1429","properties":{"hgv":"designated","highway":"tertiary","lanes":"2","maxspeed":"25 mph","name":"Northwest 46th Street","old_name":"B Street","sidewalk":"no","snowplowing":"no","source:hgv":"https://www.seattle.gov/Documents/Departments/SDOT/Services/Permits/MajorTruckStreets.pdf","surface":"asphalt","winter_service":"no","osm_id":1064911827},"geometry":{"type":"LineString","coordinates":[[-122.3720927,47.6621946],[-122.372229,47.6621951],[-122.3734103,47.6621994],[-122.373436,47.6621995],[-122.37352,47.6621993]]}},{"type":"Feature","id":"way/1064911828/1430","properties":{"dual_carriageway":"yes","highway":"residential","lanes":"1","maxspeed":"20 mph","name":"14th Avenue Northwest","oneway":"yes","parking:left":"separate","parking:right":"lane","parking:right:orientation":"parallel","sidewalk":"no","source":"Local Knwoladge","surface":"asphalt","osm_id":1064911828},"geometry":{"type":"LineString","coordinates":[[-122.3735137,47.661439],[-122.3735125,47.6614637],[-122.373511,47.6614929],[-122.373512,47.6615679],[-122.373515,47.6618332],[-122.3735188,47.6621045],[-122.3735193,47.6621454],[-122.37352,47.6621993]]}},{"type":"Feature","id":"way/1064914584/1431","properties":{"bicycle":"permissive","foot":"yes","highway":"tertiary","lanes":"2","maxspeed":"25 mph","name":"3rd Avenue Northwest","sidewalk:both":"separate","snowplowing":"yes","surface":"asphalt","winter_service":"yes","winter_service:priority":"2","osm_id":1064914584},"geometry":{"type":"LineString","coordinates":[[-122.36078678912662,47.672],[-122.3607961,47.6710281],[-122.3607987,47.6708766],[-122.3608001,47.6708086],[-122.3608,47.6695302],[-122.3608011,47.6694565]]}},{"type":"Feature","id":"way/1064922694/1432","properties":{"highway":"residential","lanes":"2","maxspeed":"20 mph","name":"1st Avenue Northwest","sidewalk:left":"no","sidewalk:right":"separate","osm_id":1064922694},"geometry":{"type":"LineString","coordinates":[[-122.3570838,47.6691289],[-122.3570831,47.6691725],[-122.357072,47.6698927],[-122.3570712,47.6699423]]}},{"type":"Feature","id":"way/1064922695/1433","properties":{"highway":"residential","lanes":"2","maxspeed":"20 mph","name":"2nd Avenue Northwest","sidewalk:left":"no","sidewalk:right":"separate","osm_id":1064922695},"geometry":{"type":"LineString","coordinates":[[-122.3592843,47.6673333],[-122.3593429,47.6677494]]}},{"type":"Feature","id":"way/1064922696/1434","properties":{"highway":"residential","lanes":"2","maxspeed":"20 mph","name":"Northwest 53rd Street","sidewalk:both":"separate","osm_id":1064922696},"geometry":{"type":"LineString","coordinates":[[-122.359659,47.6676309],[-122.3597499,47.6677046],[-122.36015,47.668029]]}},{"type":"Feature","id":"way/1064922697/1435","properties":{"highway":"residential","lanes":"2","maxspeed":"20 mph","name":"Northwest 53rd Street","sidewalk:left":"separate","sidewalk:right":"no","osm_id":1064922697},"geometry":{"type":"LineString","coordinates":[[-122.3592843,47.6673333],[-122.359659,47.6676309]]}},{"type":"Feature","id":"way/1064922698/1436","properties":{"highway":"residential","lanes":"2","maxspeed":"20 mph","name":"2nd Avenue Northwest","sidewalk":"no","osm_id":1064922698},"geometry":{"type":"LineString","coordinates":[[-122.3591458,47.6696625],[-122.3591289,47.6697137],[-122.3591217,47.6697357],[-122.3591366,47.6697829],[-122.3593671,47.6700599],[-122.3593899,47.670171],[-122.3594069,47.6702826],[-122.3594249,47.6703653],[-122.3594946,47.6703978],[-122.3596056,47.6704175],[-122.3596847,47.6704175],[-122.359788,47.6704175],[-122.3599543,47.6704175]]}},{"type":"Feature","id":"way/1064922702/1437","properties":{"highway":"residential","lanes":"2","maxspeed":"20 mph","name":"Northwest 59th Street","sidewalk:left":"no","sidewalk:right":"separate","osm_id":1064922702},"geometry":{"type":"LineString","coordinates":[[-122.3607961,47.6710281],[-122.3606981,47.6710409],[-122.3606757,47.6710468],[-122.3606536,47.6710599],[-122.3606382,47.6710759],[-122.3606275,47.6710945],[-122.3606191,47.6711186],[-122.3605607,47.6714841],[-122.3605534,47.6715078],[-122.3605413,47.6715304],[-122.3605219,47.6715494],[-122.360497,47.6715643],[-122.3604642,47.6715774],[-122.3604297,47.671586],[-122.3603824,47.6715918]]}},{"type":"Feature","id":"way/1064922704/1438","properties":{"highway":"residential","lanes":"2","maxspeed":"20 mph","name":"North Argyle Place","sidewalk:left":"yes","sidewalk:right":"separate","surface":"paved","osm_id":1064922704},"geometry":{"type":"LineString","coordinates":[[-122.3570838,47.6691289],[-122.357,47.66912787005587]]}},{"type":"Feature","id":"way/1065329349/1439","properties":{"highway":"residential","lanes":"1","maxspeed":"20 mph","name":"Northwest Canal Street","oneway":"yes","sidewalk":"separate","surface":"asphalt","osm_id":1065329349},"geometry":{"type":"LineString","coordinates":[[-122.3584861,47.6523646],[-122.3583165,47.6522917],[-122.3581229,47.6522291],[-122.3581059,47.6522236],[-122.3580081,47.6521922],[-122.3578933,47.6521595],[-122.3578057,47.6521442],[-122.3576724,47.6521315]]}},{"type":"Feature","id":"way/1065329351/1440","properties":{"cycleway:both":"no","highway":"secondary","lanes":"2","maxspeed":"25 mph","name":"North 39th Street","oneway":"no","sidewalk:both":"separate","snowplowing":"yes","surface":"concrete","winter_service":"yes","winter_service:priority":"2","osm_id":1065329351},"geometry":{"type":"LineString","coordinates":[[-122.3571862,47.6541522],[-122.357,47.654152557161126]]}},{"type":"Feature","id":"way/1065697447/1441","properties":{"highway":"service","service":"parking_aisle","osm_id":1065697447},"geometry":{"type":"LineString","coordinates":[[-122.3655848,47.6603901],[-122.365938,47.66039],[-122.3661197,47.6603865]]}},{"type":"Feature","id":"way/1071975241/1442","properties":{"highway":"service","service":"parking_aisle","surface":"asphalt","osm_id":1071975241},"geometry":{"type":"LineString","coordinates":[[-122.3809928,47.6684831],[-122.3809927,47.6685073],[-122.3809924,47.6685692],[-122.380992,47.6686657]]}},{"type":"Feature","id":"way/1072540650/1443","properties":{"highway":"service","oneway":"yes","service":"parking_aisle","surface":"asphalt","osm_id":1072540650},"geometry":{"type":"LineString","coordinates":[[-122.3769967,47.6678962],[-122.3769967,47.6678195],[-122.3769967,47.6677777],[-122.3769975,47.6676348]]}},{"type":"Feature","id":"way/1077610980/1444","properties":{"access":"destination","highway":"service","maxspeed":"15 mph","oneway":"yes","osm_id":1077610980},"geometry":{"type":"LineString","coordinates":[[-122.3615418,47.6488059],[-122.3615284,47.6484999],[-122.3615175,47.648252],[-122.3615158,47.6481917]]}},{"type":"Feature","id":"way/1077610981/1445","properties":{"highway":"residential","lanes":"2","maxspeed":"20 mph","name":"West Dravus Street","sidewalk:both":"separate","osm_id":1077610981},"geometry":{"type":"LineString","coordinates":[[-122.3609041,47.6481918],[-122.3610314,47.6481918],[-122.3615158,47.6481917]]}},{"type":"Feature","id":"way/1087728332/1446","properties":{"bicycle":"designated","crossing":"marked","crossing:markings":"dashes","cycleway":"crossing","foot":"no","highway":"cycleway","horse":"no","motor_vehicle":"no","name":"20th Avenue West Cycletrack","oneway":"no","surface":"paved","osm_id":1087728332},"geometry":{"type":"LineString","coordinates":[[-122.381944,47.6483354],[-122.381935,47.6484615]]}},{"type":"Feature","id":"way/1087728334/1447","properties":{"bicycle":"designated","crossing":"marked","crossing:markings":"dashes","cycleway":"crossing","foot":"no","highway":"cycleway","horse":"no","motor_vehicle":"no","name":"20th Avenue West Cycletrack","oneway":"no","surface":"paved","osm_id":1087728334},"geometry":{"type":"LineString","coordinates":[[-122.381935,47.6484615],[-122.3819245,47.6485794]]}},{"type":"Feature","id":"way/1087728335/1448","properties":{"highway":"service","service":"alley","osm_id":1087728335},"geometry":{"type":"LineString","coordinates":[[-122.384051,47.655837],[-122.3840464,47.6558921],[-122.3840413,47.6559565],[-122.3840432,47.6563066]]}},{"type":"Feature","id":"way/1092714573/1449","properties":{"highway":"service","service":"parking_aisle","osm_id":1092714573},"geometry":{"type":"LineString","coordinates":[[-122.3615284,47.6484999],[-122.3613914,47.6484972],[-122.3613927,47.6483796],[-122.3611013,47.6483751],[-122.3611026,47.6486302],[-122.3613887,47.6486366],[-122.3613914,47.6484972]]}},{"type":"Feature","id":"way/1111951821/1450","properties":{"highway":"service","oneway":"yes","service":"parking_aisle","surface":"asphalt","osm_id":1111951821},"geometry":{"type":"LineString","coordinates":[[-122.3818984,47.6681944],[-122.3819606,47.6682294],[-122.3820316,47.6682309],[-122.3821608,47.6682337]]}},{"type":"Feature","id":"way/1117566474/1451","properties":{"bicycle":"designated","foot":"designated","highway":"cycleway","lcn_ref":"SCT","name":"Ship Canal Trail","segregated":"no","surface":"asphalt","width":"3","osm_id":1117566474},"geometry":{"type":"LineString","coordinates":[[-122.3800746,47.6538871],[-122.3800352,47.6538921],[-122.3799772,47.6538886],[-122.3796356,47.653867],[-122.3793683,47.6538376],[-122.379116,47.6538231],[-122.3790194,47.6538248],[-122.3789016,47.6538395],[-122.3787872,47.6538675],[-122.3786802,47.6539139]]}},{"type":"Feature","id":"way/1117566475/1452","properties":{"bicycle":"designated","crossing":"marked","crossing:markings":"zebra:paired","cycleway":"crossing","foot":"designated","highway":"cycleway","lcn_ref":"SCT","name":"Ship Canal Trail","segregated":"no","surface":"asphalt","width":"3","osm_id":1117566475},"geometry":{"type":"LineString","coordinates":[[-122.380262,47.6538843],[-122.3801655,47.6538857]]}},{"type":"Feature","id":"way/1117566476/1453","properties":{"bicycle":"designated","foot":"designated","highway":"cycleway","lcn_ref":"SCT","name":"Ship Canal Trail","segregated":"no","surface":"asphalt","width":"4","osm_id":1117566476},"geometry":{"type":"LineString","coordinates":[[-122.378184,47.6539881],[-122.3781603,47.6539883],[-122.3778553,47.6539912],[-122.3776809,47.6540118],[-122.3775623,47.6540408],[-122.3774627,47.6540881],[-122.3773751,47.6541531],[-122.3772796,47.6542549],[-122.3771578,47.6544158],[-122.3769468,47.6547205],[-122.3769337,47.6547295],[-122.3769182,47.6547294],[-122.376906,47.6547212],[-122.3769059,47.6547106],[-122.3769214,47.6546808],[-122.3768315,47.6546532]]}},{"type":"Feature","id":"way/1117566477/1454","properties":{"bicycle":"designated","crossing":"unmarked","crossing:island":"no","crossing:markings":"no","cycleway":"crossing","foot":"designated","highway":"cycleway","lcn_ref":"SCT","name":"Ship Canal Trail","railway":"crossing","segregated":"no","surface":"asphalt","tactile_paving":"yes","width":"4","osm_id":1117566477},"geometry":{"type":"LineString","coordinates":[[-122.3768315,47.6546532],[-122.3768132,47.6546475],[-122.376787,47.6546396]]}},{"type":"Feature","id":"way/1117566478/1455","properties":{"bicycle":"designated","crossing":"uncontrolled","crossing:markings":"zebra:paired","crossing:signals":"no","cycleway":"crossing","foot":"designated","highway":"cycleway","lcn_ref":"SCT","name":"Ship Canal Trail","segregated":"no","surface":"asphalt","width":"4","osm_id":1117566478},"geometry":{"type":"LineString","coordinates":[[-122.3783295,47.6539863],[-122.3782588,47.6539872],[-122.378184,47.6539881]]}},{"type":"Feature","id":"way/1117566481/1456","properties":{"bicycle":"yes","footway":"sidewalk","highway":"footway","surface":"concrete","osm_id":1117566481},"geometry":{"type":"LineString","coordinates":[[-122.3811542,47.6543566],[-122.3811312,47.6543554]]}},{"type":"Feature","id":"way/1117589768/1457","properties":{"highway":"primary_link","lanes":"1","maxspeed":"30 mph","oneway":"yes","osm_id":1117589768},"geometry":{"type":"LineString","coordinates":[[-122.3767665,47.6494387],[-122.3767698,47.6493312]]}},{"type":"Feature","id":"way/1118429136/1458","properties":{"highway":"secondary","lanes":"2","lanes:forward":"1","maxspeed":"25 mph","name":"Northwest 39th Street","sidewalk:both":"separate","snowplowing":"yes","surface":"concrete","winter_service":"yes","winter_service:priority":"2","osm_id":1118429136},"geometry":{"type":"LineString","coordinates":[[-122.3598623,47.6541449],[-122.3600801,47.654144]]}},{"type":"Feature","id":"way/1120933612/1459","properties":{"bicycle":"designated","crossing":"marked","crossing:markings":"zebra:paired","cycleway":"crossing","foot":"designated","highway":"cycleway","lcn_ref":"SCT","name":"Ship Canal Trail","segregated":"no","surface":"asphalt","width":"4","osm_id":1120933612},"geometry":{"type":"LineString","coordinates":[[-122.3736736,47.6560387],[-122.373566,47.6560622],[-122.3734646,47.6560844]]}},{"type":"Feature","id":"way/1121160767/1460","properties":{"bicycle":"designated","crossing":"marked","crossing:markings":"zebra:paired","cycleway":"crossing","foot":"designated","highway":"cycleway","lcn_ref":"SCT","name":"Ship Canal Trail","railway":"abandoned","segregated":"no","surface":"asphalt","width":"4","osm_id":1121160767},"geometry":{"type":"LineString","coordinates":[[-122.3711888,47.6555798],[-122.371122,47.655553],[-122.3710624,47.6555291],[-122.3709323,47.655477],[-122.3708873,47.6554516]]}},{"type":"Feature","id":"way/1124743535/1461","properties":{"bicycle":"designated","foot":"designated","highway":"cycleway","lcn_ref":"SCT","name":"Ship Canal Trail","railway":"abandoned","segregated":"no","surface":"asphalt","width":"4","osm_id":1124743535},"geometry":{"type":"LineString","coordinates":[[-122.3663884,47.6530382],[-122.3659166,47.6528893],[-122.3655957,47.6528027],[-122.3655205,47.6527823],[-122.3650486,47.6526661],[-122.3647177,47.6526004],[-122.3642546,47.6524979],[-122.3642015,47.6524864]]}},{"type":"Feature","id":"way/1124743536/1462","properties":{"bicycle":"designated","crossing":"marked","crossing:markings":"zebra:paired","cycleway":"crossing","foot":"designated","highway":"cycleway","lcn_ref":"SCT","name":"Ship Canal Trail","railway":"abandoned","segregated":"no","surface":"asphalt","width":"4","osm_id":1124743536},"geometry":{"type":"LineString","coordinates":[[-122.3665694,47.6531007],[-122.3664611,47.6530633],[-122.3663884,47.6530382]]}},{"type":"Feature","id":"way/1124743537/1463","properties":{"bicycle":"designated","crossing":"marked","crossing:markings":"zebra:paired","cycleway":"crossing","foot":"designated","highway":"cycleway","lcn_ref":"SCT","name":"Ship Canal Trail","railway":"abandoned","segregated":"no","surface":"asphalt","osm_id":1124743537},"geometry":{"type":"LineString","coordinates":[[-122.3642015,47.6524864],[-122.364059,47.652455],[-122.3639599,47.6524332]]}},{"type":"Feature","id":"way/1124757062/1464","properties":{"bicycle":"designated","foot":"designated","highway":"cycleway","lcn_ref":"SCT","name":"Ship Canal Trail","oneway":"no","railway":"abandoned","segregated":"no","surface":"asphalt","width":"1.5","osm_id":1124757062},"geometry":{"type":"LineString","coordinates":[[-122.3607983,47.6517248],[-122.3602407,47.6516035],[-122.3599979,47.6515427],[-122.3598611,47.6515098]]}},{"type":"Feature","id":"way/1124757063/1465","properties":{"bicycle":"designated","crossing":"marked","crossing:markings":"zebra:paired","cycleway":"crossing","foot":"designated","highway":"cycleway","lcn_ref":"SCT","name":"Ship Canal Trail","railway":"abandoned","segregated":"no","surface":"asphalt","width":"1.5","osm_id":1124757063},"geometry":{"type":"LineString","coordinates":[[-122.3609447,47.6517587],[-122.360837,47.6517348],[-122.3607983,47.6517248]]}},{"type":"Feature","id":"way/1150351390/1466","properties":{"highway":"service","osm_id":1150351390},"geometry":{"type":"LineString","coordinates":[[-122.3867564,47.6614296],[-122.3867709,47.6615876]]}},{"type":"Feature","id":"way/1165278355/1467","properties":{"access":"customers","highway":"service","oneway":"yes","surface":"asphalt","osm_id":1165278355},"geometry":{"type":"LineString","coordinates":[[-122.387,47.66091834736287],[-122.3865243,47.6607372]]}},{"type":"Feature","id":"way/1165278356/1468","properties":{"highway":"service","oneway":"yes","surface":"paved","osm_id":1165278356},"geometry":{"type":"LineString","coordinates":[[-122.3861215,47.6610874],[-122.3866639,47.6612938],[-122.3867271,47.6612991],[-122.3868022,47.6612615],[-122.387,47.66105227669303]]}},{"type":"Feature","id":"way/1169776618/1469","properties":{"access":"destination","highway":"service","maxspeed":"15 mph","service":"alley","surface":"asphalt","osm_id":1169776618},"geometry":{"type":"LineString","coordinates":[[-122.366692,47.6618345],[-122.3666634,47.6618345],[-122.3663525,47.6618342],[-122.3661877,47.6618341]]}},{"type":"Feature","id":"way/1174460806/1470","properties":{"highway":"service","maxspeed":"15 mph","service":"alley","osm_id":1174460806},"geometry":{"type":"LineString","coordinates":[[-122.3853172,47.6510797],[-122.3853329,47.650379],[-122.3853346,47.6503325],[-122.3853331,47.6502768]]}},{"type":"Feature","id":"way/1177501825/1471","properties":{"highway":"service","osm_id":1177501825},"geometry":{"type":"LineString","coordinates":[[-122.3788829,47.664296],[-122.3790163,47.6642976],[-122.3790574,47.6642981],[-122.3791039,47.664272],[-122.3792133,47.6642106]]}},{"type":"Feature","id":"way/1187542414/1472","properties":{"highway":"service","oneway":"yes","osm_id":1187542414},"geometry":{"type":"LineString","coordinates":[[-122.3719629,47.6629287],[-122.3719468,47.6630159],[-122.3719289,47.6633248]]}},{"type":"Feature","id":"way/1187542415/1473","properties":{"covered":"yes","highway":"service","oneway":"yes","osm_id":1187542415},"geometry":{"type":"LineString","coordinates":[[-122.3719289,47.6633248],[-122.3719213,47.6634034]]}},{"type":"Feature","id":"way/1187542416/1474","properties":{"highway":"service","oneway":"yes","osm_id":1187542416},"geometry":{"type":"LineString","coordinates":[[-122.3719213,47.6634034],[-122.3719088,47.6634387]]}},{"type":"Feature","id":"way/1200025457/1475","properties":{"bicycle":"designated","cycleway":"lane","highway":"secondary","lanes":"3","lanes:backward":"1","lanes:both_ways":"1","lanes:forward":"1","maxspeed":"25 mph","name":"8th Avenue Northwest","sidewalk:both":"separate","snowplowing":"yes","surface":"asphalt","turn:lanes:both_ways":"left","winter_service":"yes","winter_service:priority":"2","osm_id":1200025457},"geometry":{"type":"LineString","coordinates":[[-122.3661725,47.6701626],[-122.3661722,47.6702384],[-122.36617,47.6708385],[-122.3661698,47.6708918]]}},{"type":"Feature","id":"way/1203447970/1476","properties":{"access":"destination","highway":"service","lanes":"1","maxspeed":"15 mph","service":"alley","source":"Yahoo","osm_id":1203447970},"geometry":{"type":"LineString","coordinates":[[-122.3595186,47.6529837],[-122.3590834,47.6528854],[-122.357792,47.6525936],[-122.3576752,47.6525672]]}},{"type":"Feature","id":"way/1203447971/1477","properties":{"highway":"residential","lanes":"2","maxspeed":"20 mph","name":"1st Avenue Northwest","sidewalk":"separate","surface":"concrete","osm_id":1203447971},"geometry":{"type":"LineString","coordinates":[[-122.3576724,47.6521315],[-122.357673,47.6522279],[-122.3576752,47.6525672]]}},{"type":"Feature","id":"way/1208921483/1478","properties":{"highway":"service","service":"alley","osm_id":1208921483},"geometry":{"type":"LineString","coordinates":[[-122.3866842,47.650332],[-122.386686,47.6503813]]}},{"type":"Feature","id":"way/1208921484/1479","properties":{"highway":"service","service":"alley","surface":"grass","osm_id":1208921484},"geometry":{"type":"LineString","coordinates":[[-122.386686,47.6503813],[-122.3866852,47.6505407]]}},{"type":"Feature","id":"way/1215055879/1480","properties":{"highway":"residential","lanes":"1","maxspeed":"20 mph","name":"Palmer Drive Northwest","oneway":"yes","sidewalk:both":"separate","osm_id":1215055879},"geometry":{"type":"LineString","coordinates":[[-122.3577016,47.666536],[-122.3576407,47.6664924],[-122.3575344,47.6664384],[-122.3574169,47.6663786]]}},{"type":"Feature","id":"way/1245956839/1481","properties":{"hgv":"designated","highway":"secondary","lanes":"5","lanes:backward":"2","lanes:both_ways":"1","lanes:forward":"2","maxspeed":"25 mph","name":"Leary Way Northwest","sidewalk":"separate","smoothness":"intermediate","snowplowing":"yes","source:hgv":"https://www.seattle.gov/Documents/Departments/SDOT/Services/Permits/MajorTruckStreets.pdf","surface":"asphalt","turn:lanes:both_ways":"left","winter_service":"yes","winter_service:priority":"2","osm_id":1245956839},"geometry":{"type":"LineString","coordinates":[[-122.366112,47.6603788],[-122.3661197,47.6603865]]}},{"type":"Feature","id":"way/1247039881/1482","properties":{"highway":"residential","lanes":"2","maxspeed":"20 mph","name":"17th Avenue Northwest","old_name":"First Avenue West (Ballard)","sidewalk":"separate","surface":"concrete","osm_id":1247039881},"geometry":{"type":"LineString","coordinates":[[-122.3789103,47.6624078],[-122.378908,47.6625194],[-122.3789078,47.662531],[-122.3789055,47.6626974],[-122.378905,47.6627299],[-122.3789046,47.6627518],[-122.3789018,47.6628741],[-122.3789015,47.6629404]]}},{"type":"Feature","id":"way/1253151469/1483","properties":{"highway":"residential","lanes":"2","maxspeed":"20 mph","name":"Queen Anne Avenue North","osm_id":1253151469},"geometry":{"type":"LineString","coordinates":[[-122.3576944,47.6482179],[-122.3576826,47.6486163]]}},{"type":"Feature","id":"way/1253151470/1484","properties":{"access":"destination","highway":"service","maxspeed":"15 mph","service":"alley","osm_id":1253151470},"geometry":{"type":"LineString","coordinates":[[-122.360697,47.6482297],[-122.3606518,47.6482292],[-122.3578113,47.6482183],[-122.3576944,47.6482179]]}},{"type":"Feature","id":"way/1260734729/1485","properties":{"highway":"residential","lanes":"1","maxspeed":"20 mph","name":"2nd Avenue Northwest","oneway":"yes","sidewalk":"right","surface":"asphalt","osm_id":1260734729},"geometry":{"type":"LineString","coordinates":[[-122.3595225,47.6529004],[-122.359517,47.6528876],[-122.3594984,47.6528641],[-122.3594731,47.6528437]]}},{"type":"Feature","id":"way/1263041847/1486","properties":{"highway":"service","service":"parking_aisle","osm_id":1263041847},"geometry":{"type":"LineString","coordinates":[[-122.3852783,47.6542046],[-122.3854371,47.6542042]]}},{"type":"Feature","id":"way/1263836926/1487","properties":{"highway":"service","osm_id":1263836926},"geometry":{"type":"LineString","coordinates":[[-122.3645971,47.6578557],[-122.3645968,47.6578299],[-122.3645968,47.6577705]]}},{"type":"Feature","id":"way/1272808845/1488","properties":{"dual_carriageway":"yes","expressway":"yes","hgv":"designated","highway":"primary","lanes":"3","lit":"yes","maxheight":"15'0\"","maxspeed":"30 mph","name":"15th Avenue West","oneway":"yes","parking:lane:both":"no_stopping","source:hgv":"https://www.seattle.gov/Documents/Departments/SDOT/Services/Permits/MajorTruckStreets.pdf","osm_id":1272808845},"geometry":{"type":"LineString","coordinates":[[-122.376362,47.6524821],[-122.3763637,47.6523927],[-122.3763572,47.6521606]]}},{"type":"Feature","id":"way/1280587694/1489","properties":{"cycleway:both":"no","highway":"tertiary","lanes":"2","lit":"yes","maxspeed":"25 mph","name":"West Commodore Way","oneway":"no","shoulder":"both","sidewalk":"no","snowplowing":"no","surface":"concrete","winter_service":"no","osm_id":1280587694},"geometry":{"type":"LineString","coordinates":[[-122.3835074,47.6592358],[-122.3837099,47.6594442],[-122.3840403,47.6595743],[-122.3845184,47.6597627],[-122.3847287,47.6598453],[-122.3847943,47.6598704],[-122.3852236,47.6600347],[-122.3853054,47.660066],[-122.3857734,47.660245],[-122.3859561,47.660315]]}},{"type":"Feature","id":"way/1280588920/1490","properties":{"highway":"service","osm_id":1280588920},"geometry":{"type":"LineString","coordinates":[[-122.3857201,47.6613751],[-122.3858194,47.6614142]]}},{"type":"Feature","id":"way/1304519908/1491","properties":{"foot":"no","highway":"primary_link","lanes":"1","lit":"yes","maxspeed":"25 mph","oneway":"yes","parking:lane:both":"no_stopping","surface":"asphalt","osm_id":1304519908},"geometry":{"type":"LineString","coordinates":[[-122.3760749,47.6542582],[-122.3761034,47.6543531],[-122.3761212,47.6544757]]}},{"type":"Feature","id":"way/1304519909/1492","properties":{"bicycle":"designated","foot":"designated","highway":"cycleway","lcn_ref":"SCT","name":"Ship Canal Trail","segregated":"no","surface":"asphalt","width":"3","osm_id":1304519909},"geometry":{"type":"LineString","coordinates":[[-122.3786802,47.6539139],[-122.3785372,47.6539728],[-122.3784516,47.6539849],[-122.3783581,47.653986],[-122.3783295,47.6539863]]}},{"type":"Feature","id":"way/1304519910/1493","properties":{"bicycle":"yes","hgv":"designated","highway":"service","name":"16th Avenue West","osm_id":1304519910},"geometry":{"type":"LineString","coordinates":[[-122.3801644,47.6539823],[-122.3801655,47.6538857]]}},{"type":"Feature","id":"way/1304519911/1494","properties":{"bicycle":"designated","crossing":"marked","crossing:markings":"zebra:paired","cycleway":"crossing","foot":"designated","highway":"cycleway","lcn_ref":"SCT","name":"Ship Canal Trail","segregated":"no","surface":"asphalt","width":"3","osm_id":1304519911},"geometry":{"type":"LineString","coordinates":[[-122.3801655,47.6538857],[-122.3800746,47.6538871]]}},{"type":"Feature","id":"way/1305126719/1495","properties":{"cycleway:both":"no","highway":"residential","lanes":"2","maxspeed":"20 mph","name":"Northwest 43rd Street","sidewalk:both":"separate","surface":"asphalt","osm_id":1305126719},"geometry":{"type":"LineString","coordinates":[[-122.3662276,47.6592659],[-122.3663222,47.6592662]]}},{"type":"Feature","id":"way/1305126721/1496","properties":{"highway":"residential","lanes":"2","maxspeed":"20 mph","name":"Northwest Ballard Way","old_name":"C Street","sidewalk:both":"separate","osm_id":1305126721},"geometry":{"type":"LineString","coordinates":[[-122.3736072,47.6629281],[-122.3737918,47.6629282],[-122.3738362,47.6629282],[-122.373934,47.6629283],[-122.3749935,47.6629318],[-122.3751928,47.6629308],[-122.3754824,47.6629293],[-122.3758805,47.6629284]]}},{"type":"Feature","id":"way/1305126722/1497","properties":{"highway":"primary_link","lanes":"1","maxspeed":"30 mph","oneway":"yes","parking:both":"no","parking:both:restriction":"no_stopping","surface":"concrete","osm_id":1305126722},"geometry":{"type":"LineString","coordinates":[[-122.3763733,47.6629422],[-122.3763726,47.6627698]]}},{"type":"Feature","id":"way/1313215945/1498","properties":{"bridge":"yes","foot":"no","highway":"primary_link","lanes":"1","layer":"1","maxspeed":"30 mph","oneway":"yes","parking:both":"no","parking:both:restriction":"no_stopping","ref:fra_crossing":"101243G","surface":"concrete","osm_id":1313215945},"geometry":{"type":"LineString","coordinates":[[-122.3761082,47.6621174],[-122.3760639,47.6623903],[-122.3760606,47.6627753]]}},{"type":"Feature","id":"way/1320161589/1499","properties":{"cycleway:both":"no","dual_carriageway":"yes","highway":"primary","lanes":"2","lit":"yes","maxspeed":"25 mph","name":"Northwest Market Street","oneway":"yes","parking:both":"no","parking:both:restriction":"no_stopping","sidewalk:left":"no","sidewalk:right":"separate","snowplowing":"yes","surface":"asphalt","trolley_wire":"yes","winter_service":"yes","winter_service:priority":"1","osm_id":1320161589},"geometry":{"type":"LineString","coordinates":[[-122.363205,47.6687141],[-122.3634406,47.6687091],[-122.3638315,47.6687008],[-122.3640443,47.668671]]}},{"type":"Feature","id":"way/1320161590/1500","properties":{"bicycle":"designated","cycleway:both":"shared_lane","cycleway:both:lane":"pictogram","highway":"residential","lanes":"2","lit":"yes","maxspeed":"20 mph","name":"5th Avenue Northwest","sidewalk":"separate","surface":"concrete","osm_id":1320161590},"geometry":{"type":"LineString","coordinates":[[-122.3629389,47.6688251],[-122.3629422,47.6691213],[-122.3629441,47.6693367],[-122.3629443,47.6693576],[-122.3629447,47.6693802]]}},{"type":"Feature","id":"way/1326372982/1501","properties":{"crossing":"unmarked","crossing:markings":"no","cycleway":"crossing","highway":"cycleway","lit":"yes","surface":"concrete","osm_id":1326372982},"geometry":{"type":"LineString","coordinates":[[-122.3631305,47.6686286],[-122.3632995,47.6685734]]}},{"type":"Feature","id":"way/1326372983/1502","properties":{"crossing":"unmarked","crossing:markings":"no","cycleway":"crossing","highway":"cycleway","lit":"yes","surface":"concrete","osm_id":1326372983},"geometry":{"type":"LineString","coordinates":[[-122.3631123,47.6687168],[-122.3629387,47.6687847]]}},{"type":"Feature","id":"way/1326372984/1503","properties":{"bicycle":"designated","cycleway:left":"lane","cycleway:right":"shared_lane","cycleway:right:lane":"pictogram","highway":"residential","lanes":"2","lit":"yes","maxspeed":"20 mph","name":"5th Avenue Northwest","sidewalk":"separate","surface":"concrete","osm_id":1326372984},"geometry":{"type":"LineString","coordinates":[[-122.3629387,47.6687847],[-122.3629389,47.6688251]]}},{"type":"Feature","id":"way/1326372985/1504","properties":{"cycleway:both":"no","highway":"residential","lanes":"2","maxspeed":"20 mph","name":"6th Avenue Northwest","sidewalk:left":"yes","sidewalk:right":"separate","osm_id":1326372985},"geometry":{"type":"LineString","coordinates":[[-122.3632995,47.6685734],[-122.3633005,47.6686257]]}},{"type":"Feature","id":"way/1326372986/1505","properties":{"highway":"residential","lanes":"2","maxspeed":"20 mph","name":"Northwest 50th Street","oneway":"no","parking:both":"lane","parking:both:orientation":"parallel","sidewalk:both":"separate","osm_id":1326372986},"geometry":{"type":"LineString","coordinates":[[-122.3598469,47.6650228],[-122.359902,47.6650357],[-122.3599327,47.6650357],[-122.3600469,47.6650359],[-122.36024,47.6650361],[-122.3602849,47.6650362],[-122.3603345,47.6650362],[-122.3604981,47.6650364],[-122.3607027,47.6650367],[-122.3607393,47.6650368],[-122.3608142,47.6650131]]}},{"type":"Feature","id":"way/1326372987/1506","properties":{"bicycle":"designated","cycleway":"shared_lane","highway":"residential","lanes":"2","maxspeed":"20 mph","name":"Northwest 50th Street","oneway":"no","sidewalk:both":"separate","osm_id":1326372987},"geometry":{"type":"LineString","coordinates":[[-122.3632762,47.6650221],[-122.363385,47.6650011],[-122.3634204,47.6650013],[-122.3640009,47.665004]]}},{"type":"Feature","id":"way/1326372988/1507","properties":{"cycleway:both":"no","highway":"residential","lanes":"2","lit":"yes","maxspeed":"20 mph","name":"6th Avenue Northwest","sidewalk:both":"separate","surface":"concrete","osm_id":1326372988},"geometry":{"type":"LineString","coordinates":[[-122.3640013,47.6577694],[-122.3640021,47.657943],[-122.3640022,47.6579805],[-122.3640023,47.6580128],[-122.3640034,47.6582444],[-122.3640041,47.6584041],[-122.3640044,47.6584709],[-122.3640062,47.6588751],[-122.3640063,47.6588888],[-122.3640066,47.6589555]]}},{"type":"Feature","id":"way/1326372989/1508","properties":{"bicycle":"designated","cycleway":"shared_lane","highway":"residential","lanes":"2","lit":"yes","maxspeed":"20 mph","name":"Northwest 43rd Street","sidewalk:both":"separate","surface":"concrete","osm_id":1326372989},"geometry":{"type":"LineString","coordinates":[[-122.3640066,47.6589555],[-122.3641128,47.6589586],[-122.3644519,47.6589685]]}},{"type":"Feature","id":"way/1338940365/1509","properties":{"highway":"secondary","lanes":"2","lcn":"yes","maxspeed":"25 mph","name":"Gilman Avenue West","parking:right":"no","surface":"asphalt","osm_id":1338940365},"geometry":{"type":"LineString","coordinates":[[-122.3835588,47.6525425],[-122.3843828,47.6536583],[-122.384637,47.653988]]}},{"type":"Feature","id":"way/1338940366/1510","properties":{"highway":"secondary","lanes":"2","lcn":"yes","maxspeed":"25 mph","maxspeed:type":"sign","name":"20th Avenue West","parking:both":"lane","parking:both:orientation":"parallel","surface":"asphalt","osm_id":1338940366},"geometry":{"type":"LineString","coordinates":[[-122.3820502,47.6496533],[-122.3820494,47.649804],[-122.3820467,47.6503297]]}},{"type":"Feature","id":"way/1368211721/1511","properties":{"highway":"service","layer":"-1","maxheight":"8'2\"","tunnel":"building_passage","osm_id":1368211721},"geometry":{"type":"LineString","coordinates":[[-122.3748252,47.6678072],[-122.3748255,47.6677021]]}},{"type":"Feature","id":"way/1368211722/1512","properties":{"highway":"service","osm_id":1368211722},"geometry":{"type":"LineString","coordinates":[[-122.3748249,47.6678956],[-122.3748251,47.6678187],[-122.3748252,47.6678072]]}},{"type":"Feature","id":"way/1368607769/1513","properties":{"cycleway:right":"no","dual_carriageway":"yes","hgv":"designated","highway":"primary","lanes":"2","maxspeed":"30 mph","name":"15th Avenue Northwest","old_name":"Main Street (Ballard)","oneway":"yes","parking:both":"no","parking:both:restriction":"no_stopping","sidewalk:left":"no","sidewalk:right":"separate","snowplowing":"yes","source:hgv":"https://www.seattle.gov/Documents/Departments/SDOT/Services/Permits/MajorTruckStreets.pdf","surface":"asphalt","winter_service":"yes","winter_service:priority":"1","osm_id":1368607769},"geometry":{"type":"LineString","coordinates":[[-122.376128,47.6694482],[-122.3761276,47.669468],[-122.3761311,47.6694986],[-122.376141,47.6695251],[-122.3761567,47.6695489],[-122.3761752,47.6695751],[-122.3761905,47.6696023],[-122.3762027,47.6696367]]}},{"type":"Feature","id":"way/1368607770/1514","properties":{"hgv":"designated","highway":"primary","lanes":"5","lanes:backward":"2","lanes:both_ways":"1","lanes:forward":"2","lit":"yes","maxspeed":"30 mph","name":"15th Avenue Northwest","sidewalk":"separate","snowplowing":"yes","source:hgv":"https://www.seattle.gov/Documents/Departments/SDOT/Services/Permits/MajorTruckStreets.pdf","surface":"asphalt","turn:lanes:both_ways":"left","winter_service":"yes","winter_service:priority":"1","osm_id":1368607770},"geometry":{"type":"LineString","coordinates":[[-122.3761983,47.6699756],[-122.3761982,47.6700071],[-122.3761978,47.6701711],[-122.376195,47.6705635],[-122.376193,47.6708312],[-122.376193,47.6709051],[-122.376193,47.6709825],[-122.3762004,47.671638],[-122.3762015,47.6719628],[-122.37620167342656,47.672]]}},{"type":"Feature","id":"way/1368607771/1515","properties":{"hgv":"designated","highway":"primary","lanes":"5","lanes:backward":"2","lanes:both_ways":"1","lanes:forward":"2","lit":"yes","maxspeed":"30 mph","name":"15th Avenue Northwest","sidewalk":"separate","snowplowing":"yes","source:hgv":"https://www.seattle.gov/Documents/Departments/SDOT/Services/Permits/MajorTruckStreets.pdf","surface":"asphalt","turn:lanes:both_ways":"left","winter_service":"yes","winter_service:priority":"1","osm_id":1368607771},"geometry":{"type":"LineString","coordinates":[[-122.3761993,47.6697382],[-122.3761986,47.6698437],[-122.3761983,47.6699756]]}},{"type":"Feature","id":"way/1373604473/1516","properties":{"cycleway:both":"no","highway":"primary","lanes":"4","lit":"yes","maxspeed":"25 mph","name":"Northwest Market Street","parking:lane:both":"no_stopping","sidewalk:both":"separate","snowplowing":"yes","surface":"asphalt","trolley_wire":"yes","winter_service":"yes","winter_service:priority":"1","osm_id":1373604473},"geometry":{"type":"LineString","coordinates":[[-122.3609777,47.6671734],[-122.361034,47.6672523],[-122.3610563,47.6672795],[-122.3615474,47.6678787],[-122.3619732,47.6684036]]}},{"type":"Feature","id":"way/1395253527/1517","properties":{"highway":"service","surface":"paved","osm_id":1395253527},"geometry":{"type":"LineString","coordinates":[[-122.3606801,47.6518948],[-122.3605151,47.6520448]]}},{"type":"Feature","id":"way/1416892235/1518","properties":{"highway":"service","service":"alley","osm_id":1416892235},"geometry":{"type":"LineString","coordinates":[[-122.3867453,47.6571319],[-122.3867493,47.6576347]]}},{"type":"Feature","id":"way/1417487044/1519","properties":{"bicycle":"yes","footway":"link","highway":"footway","surface":"concrete","osm_id":1417487044},"geometry":{"type":"LineString","coordinates":[[-122.3686773,47.6669799],[-122.3686056,47.6669797]]}},{"type":"Feature","id":"way/1417487045/1520","properties":{"bicycle":"yes","footway":"sidewalk","highway":"footway","surface":"concrete","osm_id":1417487045},"geometry":{"type":"LineString","coordinates":[[-122.3687345,47.66698],[-122.3686773,47.6669799]]}},{"type":"Feature","id":"way/1417487046/1521","properties":{"access":"yes","bicycle":"yes","foot":"yes","footway":"link","highway":"footway","horse":"no","motor_vehicle":"no","surface":"concrete","osm_id":1417487046},"geometry":{"type":"LineString","coordinates":[[-122.3707233,47.6671691],[-122.3707619,47.6671587]]}},{"type":"Feature","id":"way/1417487047/1522","properties":{"access":"yes","bicycle":"yes","foot":"yes","footway":"sidewalk","highway":"footway","horse":"no","motor_vehicle":"no","surface":"concrete","osm_id":1417487047},"geometry":{"type":"LineString","coordinates":[[-122.3706618,47.667169],[-122.3707233,47.6671691]]}},{"type":"Feature","id":"way/1418551475/1523","properties":{"highway":"service","service":"parking_aisle","osm_id":1418551475},"geometry":{"type":"LineString","coordinates":[[-122.3731203,47.6697373],[-122.3729536,47.6697364]]}},{"type":"Feature","id":"way/1420657933/1524","properties":{"highway":"residential","lanes":"2","maxspeed":"20 mph","name":"Northwest 50th Street","oneway":"no","sidewalk:both":"separate","osm_id":1420657933},"geometry":{"type":"LineString","coordinates":[[-122.3608142,47.6650131],[-122.3609267,47.6650125],[-122.363201,47.6650218],[-122.3632762,47.6650221]]}},{"type":"Feature","id":"way/1420657934/1525","properties":{"highway":"residential","lanes":"2","maxspeed":"20 mph","name":"Northwest 49th Street","oneway":"no","parking:both":"lane","parking:both:orientation":"parallel","sidewalk:both":"separate","osm_id":1420657934},"geometry":{"type":"LineString","coordinates":[[-122.3590531,47.6642901],[-122.3591286,47.6643049],[-122.3606669,47.6643035],[-122.3606955,47.664307],[-122.3607368,47.6643109],[-122.3608077,47.6643287]]}},{"type":"Feature","id":"way/1420657935/1526","properties":{"highway":"tertiary","lanes":"2","maxspeed":"25 mph","name":"3rd Avenue Northwest","sidewalk:both":"separate","snowplowing":"yes","winter_service":"yes","winter_service:priority":"2","osm_id":1420657935},"geometry":{"type":"LineString","coordinates":[[-122.3608077,47.6643287],[-122.3608088,47.6644294],[-122.3608118,47.6647064],[-122.3608138,47.6649615],[-122.3608142,47.6650131],[-122.3608154,47.6651117],[-122.3608204,47.6657241],[-122.3608188,47.6658107],[-122.3608081,47.6663762],[-122.3608068,47.6664594],[-122.3608044,47.6665438],[-122.3608033,47.66658]]}},{"type":"Feature","id":"way/1420657936/1527","properties":{"highway":"residential","lanes":"2","lit":"yes","maxspeed":"20 mph","name":"Northwest 53rd Street","sidewalk:both":"separate","surface":"concrete","osm_id":1420657936},"geometry":{"type":"LineString","coordinates":[[-122.3612148,47.6671823],[-122.3631951,47.6671733],[-122.3632789,47.6671729]]}},{"type":"Feature","id":"way/1421429457/1528","properties":{"highway":"service","service":"parking_aisle","osm_id":1421429457},"geometry":{"type":"LineString","coordinates":[[-122.3665336,47.6612408],[-122.3664388,47.6610294]]}},{"type":"Feature","id":"way/1423231147/1529","properties":{"highway":"service","osm_id":1423231147},"geometry":{"type":"LineString","coordinates":[[-122.3711251,47.6565538],[-122.3713814,47.6562188],[-122.3711679,47.6561674],[-122.3709849,47.6561234],[-122.3709492,47.6561284],[-122.3709209,47.6561415],[-122.3707831,47.6563086]]}},{"type":"Feature","id":"way/1423231148/1530","properties":{"highway":"service","service":"parking_aisle","osm_id":1423231148},"geometry":{"type":"LineString","coordinates":[[-122.370962,47.6564369],[-122.3711679,47.6561674]]}},{"type":"Feature","id":"way/1423231149/1531","properties":{"highway":"service","service":"parking_aisle","osm_id":1423231149},"geometry":{"type":"LineString","coordinates":[[-122.3716759,47.6573486],[-122.3711046,47.6573485],[-122.3709891,47.6573018]]}},{"type":"Feature","id":"way/1423231150/1532","properties":{"highway":"service","service":"parking_aisle","osm_id":1423231150},"geometry":{"type":"LineString","coordinates":[[-122.3716549,47.6571858],[-122.3711052,47.6571831]]}},{"type":"Feature","id":"way/1423231151/1533","properties":{"highway":"service","osm_id":1423231151},"geometry":{"type":"LineString","coordinates":[[-122.371358,47.6570246],[-122.3716491,47.6570216]]}},{"type":"Feature","id":"way/1423231152/1534","properties":{"highway":"service","osm_id":1423231152},"geometry":{"type":"LineString","coordinates":[[-122.3716549,47.6571858],[-122.3718314,47.6571949],[-122.3720701,47.6571958],[-122.3723947,47.6571949],[-122.3723978,47.6573436],[-122.3724015,47.6575253]]}},{"type":"Feature","id":"way/1434150782/1535","properties":{"highway":"residential","lanes":"1","maxspeed":"20 mph","name":"Northwest 50th Street","oneway":"yes","sidewalk:both":"separate","surface":"asphalt","osm_id":1434150782},"geometry":{"type":"LineString","coordinates":[[-122.3598469,47.6650228],[-122.3597857,47.6650264],[-122.3597435,47.6650289],[-122.3596491,47.6650661]]}},{"type":"Feature","id":"way/1435561109/1536","properties":{"highway":"service","service":"slipway","osm_id":1435561109},"geometry":{"type":"LineString","coordinates":[[-122.3766879,47.6554289],[-122.3766901,47.6558036],[-122.3766869,47.6565267]]}},{"type":"Feature","id":"way/1436867788/1537","properties":{"highway":"residential","lanes":"2","lit":"yes","maxspeed":"20 mph","name":"Northwest Ione Place","sidewalk":"separate","surface":"concrete","osm_id":1436867788},"geometry":{"type":"LineString","coordinates":[[-122.3788802,47.6667143],[-122.3790395,47.6666299],[-122.3792387,47.6665243]]}},{"type":"Feature","id":"way/1444155035/1538","properties":{"hgv":"designated","highway":"tertiary","lanes":"2","maxheight:signed":"no","maxspeed":"25 mph","name":"Northwest 46th Street","old_name":"B Street","sidewalk":"separate","snowplowing":"no","source:hgv":"https://www.seattle.gov/Documents/Departments/SDOT/Services/Permits/MajorTruckStreets.pdf","surface":"asphalt","winter_service":"no","osm_id":1444155035},"geometry":{"type":"LineString","coordinates":[[-122.3748627,47.6622008],[-122.3751652,47.6622021],[-122.3759173,47.6622046],[-122.3759913,47.6622054]]}},{"type":"Feature","id":"way/1444155036/1539","properties":{"hgv":"designated","highway":"tertiary","lanes":"2","maxheight":"14'9\"","maxheight:signed":"no","maxspeed":"25 mph","name":"Northwest 46th Street","old_name":"B Street","sidewalk":"separate","snowplowing":"no","source:hgv":"https://www.seattle.gov/Documents/Departments/SDOT/Services/Permits/MajorTruckStreets.pdf","surface":"asphalt","winter_service":"no","osm_id":1444155036},"geometry":{"type":"LineString","coordinates":[[-122.3759913,47.6622054],[-122.37639,47.6622056],[-122.3764952,47.6622057]]}},{"type":"Feature","id":"way/1450141303/1540","properties":{"highway":"service","osm_id":1450141303},"geometry":{"type":"LineString","coordinates":[[-122.363583,47.6550714],[-122.3635073,47.654974],[-122.363606,47.6548692]]}},{"type":"Feature","id":"way/1450141304/1541","properties":{"highway":"service","osm_id":1450141304},"geometry":{"type":"LineString","coordinates":[[-122.3635073,47.654974],[-122.3634172,47.6549104],[-122.3629408,47.6546351]]}},{"type":"Feature","id":"way/1450793676/1542","properties":{"highway":"residential","lanes":"2","maxspeed":"20 mph","name":"Baker Avenue Northwest","sidewalk":"both","osm_id":1450793676},"geometry":{"type":"LineString","coordinates":[[-122.3605185,47.6674107],[-122.3603716,47.6676642],[-122.360366,47.6676739],[-122.3603588,47.6677286],[-122.36015,47.668029]]}},{"type":"Feature","id":"way/1453259304/1543","properties":{"highway":"service","osm_id":1453259304},"geometry":{"type":"LineString","coordinates":[[-122.371068,47.6621909],[-122.371072,47.6620526],[-122.3710169,47.6619774],[-122.3710263,47.6618016],[-122.3707452,47.6617998]]}},{"type":"Feature","id":"way/1455875252/1544","properties":{"highway":"residential","lanes":"2","lit":"yes","maxspeed":"20 mph","name":"22nd Avenue Northwest","sidewalk":"separate","surface":"concrete","osm_id":1455875252},"geometry":{"type":"LineString","coordinates":[[-122.3847387,47.6694547],[-122.3847387,47.6693898],[-122.3847388,47.6691666],[-122.3847388,47.6690979],[-122.3847389,47.6687962],[-122.384739,47.6686658]]}},{"type":"Feature","id":"way/1455875253/1545","properties":{"highway":"residential","lanes":"2","lit":"yes","maxspeed":"20 mph","name":"22nd Avenue Northwest","sidewalk":"separate","surface":"concrete","osm_id":1455875253},"geometry":{"type":"LineString","coordinates":[[-122.3847537,47.6708708],[-122.3847521,47.670839],[-122.3847525,47.6708242],[-122.3847431,47.6702552],[-122.3847371,47.6701817]]}},{"type":"Feature","id":"way/1461639016/1546","properties":{"highway":"service","osm_id":1461639016},"geometry":{"type":"LineString","coordinates":[[-122.3576714,47.6532638],[-122.357564,47.6532626],[-122.3573031,47.6532595],[-122.3573016,47.6533199]]}},{"type":"Feature","id":"way/1461642663/1547","properties":{"highway":"residential","lanes":"2","maxspeed":"20 mph","name":"North 41st Street","sidewalk:both":"separate","surface":"concrete","osm_id":1461642663},"geometry":{"type":"LineString","coordinates":[[-122.3575808,47.6563484],[-122.357252,47.6563457],[-122.3571853,47.6563452]]}},{"type":"Feature","id":"way/1461642664/1548","properties":{"highway":"residential","lanes":"2","maxspeed":"20 mph","name":"North 41st Street","sidewalk:both":"separate","surface":"concrete","osm_id":1461642664},"geometry":{"type":"LineString","coordinates":[[-122.3571853,47.6563452],[-122.3570939,47.6563453],[-122.357,47.65634538930949]]}},{"type":"Feature","id":"way/1461642718/1549","properties":{"bicycle":"designated","cycleway":"shared_lane","highway":"residential","lanes":"2","maxspeed":"20 mph","name":"6th Avenue Northwest","sidewalk:both":"separate","sidewalk:both:surface":"concrete","smoothness":"good","surface":"asphalt","osm_id":1461642718},"geometry":{"type":"LineString","coordinates":[[-122.3639987,47.6640855],[-122.3639935,47.6643176],[-122.363992,47.664385]]}},{"type":"Feature","id":"way/1461642759/1550","properties":{"bicycle":"designated","cycleway":"lane","highway":"secondary","lanes":"3","lanes:backward":"1","lanes:both_ways":"1","lanes:forward":"1","lit":"yes","maxspeed":"25 mph","name":"8th Avenue Northwest","oneway":"no","sidewalk:both":"separate","smoothness":"good","snowplowing":"yes","surface":"concrete","turn:lanes:both_ways":"left","winter_service":"yes","winter_service:priority":"2","osm_id":1461642759},"geometry":{"type":"LineString","coordinates":[[-122.3662005,47.6636514],[-122.3661994,47.663726],[-122.3661978,47.6638343],[-122.3661951,47.6640172],[-122.3661905,47.6643316],[-122.3661897,47.6643889]]}},{"type":"Feature","id":"way/1463609055/1551","properties":{"highway":"service","oneway":"yes","service":"drive-through","osm_id":1463609055},"geometry":{"type":"LineString","coordinates":[[-122.3867921,47.6558693],[-122.38687,47.6558843],[-122.386872,47.6559739]]}},{"type":"Feature","id":"way/1464526653/1552","properties":{"bicycle":"designated","crossing_link":"yes","cycleway:surface":"concrete","foot":"designated","footway:surface":"concrete","highway":"cycleway","lit":"yes","name":"Burke-Gilman Trail","oneway":"no","railtrail":"yes","segregated":"no","source":"Local Knwoladge","surface":"concrete","osm_id":1464526653},"geometry":{"type":"LineString","coordinates":[[-122.366289,47.6592359],[-122.3662886,47.6592153]]}},{"type":"Feature","id":"way/1464526654/1553","properties":{"bicycle":"designated","crossing_link":"yes","cycleway:surface":"concrete","foot":"designated","footway:surface":"concrete","highway":"cycleway","lit":"yes","name":"Burke-Gilman Trail","oneway":"no","railtrail":"yes","segregated":"no","source":"Local Knwoladge","surface":"concrete","osm_id":1464526654},"geometry":{"type":"LineString","coordinates":[[-122.3661932,47.6589447],[-122.3661637,47.6589326]]}},{"type":"Feature","id":"way/1465622184/1554","properties":{"bicycle":"designated","crossing_link":"yes","cycleway:surface":"concrete","foot":"designated","footway:surface":"concrete","highway":"cycleway","lit":"yes","name":"Burke-Gilman Trail","oneway":"no","railtrail":"yes","segregated":"no","source":"Local Knwoladge","surface":"concrete","osm_id":1465622184},"geometry":{"type":"LineString","coordinates":[[-122.3660296,47.6588899],[-122.3659986,47.6588774]]}},{"type":"Feature","id":"way/1465833212/1555","properties":{"bicycle":"designated","check_date:surface":"2023-07-17","crossing_link":"yes","cycleway:surface":"asphalt","foot":"designated","footway:surface":"asphalt","highway":"cycleway","incline":"-0.03%","name":"Burke-Gilman Trail","note":"railway=abandone is rail-trail","railway":"abandoned","segregated":"yes","source":"Local Knwoladge","start_date":"1887","surface":"concrete","osm_id":1465833212},"geometry":{"type":"LineString","coordinates":[[-122.3629078,47.6559784],[-122.3628935,47.655963]]}},{"type":"Feature","id":"way/1469828627/1556","properties":{"cycleway:both":"no","highway":"residential","lanes":"2","lit":"yes","maxspeed":"20 mph","name":"Northwest 46th Street","sidewalk":"both","surface":"asphalt","osm_id":1469828627},"geometry":{"type":"LineString","coordinates":[[-122.3661846,47.6621913],[-122.366349,47.6621917],[-122.3667145,47.6621926],[-122.3670296,47.6621934],[-122.3676915,47.662195],[-122.3678725,47.6621955]]}},{"type":"Feature","id":"way/1469828628/1557","properties":{"cycleway:both":"no","highway":"residential","lanes":"2","lit":"yes","maxspeed":"20 mph","name":"Northwest 45th Street","sidewalk:left":"yes","sidewalk:right":"separate","surface":"concrete","osm_id":1469828628},"geometry":{"type":"LineString","coordinates":[[-122.366191,47.6614545],[-122.3663399,47.6614551],[-122.3666647,47.6614565],[-122.3669694,47.6614578],[-122.3671883,47.6614588]]}},{"type":"Feature","id":"way/1469828629/1558","properties":{"cycleway:both":"no","highway":"residential","lanes":"2","lit":"yes","maxspeed":"20 mph","name":"Northwest 45th Street","sidewalk":"both","surface":"concrete","osm_id":1469828629},"geometry":{"type":"LineString","coordinates":[[-122.357699,47.6615672],[-122.3577261,47.6615182],[-122.357777,47.6614977],[-122.3578486,47.6614943]]}},{"type":"Feature","id":"way/1480653856/1559","properties":{"highway":"service","osm_id":1480653856},"geometry":{"type":"LineString","coordinates":[[-122.3707548,47.6632594],[-122.3706769,47.6632607],[-122.3706524,47.6632604],[-122.3704663,47.6632586],[-122.3704747,47.6630963],[-122.3704781,47.6630301],[-122.3704803,47.6630126],[-122.3704833,47.6629288]]}},{"type":"Feature","id":"way/1480653857/1560","properties":{"highway":"service","oneway":"yes","service":"drive-through","osm_id":1480653857},"geometry":{"type":"LineString","coordinates":[[-122.3704747,47.6630963],[-122.3702993,47.6630465],[-122.3702202,47.6630329],[-122.3700901,47.663033],[-122.3699137,47.6630438],[-122.3698895,47.6631044],[-122.3698755,47.6632446],[-122.3698764,47.6634007]]}},{"type":"Feature","id":"way/1480653858/1561","properties":{"highway":"service","osm_id":1480653858},"geometry":{"type":"LineString","coordinates":[[-122.3703293,47.6634094],[-122.3702739,47.6635458],[-122.3702697,47.6635515],[-122.3702584,47.6636578]]}},{"type":"Feature","id":"way/1480653859/1562","properties":{"highway":"service","osm_id":1480653859},"geometry":{"type":"LineString","coordinates":[[-122.3698764,47.6634007],[-122.3703293,47.6634094],[-122.3704663,47.6632586]]}},{"type":"Feature","id":"way/1486431442/1563","properties":{"highway":"cycleway","oneway":"yes","surface":"concrete","osm_id":1486431442},"geometry":{"type":"LineString","coordinates":[[-122.3762769,47.6657052],[-122.3762435,47.6656938]]}},{"type":"Feature","id":"way/1486431443/1564","properties":{"highway":"cycleway","oneway":"yes","surface":"concrete","osm_id":1486431443},"geometry":{"type":"LineString","coordinates":[[-122.3762129,47.6656942],[-122.3761653,47.6657065]]}},{"type":"Feature","id":"way/1486431444/1565","properties":{"cycleway":"traffic_island","highway":"cycleway","oneway":"yes","surface":"concrete","width":"6'","osm_id":1486431444},"geometry":{"type":"LineString","coordinates":[[-122.3762435,47.6656938],[-122.3762129,47.6656942]]}},{"type":"Feature","id":"way/1499794989/1566","properties":{"highway":"cycleway","oneway":"yes","surface":"asphalt","osm_id":1499794989},"geometry":{"type":"LineString","coordinates":[[-122.3762438,47.6657175],[-122.3762769,47.6657052]]}},{"type":"Feature","id":"way/1499794990/1567","properties":{"cycleway":"traffic_island","highway":"cycleway","oneway":"yes","surface":"concrete","width":"6'","osm_id":1499794990},"geometry":{"type":"LineString","coordinates":[[-122.3762132,47.6657178],[-122.3762438,47.6657175]]}},{"type":"Feature","id":"way/1499794991/1568","properties":{"highway":"cycleway","oneway":"yes","surface":"asphalt","osm_id":1499794991},"geometry":{"type":"LineString","coordinates":[[-122.3761653,47.6657065],[-122.3762132,47.6657178]]}},{"type":"Feature","id":"way/1521642083/1569","properties":{"highway":"residential","lanes":"2","maxspeed":"20 mph","name":"1st Avenue Northwest","sidewalk":"separate","surface":"concrete","osm_id":1521642083},"geometry":{"type":"LineString","coordinates":[[-122.3576774,47.6529703],[-122.3576753,47.6530791],[-122.3576714,47.6532638]]}},{"type":"Feature","id":"way/1521642084/1570","properties":{"highway":"residential","lanes":"2","maxspeed":"20 mph","name":"1st Avenue Northwest","sidewalk":"separate","surface":"concrete","osm_id":1521642084},"geometry":{"type":"LineString","coordinates":[[-122.3576714,47.6532638],[-122.3576668,47.6534793],[-122.3576533,47.6540881],[-122.3576529,47.6541512]]}},{"type":"Feature","id":"way/1521642085/1571","properties":{"highway":"residential","lanes":"2","maxspeed":"20 mph","name":"1st Avenue Northwest","sidewalk":"separate","surface":"concrete","osm_id":1521642085},"geometry":{"type":"LineString","coordinates":[[-122.3576757,47.6526867],[-122.3576777,47.6528575],[-122.3576774,47.6529703]]}},{"type":"Feature","id":"way/1524784838/1572","properties":{"cycleway":"shared","highway":"cycleway","osm_id":1524784838},"geometry":{"type":"LineString","coordinates":[[-122.3645363,47.6589277],[-122.3644519,47.6589685]]}},{"type":"Feature","id":"way/1524786161/1573","properties":{"highway":"tertiary","lanes":"2","maxspeed":"25 mph","name":"20th Avenue Northwest","sidewalk":"separate","snowplowing":"no","surface":"asphalt","winter_service":"no","osm_id":1524786161},"geometry":{"type":"LineString","coordinates":[[-122.3821537,47.6642997],[-122.3821522,47.6644411],[-122.3821519,47.6644798],[-122.3821457,47.6653004],[-122.3821453,47.665367]]}},{"type":"Feature","id":"way/1524786162/1574","properties":{"cycleway:both":"no","highway":"secondary","lanes":"4","maxspeed":"25 mph","name":"Leary Avenue Northwest","sidewalk:both":"separate","surface":"asphalt","osm_id":1524786162},"geometry":{"type":"LineString","coordinates":[[-122.3819089,47.6664855],[-122.3822723,47.6667977]]}},{"type":"Feature","id":"way/1524990465/1575","properties":{"cycleway:both":"no","highway":"residential","lanes":"2","lit":"no","maxspeed":"20 mph","name":"7th Avenue Northwest","sidewalk":"no","surface":"asphalt","osm_id":1524990465},"geometry":{"type":"LineString","coordinates":[[-122.3650726,47.6588824],[-122.3650734,47.6589501]]}},{"type":"Feature","id":"way/1524991314/1576","properties":{"cycleway:both":"no","highway":"residential","lanes":"2","lit":"no","maxspeed":"20 mph","name":"7th Avenue Northwest","sidewalk":"no","surface":"asphalt","osm_id":1524991314},"geometry":{"type":"LineString","coordinates":[[-122.3650606,47.6577728],[-122.3650623,47.6580027],[-122.3650638,47.6580717]]}},{"type":"Feature","id":"way/1524991315/1577","properties":{"bicycle":"designated","crossing":"marked","crossing:markings":"zebra:paired","cycleway":"crossing","cycleway:surface":"asphalt","foot":"designated","footway:surface":"asphalt","highway":"cycleway","lit":"no","name":"Burke-Gilman Trail","oneway":"no","segregated":"no","source":"Local Knwoladge","surface":"asphalt","osm_id":1524991315},"geometry":{"type":"LineString","coordinates":[[-122.3650638,47.6580717],[-122.3650031,47.658011]]}},{"type":"Feature","id":"way/1527416176/1578","properties":{"highway":"service","maxheight:signed":"no","maxspeed":"15 mph","name":"15th Avenue Northwest","service":"alley","surface":"asphalt","osm_id":1527416176},"geometry":{"type":"LineString","coordinates":[[-122.3763869,47.6615682],[-122.3763863,47.6615203],[-122.3763844,47.6613657]]}},{"type":"Feature","id":"way/1527560931/1579","properties":{"highway":"service","osm_id":1527560931},"geometry":{"type":"LineString","coordinates":[[-122.3659649,47.6608003],[-122.3659636,47.6607449],[-122.3659662,47.6605121]]}},{"type":"Feature","id":"way/1532329720/1580","properties":{"highway":"residential","lanes":"2","maxspeed":"20 mph","name":"6th Avenue West","osm_id":1532329720},"geometry":{"type":"LineString","coordinates":[[-122.364458,47.6516462],[-122.3644174,47.6517262],[-122.3642963,47.6519657],[-122.3642827,47.6519925],[-122.3641258,47.6523169]]}},{"type":"Feature","id":"way/1536069269/1581","properties":{"highway":"residential","lanes":"2","maxspeed":"20 mph","name":"Northwest Ballard Way","old_name":"C Street","sidewalk:both":"separate","osm_id":1536069269},"geometry":{"type":"LineString","coordinates":[[-122.3758805,47.6629284],[-122.3759533,47.6629294],[-122.3760612,47.6629309]]}},{"type":"Feature","id":"way/1537523119/1582","properties":{"highway":"service","lanes":"1","oneway":"yes","service":"drive-through","osm_id":1537523119},"geometry":{"type":"LineString","coordinates":[[-122.3625224,47.6560564],[-122.3625232,47.6564764]]}},{"type":"Feature","id":"way/1544937985/1583","properties":{"access":"destination","highway":"service","maxspeed":"15 mph","service":"alley","sidewalk:both":"no","surface":"gravel","osm_id":1544937985},"geometry":{"type":"LineString","coordinates":[[-122.3729634,47.666431],[-122.372963,47.6665113],[-122.3729598,47.6670868],[-122.3729594,47.6671608]]}},{"type":"Feature","id":"way/1547233330/1584","properties":{"highway":"residential","lanes":"2","maxspeed":"20 mph","name":"9th Avenue Northwest","sidewalk:both":"separate","surface":"concrete","osm_id":1547233330},"geometry":{"type":"LineString","coordinates":[[-122.3685972,47.6716216],[-122.3685988,47.6716945],[-122.36860550691547,47.672]]}},{"type":"Feature","id":"way/1551359975/1585","properties":{"dual_carriageway":"yes","highway":"tertiary","lanes":"1","maxspeed":"20 mph","name":"14th Avenue Northwest","oneway":"yes","sidewalk:left":"no","sidewalk:right":"separate","osm_id":1551359975},"geometry":{"type":"LineString","coordinates":[[-122.3736072,47.6629281],[-122.3736724,47.6628444],[-122.3736815,47.6628326],[-122.3736811,47.6627999],[-122.3736745,47.6623173],[-122.3736745,47.6623024],[-122.3736759,47.6621972]]}},{"type":"Feature","id":"way/1551359976/1586","properties":{"bicycle":"yes","highway":"residential","lanes":"2","maxspeed":"20 mph","name":"Northwest 59th Street","old_name":"Crawford Street","sidewalk":"separate","surface":"asphalt","osm_id":1551359976},"geometry":{"type":"LineString","coordinates":[[-122.3735032,47.6716284],[-122.3734208,47.6716284],[-122.3733686,47.6716276],[-122.372941,47.6716291],[-122.3708537,47.6716294],[-122.3707455,47.6716294],[-122.3706531,47.6716291],[-122.3687235,47.6716221],[-122.3685972,47.6716216],[-122.3684955,47.6716215],[-122.3663421,47.6716183],[-122.3661718,47.6716181]]}},{"type":"Feature","id":"way/1551359977/1587","properties":{"bicycle":"yes","highway":"tertiary","lanes":"2","maxspeed":"20 mph","name":"Northwest 59th Street","old_name":"Crawford Street","sidewalk":"separate","surface":"asphalt","osm_id":1551359977},"geometry":{"type":"LineString","coordinates":[[-122.3736693,47.6716295],[-122.3735032,47.6716284]]}},{"type":"Feature","id":"way/1560865394/1588","properties":{"highway":"residential","lanes":"2","maxspeed":"20 mph","name":"Northwest 42nd Street","sidewalk":"no","surface":"asphalt","osm_id":1560865394},"geometry":{"type":"LineString","coordinates":[[-122.3647576,47.6577727],[-122.3648174,47.6577727],[-122.3650606,47.6577728],[-122.365351,47.6577723],[-122.3654973,47.6577724],[-122.3655451,47.6577723]]}}]}