{"type":"FeatureCollection","name":"seattle-flowmap-2023-native","xy_coordinate_resolution":1e-06,"features":[{"type":"Feature","id":1104,"properties":{"compkey":1104,"street":"1ST AVE NE","arterialClass":"Collector Arterial","arterialClassCode":3,"oneWay":false,"aawdt":4723.4,"method":"two_way_total","directions":"TOTAL","measurementCount":1,"measurements":[{"studyId":"342900","date":"2023-10-20","direction":"TOTAL","awdt":4723.4,"used":true}]},"geometry":{"type":"LineString","coordinates":[[-122.328979,47.719689],[-122.328958,47.721336],[-122.328949,47.721977]]}},{"type":"Feature","id":1240,"properties":{"compkey":1240,"street":"1ST AVE W","arterialClass":"Collector Arterial","arterialClassCode":3,"oneWay":false,"aawdt":2377.8,"method":"two_way_total","directions":"TOTAL","measurementCount":1,"measurements":[{"studyId":"342297","date":"2023-08-29","direction":"TOTAL","awdt":2377.75,"used":true}]},"geometry":{"type":"LineString","coordinates":[[-122.358059,47.620952],[-122.358059,47.620966],[-122.35805,47.622119]]}},{"type":"Feature","id":1242,"properties":{"compkey":1242,"street":"1ST AVE W","arterialClass":"Collector Arterial","arterialClassCode":3,"oneWay":false,"aawdt":4202.5,"method":"two_way_total","directions":"TOTAL","measurementCount":1,"measurements":[{"studyId":"343201","date":"2023-11-09","direction":"TOTAL","awdt":4202.5,"used":true}]},"geometry":{"type":"LineString","coordinates":[[-122.358041,47.623287],[-122.358039,47.623302],[-122.358031,47.624593]]}},{"type":"Feature","id":1406,"properties":{"compkey":1406,"street":"11TH AVE NE","arterialClass":"Principal Arterial","arterialClassCode":1,"oneWay":true,"aawdt":6415.4,"method":"one_way_direction","directions":"N","measurementCount":1,"measurements":[{"studyId":"343062","date":"2023-10-31","direction":"N","awdt":6415.4,"used":true}]},"geometry":{"type":"LineString","coordinates":[[-122.31669,47.657483],[-122.316671,47.658362]]}},{"type":"Feature","id":1410,"properties":{"compkey":1410,"street":"11TH AVE NE","arterialClass":"Principal Arterial","arterialClassCode":1,"oneWay":true,"aawdt":5069.4,"method":"one_way_direction","directions":"N","measurementCount":1,"measurements":[{"studyId":"342875","date":"2023-10-20","direction":"N","awdt":5069.4,"used":true}]},"geometry":{"type":"LineString","coordinates":[[-122.316373,47.663117],[-122.316349,47.664933]]}},{"type":"Feature","id":1412,"properties":{"compkey":1412,"street":"11TH AVE NE","arterialClass":"Principal Arterial","arterialClassCode":1,"oneWay":true,"aawdt":3925.6,"method":"one_way_direction","directions":"N","measurementCount":1,"measurements":[{"studyId":"342959","date":"2023-10-24","direction":"N","awdt":3925.6,"used":true}]},"geometry":{"type":"LineString","coordinates":[[-122.31633,47.666446],[-122.316301,47.668576]]}},{"type":"Feature","id":1502,"properties":{"compkey":1502,"street":"11TH AVE W","arterialClass":"Collector Arterial","arterialClassCode":3,"oneWay":false,"aawdt":2369.5,"method":"two_way_total","directions":"TOTAL","measurementCount":1,"measurements":[{"studyId":"341527","date":"2023-06-14","direction":"TOTAL","awdt":2369.5,"used":true}]},"geometry":{"type":"LineString","coordinates":[[-122.371577,47.648463],[-122.371558,47.649946],[-122.371553,47.650358],[-122.371542,47.650424]]}},{"type":"Feature","id":1586,"properties":{"compkey":1586,"street":"12TH AVE NE","arterialClass":"Principal Arterial","arterialClassCode":1,"oneWay":true,"aawdt":5519.2,"method":"one_way_direction","directions":"N","measurementCount":1,"measurements":[{"studyId":"342835","date":"2023-10-18","direction":"N","awdt":5519.2,"used":true}]},"geometry":{"type":"LineString","coordinates":[[-122.315636,47.680159],[-122.315641,47.680363],[-122.315651,47.68085]]}},{"type":"Feature","id":2017,"properties":{"compkey":2017,"street":"15TH AVE E","arterialClass":"Minor Arterial","arterialClassCode":2,"oneWay":false,"aawdt":4071.2,"method":"two_way_total","directions":"TOTAL","measurementCount":1,"measurements":[{"studyId":"341465","date":"2023-06-06","direction":"TOTAL","awdt":4071.2,"used":true}]},"geometry":{"type":"LineString","coordinates":[[-122.312559,47.628702],[-122.312534,47.630649]]}},{"type":"Feature","id":2123,"properties":{"compkey":2123,"street":"15TH AVE NW","arterialClass":"Collector Arterial","arterialClassCode":3,"oneWay":false,"aawdt":3466.8,"method":"two_way_total","directions":"TOTAL","measurementCount":1,"measurements":[{"studyId":"342638","date":"2023-10-04","direction":"TOTAL","awdt":3466.8,"used":true}]},"geometry":{"type":"LineString","coordinates":[[-122.376813,47.694694],[-122.376811,47.696076]]}},{"type":"Feature","id":2350,"properties":{"compkey":2350,"street":"16TH AVE SW","arterialClass":"Minor Arterial","arterialClassCode":2,"oneWay":false,"aawdt":4304.0,"method":"two_way_total","directions":"TOTAL","measurementCount":1,"measurements":[{"studyId":"341852","date":"2023-07-12","direction":"TOTAL","awdt":4304.0,"used":true}]},"geometry":{"type":"LineString","coordinates":[[-122.355159,47.519201],[-122.35518,47.517366]]}},{"type":"Feature","id":2474,"properties":{"compkey":2474,"street":"17TH AVE S","arterialClass":"Collector Arterial","arterialClassCode":3,"oneWay":false,"aawdt":4298.8,"method":"two_way_total","directions":"TOTAL","measurementCount":1,"measurements":[{"studyId":"341673","date":"2023-06-29","direction":"TOTAL","awdt":4298.75,"used":true}]},"geometry":{"type":"LineString","coordinates":[[-122.310798,47.582978],[-122.310802,47.582506],[-122.31081,47.581037],[-122.310809,47.581009]]}},{"type":"Feature","id":2513,"properties":{"compkey":2513,"street":"17TH AVE SW","arterialClass":"Principal Arterial","arterialClassCode":1,"oneWay":false,"aawdt":5665.2,"method":"two_way_total","directions":"TOTAL","measurementCount":1,"measurements":[{"studyId":"341856","date":"2023-07-12","direction":"TOTAL","awdt":5665.2,"used":true}]},"geometry":{"type":"LineString","coordinates":[[-122.356509,47.518848],[-122.356526,47.517367]]}},{"type":"Feature","id":2518,"properties":{"compkey":2518,"street":"17TH AVE NE","arterialClass":"Collector Arterial","arterialClassCode":3,"oneWay":true,"aawdt":1383.2,"method":"one_way_direction","directions":"N","measurementCount":1,"measurements":[{"studyId":"342887","date":"2023-10-20","direction":"N","awdt":1383.2,"used":true}]},"geometry":{"type":"LineString","coordinates":[[-122.309518,47.663069],[-122.30949,47.664881]]}},{"type":"Feature","id":2524,"properties":{"compkey":2524,"street":"17TH AVE NE","arterialClass":"Collector Arterial","arterialClassCode":3,"oneWay":true,"aawdt":1676.4,"method":"one_way_direction","directions":"S","measurementCount":1,"measurements":[{"studyId":"342886","date":"2023-10-20","direction":"S","awdt":1676.4,"used":true}]},"geometry":{"type":"LineString","coordinates":[[-122.309739,47.661265],[-122.309698,47.663063]]}},{"type":"Feature","id":2652,"properties":{"compkey":2652,"street":"19TH AVE","arterialClass":"Collector Arterial","arterialClassCode":3,"oneWay":false,"aawdt":5166.6,"method":"two_way_total","directions":"TOTAL","measurementCount":1,"measurements":[{"studyId":"342044","date":"2023-07-31","direction":"TOTAL","awdt":5166.6,"used":true}]},"geometry":{"type":"LineString","coordinates":[[-122.307413,47.61761],[-122.307411,47.617763],[-122.307399,47.618511]]}},{"type":"Feature","id":2662,"properties":{"compkey":2662,"street":"19TH AVE E","arterialClass":"Collector Arterial","arterialClassCode":3,"oneWay":false,"aawdt":2441.2,"method":"two_way_total","directions":"TOTAL","measurementCount":1,"measurements":[{"studyId":"341962","date":"2023-07-20","direction":"TOTAL","awdt":2441.2,"used":true}]},"geometry":{"type":"LineString","coordinates":[[-122.307287,47.628675],[-122.307261,47.630622]]}},{"type":"Feature","id":2668,"properties":{"compkey":2668,"street":"19TH AVE E","arterialClass":"Minor Arterial","arterialClassCode":2,"oneWay":false,"aawdt":3301.8,"method":"two_way_total","directions":"TOTAL","measurementCount":1,"measurements":[{"studyId":"341517","date":"2023-06-13","direction":"TOTAL","awdt":3301.75,"used":true}]},"geometry":{"type":"LineString","coordinates":[[-122.307273,47.640285],[-122.307267,47.641014]]}},{"type":"Feature","id":2799,"properties":{"compkey":2799,"street":"2ND AVE NE","arterialClass":"Collector Arterial","arterialClassCode":3,"oneWay":true,"aawdt":2034.4,"method":"one_way_direction","directions":"S","measurementCount":1,"measurements":[{"studyId":"342469","date":"2023-09-27","direction":"S","awdt":2034.4,"used":true}]},"geometry":{"type":"LineString","coordinates":[[-122.326837,47.655549],[-122.326807,47.657706]]}},{"type":"Feature","id":2903,"properties":{"compkey":2903,"street":"2ND AVE W","arterialClass":"Collector Arterial","arterialClassCode":3,"oneWay":false,"aawdt":2097.2,"method":"two_way_total","directions":"TOTAL","measurementCount":1,"measurements":[{"studyId":"342191","date":"2023-08-16","direction":"TOTAL","awdt":2097.2,"used":true}]},"geometry":{"type":"LineString","coordinates":[[-122.359336,47.624598],[-122.359333,47.625103],[-122.359328,47.62573]]}},{"type":"Feature","id":2926,"properties":{"compkey":2926,"street":"2ND AV ET S","arterialClass":"Principal Arterial","arterialClassCode":1,"oneWay":true,"aawdt":9078.8,"method":"one_way_direction","directions":"SE","measurementCount":1,"measurements":[{"studyId":"343997","date":"2023-10-01","direction":"SE","awdt":9078.8,"used":true}]},"geometry":{"type":"LineString","coordinates":[[-122.33123,47.600884],[-122.331585,47.601273],[-122.331719,47.601419],[-122.331765,47.601469],[-122.331767,47.601472],[-122.331915,47.601634],[-122.331998,47.601724]]}},{"type":"Feature","id":2964,"properties":{"compkey":2964,"street":"20TH AVE NE","arterialClass":"Collector Arterial","arterialClassCode":3,"oneWay":false,"aawdt":2148.6,"method":"two_way_total","directions":"TOTAL","measurementCount":1,"measurements":[{"studyId":"342782","date":"2023-10-17","direction":"TOTAL","awdt":2148.6,"used":true}]},"geometry":{"type":"LineString","coordinates":[[-122.306502,47.668012],[-122.306499,47.668525],[-122.306499,47.668539]]}},{"type":"Feature","id":2976,"properties":{"compkey":2976,"street":"20TH AVE NE","arterialClass":"Collector Arterial","arterialClassCode":3,"oneWay":false,"aawdt":2211.2,"method":"two_way_total","directions":"TOTAL","measurementCount":1,"measurements":[{"studyId":"342867","date":"2023-10-19","direction":"TOTAL","awdt":2211.2,"used":true}]},"geometry":{"type":"LineString","coordinates":[[-122.306745,47.684865],[-122.306784,47.686681]]}},{"type":"Feature","id":3025,"properties":{"compkey":3025,"street":"20TH AVE NW","arterialClass":"Collector Arterial","arterialClassCode":3,"oneWay":false,"aawdt":6841.0,"method":"two_way_total","directions":"TOTAL","measurementCount":1,"measurements":[{"studyId":"342813","date":"2023-10-18","direction":"TOTAL","awdt":6841.0,"used":true}]},"geometry":{"type":"LineString","coordinates":[[-122.382142,47.673833],[-122.382142,47.674558]]}},{"type":"Feature","id":3047,"properties":{"compkey":3047,"street":"20TH AVE S","arterialClass":"Collector Arterial","arterialClassCode":3,"oneWay":false,"aawdt":3417.2,"method":"two_way_total","directions":"TOTAL","measurementCount":1,"measurements":[{"studyId":"342052","date":"2023-07-31","direction":"TOTAL","awdt":3417.2,"used":true}]},"geometry":{"type":"LineString","coordinates":[[-122.306229,47.5945],[-122.306244,47.593788]]}},{"type":"Feature","id":3340,"properties":{"compkey":3340,"street":"22ND AVE W","arterialClass":"Collector Arterial","arterialClassCode":3,"oneWay":false,"aawdt":3723.0,"method":"two_way_total","directions":"TOTAL","measurementCount":2,"measurements":[{"studyId":"342269","date":"2023-08-21","direction":"TOTAL","awdt":603.2,"used":true},{"studyId":"342249","date":"2023-08-21","direction":"TOTAL","awdt":6842.8,"used":true}]},"geometry":{"type":"LineString","coordinates":[[-122.384588,47.642933],[-122.384605,47.642971],[-122.384611,47.643002],[-122.384622,47.643019],[-122.384628,47.643073],[-122.384646,47.643151],[-122.384653,47.64324],[-122.384658,47.643349],[-122.384663,47.644759]]}},{"type":"Feature","id":3343,"properties":{"compkey":3343,"street":"22ND AVE W","arterialClass":"Collector Arterial","arterialClassCode":3,"oneWay":false,"aawdt":616.0,"method":"two_way_total","directions":"TOTAL","measurementCount":1,"measurements":[{"studyId":"343159","date":"2023-11-03","direction":"TOTAL","awdt":616.0,"used":true}]},"geometry":{"type":"LineString","coordinates":[[-122.384679,47.648458],[-122.384686,47.650332]]}},{"type":"Feature","id":3460,"properties":{"compkey":3460,"street":"23RD AVE S","arterialClass":"Minor Arterial","arterialClassCode":2,"oneWay":false,"aawdt":11574.8,"method":"two_way_total","directions":"TOTAL","measurementCount":1,"measurements":[{"studyId":"341589","date":"2023-06-15","direction":"TOTAL","awdt":11574.75,"used":true}]},"geometry":{"type":"LineString","coordinates":[[-122.303336,47.580002],[-122.303336,47.579179]]}},{"type":"Feature","id":3467,"properties":{"compkey":3467,"street":"23RD AVE S","arterialClass":"Minor Arterial","arterialClassCode":2,"oneWay":false,"aawdt":12911.8,"method":"two_way_total","directions":"TOTAL","measurementCount":1,"measurements":[{"studyId":"341585","date":"2023-06-15","direction":"TOTAL","awdt":12911.75,"used":true}]},"geometry":{"type":"LineString","coordinates":[[-122.303366,47.574051],[-122.30338,47.573572],[-122.303394,47.573094]]}},{"type":"Feature","id":3476,"properties":{"compkey":3476,"street":"23RD AVE SW","arterialClass":"Collector Arterial","arterialClassCode":3,"oneWay":false,"aawdt":510.6,"method":"direction_only","directions":"N","measurementCount":1,"measurements":[{"studyId":"342029","date":"2023-07-27","direction":"N","awdt":510.6,"used":true}]},"geometry":{"type":"LineString","coordinates":[[-122.362212,47.569925],[-122.362244,47.568405],[-122.362245,47.568355]]}},{"type":"Feature","id":3577,"properties":{"compkey":3577,"street":"24TH AVE NE","arterialClass":"Principal Arterial","arterialClassCode":1,"oneWay":false,"aawdt":6321.2,"method":"two_way_total","directions":"TOTAL","measurementCount":1,"measurements":[{"studyId":"342701","date":"2023-10-11","direction":"TOTAL","awdt":6321.2,"used":true}]},"geometry":{"type":"LineString","coordinates":[[-122.301631,47.70455],[-122.301691,47.7046],[-122.301737,47.704654],[-122.301781,47.704712],[-122.301816,47.704796],[-122.302263,47.706195],[-122.30304,47.708628],[-122.303049,47.708655],[-122.303061,47.708682],[-122.303075,47.708708],[-122.303091,47.708734],[-122.303109,47.708759],[-122.303129,47.708783],[-122.303149,47.708801],[-122.303175,47.708821],[-122.303202,47.70884],[-122.303233,47.708863],[-122.303261,47.708879],[-122.303312,47.708909],[-122.303462,47.708975],[-122.303512,47.708998],[-122.303534,47.70901],[-122.303548,47.709018],[-122.303558,47.709028],[-122.303561,47.70904],[-122.303565,47.709122]]}},{"type":"Feature","id":3605,"properties":{"compkey":3605,"street":"24TH AVE NW","arterialClass":"Minor Arterial","arterialClassCode":2,"oneWay":false,"aawdt":4329.4,"method":"direction_only","directions":"S","measurementCount":1,"measurements":[{"studyId":"341111","date":"2023-04-20","direction":"S","awdt":4329.4,"used":true}]},"geometry":{"type":"LineString","coordinates":[[-122.3876,47.684977],[-122.387608,47.686808]]}},{"type":"Feature","id":3606,"properties":{"compkey":3606,"street":"24TH AVE NW","arterialClass":"Minor Arterial","arterialClassCode":2,"oneWay":false,"aawdt":7658.8,"method":"two_way_total","directions":"TOTAL","measurementCount":1,"measurements":[{"studyId":"342656","date":"2023-10-05","direction":"TOTAL","awdt":7658.8,"used":true}]},"geometry":{"type":"LineString","coordinates":[[-122.387608,47.686808],[-122.387615,47.688388],[-122.387616,47.688689]]}},{"type":"Feature","id":3812,"properties":{"compkey":3812,"street":"25TH AVE SW","arterialClass":"Collector Arterial","arterialClassCode":3,"oneWay":false,"aawdt":2054.6,"method":"two_way_total","directions":"TOTAL","measurementCount":1,"measurements":[{"studyId":"342024","date":"2023-07-27","direction":"TOTAL","awdt":2054.6,"used":true}]},"geometry":{"type":"LineString","coordinates":[[-122.364552,47.522859],[-122.364552,47.522785],[-122.364562,47.52111],[-122.364563,47.521029]]}},{"type":"Feature","id":4170,"properties":{"compkey":4170,"street":"28TH AVE NW","arterialClass":"Collector Arterial","arterialClassCode":3,"oneWay":false,"aawdt":922.8,"method":"two_way_total","directions":"TOTAL","measurementCount":1,"measurements":[{"studyId":"343175","date":"2023-11-03","direction":"TOTAL","awdt":922.8,"used":true}]},"geometry":{"type":"LineString","coordinates":[[-122.392921,47.696056],[-122.392921,47.696139],[-122.392918,47.696421],[-122.392916,47.696706],[-122.392915,47.696787]]}},{"type":"Feature","id":4233,"properties":{"compkey":4233,"street":"28TH AVE W","arterialClass":"Collector Arterial","arterialClassCode":3,"oneWay":false,"aawdt":2318.4,"method":"two_way_total","directions":"TOTAL","measurementCount":1,"measurements":[{"studyId":"342159","date":"2023-08-14","direction":"TOTAL","awdt":2318.4,"used":true}]},"geometry":{"type":"LineString","coordinates":[[-122.393051,47.636983],[-122.393046,47.637422]]}},{"type":"Feature","id":4250,"properties":{"compkey":4250,"street":"28TH AVE W","arterialClass":"Collector Arterial","arterialClassCode":3,"oneWay":false,"aawdt":2369.6,"method":"two_way_total","directions":"TOTAL","measurementCount":1,"measurements":[{"studyId":"342251","date":"2023-08-21","direction":"TOTAL","awdt":2369.6,"used":true}]},"geometry":{"type":"LineString","coordinates":[[-122.392907,47.650461],[-122.392903,47.651369]]}},{"type":"Feature","id":4455,"properties":{"compkey":4455,"street":"3RD AVE NW","arterialClass":"Collector Arterial","arterialClassCode":3,"oneWay":false,"aawdt":4359.4,"method":"two_way_total","directions":"TOTAL","measurementCount":1,"measurements":[{"studyId":"342799","date":"2023-10-17","direction":"TOTAL","awdt":4359.4,"used":true}]},"geometry":{"type":"LineString","coordinates":[[-122.360819,47.667914],[-122.360819,47.667973],[-122.360821,47.668699]]}},{"type":"Feature","id":4474,"properties":{"compkey":4474,"street":"3RD AVE NW","arterialClass":"Collector Arterial","arterialClassCode":3,"oneWay":false,"aawdt":7735.0,"method":"two_way_total","directions":"TOTAL","measurementCount":1,"measurements":[{"studyId":"342611","date":"2023-10-05","direction":"TOTAL","awdt":7735.0,"used":true}]},"geometry":{"type":"LineString","coordinates":[[-122.360664,47.688393],[-122.360663,47.689117]]}},{"type":"Feature","id":4484,"properties":{"compkey":4484,"street":"3RD AVE NW","arterialClass":"Minor Arterial","arterialClassCode":2,"oneWay":false,"aawdt":8927.2,"method":"two_way_total","directions":"TOTAL","measurementCount":1,"measurements":[{"studyId":"342628","date":"2023-10-04","direction":"TOTAL","awdt":8927.2,"used":true}]},"geometry":{"type":"LineString","coordinates":[[-122.360706,47.696051],[-122.360713,47.696954],[-122.360721,47.697858]]}},{"type":"Feature","id":4541,"properties":{"compkey":4541,"street":"3RD AVE W","arterialClass":"Collector Arterial","arterialClassCode":3,"oneWay":false,"aawdt":2040.0,"method":"two_way_total","directions":"TOTAL","measurementCount":1,"measurements":[{"studyId":"342299","date":"2023-08-29","direction":"TOTAL","awdt":2040.0,"used":true}]},"geometry":{"type":"LineString","coordinates":[[-122.36067,47.620961],[-122.360666,47.62153]]}},{"type":"Feature","id":4568,"properties":{"compkey":4568,"street":"3RD AVE W","arterialClass":"Minor Arterial","arterialClassCode":2,"oneWay":false,"aawdt":3921.8,"method":"two_way_total","directions":"TOTAL","measurementCount":1,"measurements":[{"studyId":"342171","date":"2023-08-15","direction":"TOTAL","awdt":3921.8,"used":true}]},"geometry":{"type":"LineString","coordinates":[[-122.360897,47.649551],[-122.360895,47.650423]]}},{"type":"Feature","id":4759,"properties":{"compkey":4759,"street":"30TH AVE W","arterialClass":"Collector Arterial","arterialClassCode":3,"oneWay":false,"aawdt":668.4,"method":"two_way_total","directions":"TOTAL","measurementCount":1,"measurements":[{"studyId":"342253","date":"2023-08-21","direction":"TOTAL","awdt":668.4,"used":true}]},"geometry":{"type":"LineString","coordinates":[[-122.395676,47.65602],[-122.395675,47.656294],[-122.395859,47.656986],[-122.396183,47.657696],[-122.396597,47.658404]]}},{"type":"Feature","id":4934,"properties":{"compkey":4934,"street":"32ND AVE E","arterialClass":"Collector Arterial","arterialClassCode":3,"oneWay":false,"aawdt":3407.6,"method":"two_way_total","directions":"TOTAL","measurementCount":1,"measurements":[{"studyId":"341445","date":"2023-06-05","direction":"TOTAL","awdt":3407.6,"used":true}]},"geometry":{"type":"LineString","coordinates":[[-122.291274,47.61888],[-122.291232,47.620161]]}},{"type":"Feature","id":4935,"properties":{"compkey":4935,"street":"32ND AVE E","arterialClass":"Collector Arterial","arterialClassCode":3,"oneWay":false,"aawdt":2462.8,"method":"two_way_total","directions":"TOTAL","measurementCount":1,"measurements":[{"studyId":"341511","date":"2023-06-06","direction":"TOTAL","awdt":2462.8,"used":true}]},"geometry":{"type":"LineString","coordinates":[[-122.291232,47.620161],[-122.291178,47.621325]]}},{"type":"Feature","id":4976,"properties":{"compkey":4976,"street":"32ND AVE NW","arterialClass":"Collector Arterial","arterialClassCode":3,"oneWay":false,"aawdt":3817.2,"method":"two_way_total","directions":"TOTAL","measurementCount":1,"measurements":[{"studyId":"342689","date":"2023-10-06","direction":"TOTAL","awdt":3817.2,"used":true}]},"geometry":{"type":"LineString","coordinates":[[-122.398337,47.669502],[-122.398339,47.670205]]}},{"type":"Feature","id":5002,"properties":{"compkey":5002,"street":"32ND AVE NW","arterialClass":"Collector Arterial","arterialClassCode":3,"oneWay":false,"aawdt":3443.2,"method":"two_way_total","directions":"TOTAL","measurementCount":1,"measurements":[{"studyId":"342664","date":"2023-10-05","direction":"TOTAL","awdt":3443.2,"used":true}]},"geometry":{"type":"LineString","coordinates":[[-122.398329,47.686747],[-122.398336,47.688499],[-122.398342,47.690274],[-122.398343,47.690331],[-122.398342,47.690579]]}},{"type":"Feature","id":5206,"properties":{"compkey":5206,"street":"34TH AVE","arterialClass":"Collector Arterial","arterialClassCode":3,"oneWay":false,"aawdt":3724.6,"method":"two_way_total","directions":"TOTAL","measurementCount":1,"measurements":[{"studyId":"341450","date":"2023-06-05","direction":"TOTAL","awdt":3724.6,"used":true}]},"geometry":{"type":"LineString","coordinates":[[-122.289391,47.610416],[-122.289358,47.611633]]}},{"type":"Feature","id":5211,"properties":{"compkey":5211,"street":"34TH AVE","arterialClass":"Collector Arterial","arterialClassCode":3,"oneWay":false,"aawdt":4605.0,"method":"two_way_total","directions":"TOTAL","measurementCount":1,"measurements":[{"studyId":"341447","date":"2023-06-05","direction":"TOTAL","awdt":4605.0,"used":true}]},"geometry":{"type":"LineString","coordinates":[[-122.28922,47.616502],[-122.289191,47.617645]]}},{"type":"Feature","id":5321,"properties":{"compkey":5321,"street":"34TH AVE W","arterialClass":"Minor Arterial","arterialClassCode":2,"oneWay":false,"aawdt":4321.6,"method":"two_way_total","directions":"TOTAL","measurementCount":1,"measurements":[{"studyId":"342193","date":"2023-08-16","direction":"TOTAL","awdt":4321.6,"used":true}]},"geometry":{"type":"LineString","coordinates":[[-122.401,47.641176],[-122.40098,47.643192]]}},{"type":"Feature","id":5329,"properties":{"compkey":5329,"street":"34TH AVE W","arterialClass":"Minor Arterial","arterialClassCode":2,"oneWay":false,"aawdt":7122.6,"method":"two_way_total","directions":"TOTAL","measurementCount":1,"measurements":[{"studyId":"343327","date":"2023-11-30","direction":"TOTAL","awdt":7122.6,"used":true}]},"geometry":{"type":"LineString","coordinates":[[-122.400911,47.655872],[-122.400908,47.657687]]}},{"type":"Feature","id":5389,"properties":{"compkey":5389,"street":"35TH AVE NE","arterialClass":"Minor Arterial","arterialClassCode":2,"oneWay":false,"aawdt":10416.0,"method":"two_way_total","directions":"TOTAL","measurementCount":1,"measurements":[{"studyId":"342709","date":"2023-10-11","direction":"TOTAL","awdt":10416.0,"used":true}]},"geometry":{"type":"LineString","coordinates":[[-122.290777,47.708378],[-122.290721,47.710186]]}},{"type":"Feature","id":5412,"properties":{"compkey":5412,"street":"35TH AVE S","arterialClass":"Collector Arterial","arterialClassCode":3,"oneWay":false,"aawdt":1644.0,"method":"two_way_total","directions":"TOTAL","measurementCount":1,"measurements":[{"studyId":"341732","date":"2023-06-29","direction":"TOTAL","awdt":1644.0,"used":true}]},"geometry":{"type":"LineString","coordinates":[[-122.287748,47.597931],[-122.28781,47.596609]]}},{"type":"Feature","id":5490,"properties":{"compkey":5490,"street":"35TH AVE SW","arterialClass":"Minor Arterial","arterialClassCode":2,"oneWay":false,"aawdt":6680.6,"method":"two_way_total","directions":"TOTAL","measurementCount":1,"measurements":[{"studyId":"341896","date":"2023-07-13","direction":"TOTAL","awdt":6680.6,"used":true}]},"geometry":{"type":"LineString","coordinates":[[-122.376136,47.51192],[-122.375881,47.509989]]}},{"type":"Feature","id":5583,"properties":{"compkey":5583,"street":"36TH AVE S","arterialClass":"Collector Arterial","arterialClassCode":3,"oneWay":false,"aawdt":317.4,"method":"two_way_total","directions":"TOTAL","measurementCount":1,"measurements":[{"studyId":"341213","date":"2023-05-03","direction":"TOTAL","awdt":317.4,"used":true}]},"geometry":{"type":"LineString","coordinates":[[-122.286862,47.587657],[-122.286889,47.586888],[-122.286861,47.586708],[-122.286809,47.586533]]}},{"type":"Feature","id":6048,"properties":{"compkey":6048,"street":"39TH AVE S","arterialClass":"Collector Arterial","arterialClassCode":3,"oneWay":false,"aawdt":1712.8,"method":"two_way_total","directions":"TOTAL","measurementCount":1,"measurements":[{"studyId":"341369","date":"2023-05-31","direction":"TOTAL","awdt":1712.8,"used":true}]},"geometry":{"type":"LineString","coordinates":[[-122.283715,47.518261],[-122.283648,47.517334]]}},{"type":"Feature","id":6226,"properties":{"compkey":6226,"street":"4TH AVE S","arterialClass":"Principal Arterial","arterialClassCode":1,"oneWay":true,"aawdt":15234.8,"method":"one_way_direction","directions":"N","measurementCount":1,"measurements":[{"studyId":"344112","date":"2023-10-01","direction":"N","awdt":15234.8,"used":true}]},"geometry":{"type":"LineString","coordinates":[[-122.328961,47.601791],[-122.328977,47.600881]]}},{"type":"Feature","id":6228,"properties":{"compkey":6228,"street":"4TH AVE S","arterialClass":"Principal Arterial","arterialClassCode":1,"oneWay":true,"aawdt":13816.0,"method":"one_way_direction","directions":"N","measurementCount":1,"measurements":[{"studyId":"343485","date":"2023-10-01","direction":"N","awdt":13816.0,"used":true}]},"geometry":{"type":"LineString","coordinates":[[-122.32898,47.600042],[-122.328982,47.599203]]}},{"type":"Feature","id":6318,"properties":{"compkey":6318,"street":"40TH AVE NE","arterialClass":"Collector Arterial","arterialClassCode":3,"oneWay":false,"aawdt":6450.8,"method":"two_way_total","directions":"TOTAL","measurementCount":1,"measurements":[{"studyId":"342615","date":"2023-10-03","direction":"TOTAL","awdt":6450.8,"used":true}]},"geometry":{"type":"LineString","coordinates":[[-122.284878,47.672153],[-122.284898,47.673973]]}},{"type":"Feature","id":6320,"properties":{"compkey":6320,"street":"40TH AVE NE","arterialClass":"Collector Arterial","arterialClassCode":3,"oneWay":false,"aawdt":3176.8,"method":"two_way_total","directions":"TOTAL","measurementCount":1,"measurements":[{"studyId":"342566","date":"2023-10-03","direction":"TOTAL","awdt":3176.8,"used":true}]},"geometry":{"type":"LineString","coordinates":[[-122.284919,47.675792],[-122.284972,47.677606]]}},{"type":"Feature","id":6503,"properties":{"compkey":6503,"street":"42ND AVE E","arterialClass":"Collector Arterial","arterialClassCode":3,"oneWay":true,"aawdt":928.5,"method":"one_way_direction","directions":"S","measurementCount":1,"measurements":[{"studyId":"341520","date":"2023-06-13","direction":"S","awdt":928.5,"used":true}]},"geometry":{"type":"LineString","coordinates":[[-122.278468,47.636962],[-122.278442,47.639116]]}},{"type":"Feature","id":6632,"properties":{"compkey":6632,"street":"43RD AVE E","arterialClass":"Collector Arterial","arterialClassCode":3,"oneWay":true,"aawdt":723.2,"method":"one_way_direction","directions":"N","measurementCount":1,"measurements":[{"studyId":"341522","date":"2023-06-13","direction":"N","awdt":723.25,"used":true}]},"geometry":{"type":"LineString","coordinates":[[-122.277158,47.634558],[-122.277156,47.634719],[-122.277144,47.635764]]}},{"type":"Feature","id":6635,"properties":{"compkey":6635,"street":"43RD AVE E","arterialClass":"Collector Arterial","arterialClassCode":3,"oneWay":true,"aawdt":858.8,"method":"one_way_direction","directions":"N","measurementCount":1,"measurements":[{"studyId":"341521","date":"2023-06-13","direction":"N","awdt":858.75,"used":true}]},"geometry":{"type":"LineString","coordinates":[[-122.277128,47.636953],[-122.277113,47.638227],[-122.277106,47.638824],[-122.277103,47.639109]]}},{"type":"Feature","id":6875,"properties":{"compkey":6875,"street":"45TH AVE SW","arterialClass":"Collector Arterial","arterialClassCode":3,"oneWay":false,"aawdt":5143.0,"method":"two_way_total","directions":"TOTAL","measurementCount":1,"measurements":[{"studyId":"341834","date":"2023-07-11","direction":"TOTAL","awdt":5143.0,"used":true}]},"geometry":{"type":"LineString","coordinates":[[-122.390236,47.520793],[-122.390277,47.520451],[-122.390428,47.520199]]}},{"type":"Feature","id":7156,"properties":{"compkey":7156,"street":"48TH AVE SW","arterialClass":"Collector Arterial","arterialClassCode":3,"oneWay":false,"aawdt":2070.8,"method":"two_way_total","directions":"TOTAL","measurementCount":1,"measurements":[{"studyId":"341805","date":"2023-07-07","direction":"TOTAL","awdt":2070.8,"used":true}]},"geometry":{"type":"LineString","coordinates":[[-122.393834,47.548587],[-122.393887,47.546778]]}},{"type":"Feature","id":7159,"properties":{"compkey":7159,"street":"48TH AVE SW","arterialClass":"Collector Arterial","arterialClassCode":3,"oneWay":false,"aawdt":2080.8,"method":"two_way_total","directions":"TOTAL","measurementCount":1,"measurements":[{"studyId":"341797","date":"2023-07-07","direction":"TOTAL","awdt":2080.8,"used":true}]},"geometry":{"type":"LineString","coordinates":[[-122.394358,47.543165],[-122.394382,47.543132],[-122.395214,47.541992]]}},{"type":"Feature","id":7209,"properties":{"compkey":7209,"street":"49TH AVE SW","arterialClass":"Minor Arterial","arterialClassCode":2,"oneWay":false,"aawdt":1541.4,"method":"two_way_total","directions":"TOTAL","measurementCount":1,"measurements":[{"studyId":"342035","date":"2023-07-27","direction":"TOTAL","awdt":1541.4,"used":true}]},"geometry":{"type":"LineString","coordinates":[[-122.394882,47.561178],[-122.39491,47.560274],[-122.394927,47.55937]]}},{"type":"Feature","id":7211,"properties":{"compkey":7211,"street":"49TH AVE SW","arterialClass":"Collector Arterial","arterialClassCode":3,"oneWay":false,"aawdt":1616.2,"method":"two_way_total","directions":"TOTAL","measurementCount":1,"measurements":[{"studyId":"341799","date":"2023-07-07","direction":"TOTAL","awdt":1616.2,"used":true}]},"geometry":{"type":"LineString","coordinates":[[-122.394961,47.557572],[-122.394996,47.555669]]}},{"type":"Feature","id":7289,"properties":{"compkey":7289,"street":"5TH AVE NE","arterialClass":"Principal Arterial","arterialClassCode":1,"oneWay":true,"aawdt":9841.8,"method":"one_way_direction","directions":"S","measurementCount":1,"measurements":[{"studyId":"343131","date":"2023-11-02","direction":"S","awdt":9841.8,"used":true}]},"geometry":{"type":"LineString","coordinates":[[-122.322884,47.664351],[-122.322877,47.664981]]}},{"type":"Feature","id":7442,"properties":{"compkey":7442,"street":"50TH AVE S","arterialClass":"Minor Arterial","arterialClassCode":2,"oneWay":false,"aawdt":5173.8,"method":"two_way_total","directions":"TOTAL","measurementCount":1,"measurements":[{"studyId":"341721","date":"2023-06-29","direction":"TOTAL","awdt":5173.75,"used":true}]},"geometry":{"type":"LineString","coordinates":[[-122.270734,47.562944],[-122.270727,47.561769]]}},{"type":"Feature","id":7882,"properties":{"compkey":7882,"street":"6TH AVE","arterialClass":"Principal Arterial","arterialClassCode":1,"oneWay":true,"aawdt":18215.6,"method":"one_way_direction","directions":"NW","measurementCount":1,"measurements":[{"studyId":"344000","date":"2023-10-01","direction":"NW","awdt":18215.6,"used":true}]},"geometry":{"type":"LineString","coordinates":[[-122.333571,47.610156],[-122.33362,47.610209],[-122.334117,47.610752],[-122.334479,47.611148]]}},{"type":"Feature","id":7992,"properties":{"compkey":7992,"street":"6TH AVE S","arterialClass":"Minor Arterial","arterialClassCode":2,"oneWay":false,"aawdt":5621.0,"method":"two_way_total","directions":"TOTAL","measurementCount":1,"measurements":[{"studyId":"341678","date":"2023-06-29","direction":"TOTAL","awdt":5621.0,"used":true}]},"geometry":{"type":"LineString","coordinates":[[-122.32599,47.58618],[-122.325988,47.586075],[-122.325989,47.583982]]}},{"type":"Feature","id":8021,"properties":{"compkey":8021,"street":"6TH AVE S","arterialClass":"Collector Arterial","arterialClassCode":3,"oneWay":false,"aawdt":5036.8,"method":"two_way_total","directions":"TOTAL","measurementCount":1,"measurements":[{"studyId":"341716","date":"2023-06-29","direction":"TOTAL","awdt":5036.75,"used":true}]},"geometry":{"type":"LineString","coordinates":[[-122.326165,47.548054],[-122.326167,47.54661],[-122.326168,47.546256]]}},{"type":"Feature","id":8039,"properties":{"compkey":8039,"street":"6TH AVE W","arterialClass":"Collector Arterial","arterialClassCode":3,"oneWay":false,"aawdt":3284.8,"method":"two_way_total","directions":"TOTAL","measurementCount":1,"measurements":[{"studyId":"341577","date":"2023-06-14","direction":"TOTAL","awdt":3284.75,"used":true}]},"geometry":{"type":"LineString","coordinates":[[-122.365014,47.63596],[-122.364989,47.637765]]}},{"type":"Feature","id":8171,"properties":{"compkey":8171,"street":"7TH AVE NE","arterialClass":"Minor Arterial","arterialClassCode":2,"oneWay":true,"aawdt":6819.4,"method":"one_way_direction","directions":"N","measurementCount":1,"measurements":[{"studyId":"343057","date":"2023-10-31","direction":"N","awdt":6819.4,"used":true}]},"geometry":{"type":"LineString","coordinates":[[-122.320861,47.657525],[-122.320861,47.657609],[-122.320852,47.659468]]}},{"type":"Feature","id":8177,"properties":{"compkey":8177,"street":"7TH AVE NE","arterialClass":"Minor Arterial","arterialClassCode":2,"oneWay":true,"aawdt":11596.0,"method":"one_way_direction","directions":"N","measurementCount":1,"measurements":[{"studyId":"343130","date":"2023-11-02","direction":"N","awdt":11596.0,"used":true}]},"geometry":{"type":"LineString","coordinates":[[-122.320724,47.664073],[-122.320718,47.664963]]}},{"type":"Feature","id":8417,"properties":{"compkey":8417,"street":"8TH AVE NW","arterialClass":"Collector Arterial","arterialClassCode":3,"oneWay":false,"aawdt":7257.8,"method":"two_way_total","directions":"TOTAL","measurementCount":1,"measurements":[{"studyId":"342632","date":"2023-10-04","direction":"TOTAL","awdt":7257.8,"used":true}]},"geometry":{"type":"LineString","coordinates":[[-122.366029,47.694266],[-122.366039,47.696068]]}},{"type":"Feature","id":9047,"properties":{"compkey":9047,"street":"BALLARD BR","arterialClass":"Principal Arterial","arterialClassCode":1,"oneWay":false,"aawdt":45010.0,"method":"two_way_total","directions":"TOTAL","measurementCount":1,"measurements":[{"studyId":"343837","date":"2023-10-01","direction":"TOTAL","awdt":45010.0,"used":true}]},"geometry":{"type":"LineString","coordinates":[[-122.376233,47.654445],[-122.376233,47.654478],[-122.376233,47.654571],[-122.376233,47.654664],[-122.376233,47.654754],[-122.376233,47.654846],[-122.376233,47.654882],[-122.376238,47.65526],[-122.376238,47.655634],[-122.376237,47.656261],[-122.376239,47.659545]]}},{"type":"Feature","id":9105,"properties":{"compkey":9105,"street":"BEACH DR SW","arterialClass":"Minor Arterial","arterialClassCode":2,"oneWay":false,"aawdt":3799.4,"method":"two_way_total","directions":"TOTAL","measurementCount":1,"measurements":[{"studyId":"341794","date":"2023-07-07","direction":"TOTAL","awdt":3799.4,"used":true}]},"geometry":{"type":"LineString","coordinates":[[-122.401886,47.55846],[-122.401257,47.557642],[-122.39977,47.555707],[-122.399497,47.555352],[-122.399493,47.555305],[-122.399467,47.555],[-122.399448,47.554798]]}},{"type":"Feature","id":9354,"properties":{"compkey":9354,"street":"BOYER AVE E","arterialClass":"Minor Arterial","arterialClassCode":2,"oneWay":false,"aawdt":7607.4,"method":"two_way_total","directions":"TOTAL","measurementCount":1,"measurements":[{"studyId":"341462","date":"2023-06-06","direction":"TOTAL","awdt":7607.4,"used":true}]},"geometry":{"type":"LineString","coordinates":[[-122.305366,47.637025],[-122.30605,47.637346]]}},{"type":"Feature","id":9391,"properties":{"compkey":9391,"street":"BOYLSTON AVE E","arterialClass":"Minor Arterial","arterialClassCode":2,"oneWay":false,"aawdt":11363.8,"method":"two_way_total","directions":"TOTAL","measurementCount":1,"measurements":[{"studyId":"341487","date":"2023-06-07","direction":"TOTAL","awdt":11363.8,"used":true}]},"geometry":{"type":"LineString","coordinates":[[-122.323479,47.638252],[-122.323476,47.639543],[-122.323476,47.639732]]}},{"type":"Feature","id":9392,"properties":{"compkey":9392,"street":"BOYLSTON AVE E","arterialClass":"Minor Arterial","arterialClassCode":2,"oneWay":false,"aawdt":11705.0,"method":"two_way_total","directions":"TOTAL","measurementCount":1,"measurements":[{"studyId":"341484","date":"2023-06-07","direction":"TOTAL","awdt":11705.0,"used":true}]},"geometry":{"type":"LineString","coordinates":[[-122.323476,47.639732],[-122.323474,47.641352],[-122.323472,47.642035]]}},{"type":"Feature","id":9475,"properties":{"compkey":9475,"street":"BROOKLYN AVE NE","arterialClass":"Collector Arterial","arterialClassCode":3,"oneWay":false,"aawdt":2788.8,"method":"two_way_total","directions":"TOTAL","measurementCount":1,"measurements":[{"studyId":"343430","date":"2023-12-11","direction":"TOTAL","awdt":2788.8,"used":true}]},"geometry":{"type":"LineString","coordinates":[[-122.314503,47.653605],[-122.3145,47.653718],[-122.314492,47.654031],[-122.314489,47.654121],[-122.314489,47.654138],[-122.314487,47.654215],[-122.314486,47.654248],[-122.314485,47.654291],[-122.314482,47.65439],[-122.314456,47.655373]]}},{"type":"Feature","id":9582,"properties":{"compkey":9582,"street":"CALIFORNIA AVE SW","arterialClass":"Collector Arterial","arterialClassCode":3,"oneWay":false,"aawdt":4166.0,"method":"two_way_total","directions":"TOTAL","measurementCount":1,"measurements":[{"studyId":"341826","date":"2023-07-11","direction":"TOTAL","awdt":4166.0,"used":true}]},"geometry":{"type":"LineString","coordinates":[[-122.387375,47.531537],[-122.387377,47.53135],[-122.387384,47.530789]]}},{"type":"Feature","id":9815,"properties":{"compkey":9815,"street":"CORNELL AVE S","arterialClass":"Collector Arterial","arterialClassCode":3,"oneWay":false,"aawdt":848.0,"method":"two_way_total","directions":"TOTAL","measurementCount":1,"measurements":[{"studyId":"341186","date":"2023-05-02","direction":"TOTAL","awdt":848.0,"used":true}]},"geometry":{"type":"LineString","coordinates":[[-122.246592,47.511058],[-122.246581,47.510971],[-122.246568,47.510949],[-122.246541,47.510922],[-122.246505,47.510905],[-122.246419,47.510877],[-122.246275,47.510833],[-122.246085,47.510769],[-122.24589,47.510702],[-122.24578,47.510651],[-122.245699,47.510615],[-122.245648,47.510584],[-122.245532,47.51052],[-122.245375,47.510413],[-122.245233,47.510306],[-122.245096,47.510186],[-122.245021,47.510104],[-122.244978,47.51003],[-122.244948,47.509952],[-122.244942,47.509885]]}},{"type":"Feature","id":9994,"properties":{"compkey":9994,"street":"DELRIDGE WAY SW","arterialClass":"Principal Arterial","arterialClassCode":1,"oneWay":false,"aawdt":6045.2,"method":"two_way_total","directions":"TOTAL","measurementCount":1,"measurements":[{"studyId":"341846","date":"2023-07-12","direction":"TOTAL","awdt":6045.2,"used":true}]},"geometry":{"type":"LineString","coordinates":[[-122.356509,47.518848],[-122.35518,47.517366]]}},{"type":"Feature","id":10204,"properties":{"compkey":10204,"street":"ELLIOTT AVE","arterialClass":"Principal Arterial","arterialClassCode":1,"oneWay":true,"aawdt":8583.4,"method":"one_way_direction","directions":"SE","measurementCount":1,"measurements":[{"studyId":"341244","date":"2023-05-03","direction":"SE","awdt":8583.4,"used":true}]},"geometry":{"type":"LineString","coordinates":[[-122.349547,47.61282],[-122.35048,47.613373]]}},{"type":"Feature","id":10456,"properties":{"compkey":10456,"street":"FLORENTIA ST","arterialClass":"Collector Arterial","arterialClassCode":3,"oneWay":false,"aawdt":5985.5,"method":"two_way_total","directions":"TOTAL","measurementCount":1,"measurements":[{"studyId":"341562","date":"2023-06-14","direction":"TOTAL","awdt":5985.5,"used":true}]},"geometry":{"type":"LineString","coordinates":[[-122.356881,47.646897],[-122.355544,47.646891]]}},{"type":"Feature","id":10491,"properties":{"compkey":10491,"street":"FREMONT AVE N","arterialClass":"Minor Arterial","arterialClassCode":2,"oneWay":false,"aawdt":4831.0,"method":"two_way_total","directions":"TOTAL","measurementCount":1,"measurements":[{"studyId":"342278","date":"2023-08-31","direction":"TOTAL","awdt":4831.0,"used":true}]},"geometry":{"type":"LineString","coordinates":[[-122.349963,47.656669],[-122.349965,47.656751],[-122.349997,47.657744]]}},{"type":"Feature","id":11159,"properties":{"compkey":11159,"street":"LAKE CITY WAY NE","arterialClass":"Principal Arterial","arterialClassCode":1,"oneWay":false,"aawdt":30729.6,"method":"two_way_total","directions":"TOTAL","measurementCount":1,"measurements":[{"studyId":"343051","date":"2023-10-25","direction":"TOTAL","awdt":30729.6,"used":true}]},"geometry":{"type":"LineString","coordinates":[[-122.305482,47.697575],[-122.305473,47.697592],[-122.305465,47.69761],[-122.305456,47.697627],[-122.305451,47.697638],[-122.305445,47.69765],[-122.305439,47.697661],[-122.305401,47.697732],[-122.305362,47.697804],[-122.30532,47.697874],[-122.305276,47.697944],[-122.305259,47.697971],[-122.305241,47.697998],[-122.305222,47.698025],[-122.305186,47.698077],[-122.305149,47.698129],[-122.305111,47.698179],[-122.30507,47.698232],[-122.305028,47.698285],[-122.304984,47.698337],[-122.304949,47.698378],[-122.304915,47.698419],[-122.303333,47.700277]]}},{"type":"Feature","id":11167,"properties":{"compkey":11167,"street":"LAKE PARK DR S","arterialClass":"Collector Arterial","arterialClassCode":3,"oneWay":false,"aawdt":2107.0,"method":"two_way_total","directions":"TOTAL","measurementCount":2,"measurements":[{"studyId":"341420","date":"2023-05-03","direction":"TOTAL","awdt":3889.8,"used":true},{"studyId":"341215","date":"2023-04-28","direction":"TOTAL","awdt":324.2,"used":true}]},"geometry":{"type":"LineString","coordinates":[[-122.287892,47.582035],[-122.2879,47.581993],[-122.287914,47.58186],[-122.287919,47.581842],[-122.287925,47.581816],[-122.287928,47.58179],[-122.288198,47.580033],[-122.288202,47.579994],[-122.288204,47.579956],[-122.288204,47.579917],[-122.288202,47.579878],[-122.288198,47.579839],[-122.288192,47.5798],[-122.288184,47.579761],[-122.288174,47.579723],[-122.288162,47.579685],[-122.288044,47.579365],[-122.287937,47.578347]]}},{"type":"Feature","id":11191,"properties":{"compkey":11191,"street":"LAKE DELL AVE","arterialClass":"Collector Arterial","arterialClassCode":3,"oneWay":false,"aawdt":2064.8,"method":"two_way_total","directions":"TOTAL","measurementCount":1,"measurements":[{"studyId":"341505","date":"2023-06-13","direction":"TOTAL","awdt":2064.75,"used":true}]},"geometry":{"type":"LineString","coordinates":[[-122.291308,47.602259],[-122.290567,47.602253],[-122.290496,47.602257],[-122.290456,47.602261],[-122.29042,47.60227],[-122.29039,47.602286],[-122.289936,47.602481],[-122.289901,47.602495],[-122.289868,47.602511],[-122.289837,47.602528],[-122.289808,47.602548],[-122.289782,47.602569],[-122.289758,47.602591],[-122.289737,47.602615],[-122.28972,47.602639],[-122.289705,47.602665],[-122.289693,47.602691],[-122.289685,47.602718],[-122.28968,47.602745],[-122.289679,47.602773],[-122.28968,47.6028],[-122.289686,47.602827],[-122.289694,47.602854],[-122.289706,47.60288],[-122.289721,47.602906],[-122.289739,47.60293],[-122.28976,47.602954],[-122.289784,47.602976],[-122.28981,47.602997],[-122.290124,47.603257]]}},{"type":"Feature","id":11198,"properties":{"compkey":11198,"street":"LAKE WASHINGTON BLVD","arterialClass":"Collector Arterial","arterialClassCode":3,"oneWay":false,"aawdt":5126.2,"method":"two_way_total","directions":"TOTAL","measurementCount":1,"measurements":[{"studyId":"341509","date":"2023-06-13","direction":"TOTAL","awdt":5126.25,"used":true}]},"geometry":{"type":"LineString","coordinates":[[-122.282,47.612067],[-122.281771,47.612274],[-122.281587,47.612483],[-122.281442,47.61273],[-122.28136,47.612995],[-122.281354,47.613096],[-122.281372,47.613441],[-122.281399,47.613565],[-122.281507,47.613899],[-122.281637,47.614201],[-122.281652,47.614424],[-122.281639,47.61454],[-122.281433,47.615101],[-122.281266,47.615482],[-122.281244,47.615647],[-122.281288,47.615815],[-122.281393,47.615973],[-122.281609,47.616184],[-122.281721,47.616303],[-122.28174,47.616342],[-122.281755,47.616383],[-122.281771,47.616432],[-122.281784,47.616499]]}},{"type":"Feature","id":11204,"properties":{"compkey":11204,"street":"LAKE WASHINGTON BLVD E","arterialClass":"Collector Arterial","arterialClassCode":3,"oneWay":false,"aawdt":4209.2,"method":"two_way_total","directions":"TOTAL","measurementCount":1,"measurements":[{"studyId":"341473","date":"2023-06-06","direction":"TOTAL","awdt":4209.2,"used":true}]},"geometry":{"type":"LineString","coordinates":[[-122.285529,47.62252],[-122.286045,47.62283],[-122.286133,47.622881],[-122.286322,47.62299],[-122.286515,47.623101]]}},{"type":"Feature","id":11212,"properties":{"compkey":11212,"street":"LAKE WASHINGTON BLVD E","arterialClass":"Collector Arterial","arterialClassCode":3,"oneWay":false,"aawdt":8133.5,"method":"two_way_total","directions":"TOTAL","measurementCount":1,"measurements":[{"studyId":"341532","date":"2023-06-13","direction":"TOTAL","awdt":8133.5,"used":true}]},"geometry":{"type":"LineString","coordinates":[[-122.297936,47.633774],[-122.297933,47.633819],[-122.297922,47.633901],[-122.29791,47.634007],[-122.297929,47.634161],[-122.297939,47.634261],[-122.297963,47.634352],[-122.297994,47.634443],[-122.298031,47.63451],[-122.298091,47.634596],[-122.298158,47.634701],[-122.298246,47.634811],[-122.298334,47.63491],[-122.298379,47.634987],[-122.29841,47.635059],[-122.298412,47.635063],[-122.298415,47.635066],[-122.298417,47.635069],[-122.298419,47.635073],[-122.298421,47.635076],[-122.298423,47.63508],[-122.298425,47.635083],[-122.298427,47.635087],[-122.298429,47.63509],[-122.298431,47.635094],[-122.298432,47.635098],[-122.298434,47.635101],[-122.298436,47.635105],[-122.298437,47.635108],[-122.298438,47.635112],[-122.29844,47.635116],[-122.298441,47.635119],[-122.298442,47.635123],[-122.298443,47.635127],[-122.298444,47.63513],[-122.298445,47.635134],[-122.298446,47.635138],[-122.298447,47.635141],[-122.298448,47.635145],[-122.298448,47.635149],[-122.298449,47.635153],[-122.29845,47.635156],[-122.29845,47.63516],[-122.298451,47.635164],[-122.298452,47.635168],[-122.298452,47.635171],[-122.298453,47.635175],[-122.298453,47.635179],[-122.298454,47.635182],[-122.298455,47.635186],[-122.298455,47.63519],[-122.298456,47.635194],[-122.298456,47.635197],[-122.298457,47.635201],[-122.298458,47.635205],[-122.298458,47.635209],[-122.298459,47.635212],[-122.298459,47.635216],[-122.29846,47.63522],[-122.29846,47.635223],[-122.298461,47.635227],[-122.298461,47.635231],[-122.298462,47.635235],[-122.298462,47.635238],[-122.298463,47.635242],[-122.298463,47.635246],[-122.298464,47.63525],[-122.298464,47.635253],[-122.298465,47.635257],[-122.298465,47.635261],[-122.298466,47.635265],[-122.298466,47.635268],[-122.298466,47.635272],[-122.298467,47.635276],[-122.298467,47.63528],[-122.298467,47.635283],[-122.298468,47.635287],[-122.298468,47.635291],[-122.298468,47.635295],[-122.298468,47.635298],[-122.298468,47.635302],[-122.298468,47.635306],[-122.298468,47.63531],[-122.298468,47.635313],[-122.298468,47.635317],[-122.298468,47.635321],[-122.298468,47.635325],[-122.298467,47.635328],[-122.298467,47.635332],[-122.298467,47.635336],[-122.298466,47.63534],[-122.298466,47.635343],[-122.298466,47.635347],[-122.298465,47.635351],[-122.298465,47.635354],[-122.298464,47.635358],[-122.298464,47.635362],[-122.298463,47.635366],[-122.298462,47.635369],[-122.298462,47.635373],[-122.298461,47.635377],[-122.29846,47.635381],[-122.298459,47.635384],[-122.298458,47.635388],[-122.298458,47.635392],[-122.298457,47.635395],[-122.298456,47.635399],[-122.298455,47.635403],[-122.298454,47.635406],[-122.298453,47.63541],[-122.298451,47.635414],[-122.29845,47.635417],[-122.298449,47.635421],[-122.298448,47.635425],[-122.298447,47.635428],[-122.298445,47.635432],[-122.298444,47.635436],[-122.298443,47.635439],[-122.298441,47.635443],[-122.29844,47.635447],[-122.298438,47.63545],[-122.298437,47.635454],[-122.298435,47.635457],[-122.298151,47.636945],[-122.298107,47.637121],[-122.298074,47.637186],[-122.298043,47.63723],[-122.298004,47.63729],[-122.297969,47.637332],[-122.297931,47.637361],[-122.297864,47.637411],[-122.297783,47.637452],[-122.297681,47.637503],[-122.297556,47.637562],[-122.29735,47.637653],[-122.297185,47.637752],[-122.297147,47.637779],[-122.297121,47.637798],[-122.297094,47.637817],[-122.297069,47.637839],[-122.297051,47.637861],[-122.297049,47.637864],[-122.297047,47.637868],[-122.297045,47.637871],[-122.297043,47.637875],[-122.297041,47.637878],[-122.297039,47.637882],[-122.297037,47.637885],[-122.297034,47.637889],[-122.297032,47.637892],[-122.29703,47.637896],[-122.297028,47.637899],[-122.297025,47.637902],[-122.297023,47.637906],[-122.297021,47.637909],[-122.297019,47.637913],[-122.297017,47.637916],[-122.297015,47.63792],[-122.297013,47.637923],[-122.297011,47.637927],[-122.297009,47.63793],[-122.297007,47.637934],[-122.297005,47.637937],[-122.297003,47.637941],[-122.297001,47.637944],[-122.296999,47.637948],[-122.296997,47.637951],[-122.296996,47.637955],[-122.296994,47.637959],[-122.296992,47.637962],[-122.296991,47.637966],[-122.296989,47.637969],[-122.296988,47.637973],[-122.296986,47.637977],[-122.296985,47.63798],[-122.296983,47.637984],[-122.296982,47.637987],[-122.29698,47.637991],[-122.296979,47.637995],[-122.296977,47.637998],[-122.296976,47.638002],[-122.296975,47.638006],[-122.296973,47.638009],[-122.296972,47.638013],[-122.296971,47.638016],[-122.29697,47.63802],[-122.296968,47.638024],[-122.296967,47.638027],[-122.296966,47.638031],[-122.296965,47.638035],[-122.296964,47.638038],[-122.296963,47.638042],[-122.296962,47.638046],[-122.296961,47.63805],[-122.29696,47.638053],[-122.296959,47.638057],[-122.296958,47.638061],[-122.296957,47.638064],[-122.296956,47.638068],[-122.296955,47.638072],[-122.296954,47.638075],[-122.296953,47.638079],[-122.296952,47.638083],[-122.296952,47.638087],[-122.296951,47.63809],[-122.29695,47.638094],[-122.296949,47.638098],[-122.296948,47.638101],[-122.296948,47.638105],[-122.296947,47.638109],[-122.296946,47.638113],[-122.296946,47.638116],[-122.296945,47.63812],[-122.296944,47.638124],[-122.296944,47.638127],[-122.296943,47.638131],[-122.296942,47.638135],[-122.296942,47.638139],[-122.296941,47.638142],[-122.296941,47.638146],[-122.29694,47.63815],[-122.296939,47.638154],[-122.296939,47.638157],[-122.296938,47.638161],[-122.296938,47.638165],[-122.296937,47.638168],[-122.296937,47.638172],[-122.296936,47.638176],[-122.296936,47.63818],[-122.296935,47.638183],[-122.296935,47.638187],[-122.296935,47.638191],[-122.296934,47.638195],[-122.296934,47.638198],[-122.296933,47.638202],[-122.296933,47.638206],[-122.296933,47.63821],[-122.296932,47.638213],[-122.296932,47.638217],[-122.296932,47.638221],[-122.296931,47.638225],[-122.296931,47.638228],[-122.296931,47.638232],[-122.29693,47.638236],[-122.29693,47.63824],[-122.29693,47.638243],[-122.296929,47.638247],[-122.296929,47.638251],[-122.296929,47.638255],[-122.296929,47.638258],[-122.296929,47.638262],[-122.296928,47.638266],[-122.296928,47.63827],[-122.296928,47.638273],[-122.296928,47.638277],[-122.296928,47.638281],[-122.296964,47.638709],[-122.296944,47.63908],[-122.296916,47.639352],[-122.296871,47.639545],[-122.296846,47.639672],[-122.296814,47.639807],[-122.296775,47.639932],[-122.296741,47.640061],[-122.296736,47.640185],[-122.296769,47.640283],[-122.296837,47.640378]]}},{"type":"Feature","id":11216,"properties":{"compkey":11216,"street":"LAKE WASHINGTON BLVD E","arterialClass":"Collector Arterial","arterialClassCode":3,"oneWay":false,"aawdt":8365.8,"method":"two_way_total","directions":"TOTAL","measurementCount":1,"measurements":[{"studyId":"341539","date":"2023-06-13","direction":"TOTAL","awdt":8365.75,"used":true}]},"geometry":{"type":"LineString","coordinates":[[-122.298618,47.641708],[-122.298596,47.643148]]}},{"type":"Feature","id":11291,"properties":{"compkey":11291,"street":"LATONA AVE NE","arterialClass":"Collector Arterial","arterialClassCode":3,"oneWay":true,"aawdt":2422.5,"method":"one_way_direction","directions":"N","measurementCount":1,"measurements":[{"studyId":"342284","date":"2023-08-31","direction":"N","awdt":2422.5,"used":true}]},"geometry":{"type":"LineString","coordinates":[[-122.325707,47.655637],[-122.325677,47.657699]]}},{"type":"Feature","id":11295,"properties":{"compkey":11295,"street":"LATONA AVE NE","arterialClass":"Collector Arterial","arterialClassCode":3,"oneWay":true,"aawdt":1336.2,"method":"one_way_direction","directions":"N","measurementCount":1,"measurements":[{"studyId":"342671","date":"2023-10-06","direction":"N","awdt":1336.2,"used":true}]},"geometry":{"type":"LineString","coordinates":[[-122.325123,47.66135],[-122.325103,47.662641],[-122.325095,47.663169]]}},{"type":"Feature","id":11300,"properties":{"compkey":11300,"street":"LATONA AVE NE","arterialClass":"Collector Arterial","arterialClassCode":3,"oneWay":false,"aawdt":4347.8,"method":"two_way_total","directions":"TOTAL","measurementCount":1,"measurements":[{"studyId":"342286","date":"2023-08-31","direction":"TOTAL","awdt":4347.75,"used":true}]},"geometry":{"type":"LineString","coordinates":[[-122.325589,47.667168],[-122.325578,47.667892]]}},{"type":"Feature","id":11388,"properties":{"compkey":11388,"street":"LINCOLN PARK WAY SW","arterialClass":"Minor Arterial","arterialClassCode":2,"oneWay":false,"aawdt":4842.0,"method":"two_way_total","directions":"TOTAL","measurementCount":1,"measurements":[{"studyId":"341796","date":"2023-07-07","direction":"TOTAL","awdt":4842.0,"used":true}]},"geometry":{"type":"LineString","coordinates":[[-122.395394,47.539922],[-122.395202,47.539824],[-122.395002,47.539734],[-122.394794,47.539652],[-122.394347,47.539488],[-122.393985,47.539355],[-122.393985,47.539355],[-122.393927,47.53933],[-122.393926,47.53933],[-122.393898,47.539315],[-122.393872,47.539302],[-122.393822,47.53927],[-122.393775,47.539236],[-122.393733,47.539199],[-122.393695,47.53916],[-122.393294,47.538698],[-122.393183,47.538569],[-122.393154,47.538533],[-122.39313,47.538495],[-122.393109,47.538457]]}},{"type":"Feature","id":11427,"properties":{"compkey":11427,"street":"LINDEN AVE N","arterialClass":"Collector Arterial","arterialClassCode":3,"oneWay":false,"aawdt":3303.0,"method":"two_way_total","directions":"TOTAL","measurementCount":1,"measurements":[{"studyId":"343025","date":"2023-10-26","direction":"TOTAL","awdt":3303.0,"used":true}]},"geometry":{"type":"LineString","coordinates":[[-122.347231,47.688394],[-122.347231,47.689118]]}},{"type":"Feature","id":11468,"properties":{"compkey":11468,"street":"LOYAL WAY NW","arterialClass":"Collector Arterial","arterialClassCode":3,"oneWay":false,"aawdt":786.0,"method":"two_way_total","directions":"TOTAL","measurementCount":1,"measurements":[{"studyId":"342660","date":"2023-10-05","direction":"TOTAL","awdt":786.0,"used":true}]},"geometry":{"type":"LineString","coordinates":[[-122.395756,47.688331],[-122.396274,47.688603],[-122.396368,47.688656],[-122.396456,47.688713],[-122.396538,47.688775],[-122.396612,47.688841],[-122.396679,47.688911],[-122.396738,47.688983],[-122.396871,47.689163],[-122.396954,47.689275]]}},{"type":"Feature","id":11607,"properties":{"compkey":11607,"street":"MAGNOLIA BLVD W","arterialClass":"Minor Arterial","arterialClassCode":2,"oneWay":false,"aawdt":4707.4,"method":"two_way_total","directions":"TOTAL","measurementCount":1,"measurements":[{"studyId":"342146","date":"2023-08-14","direction":"TOTAL","awdt":4707.4,"used":true}]},"geometry":{"type":"LineString","coordinates":[[-122.39741,47.633753],[-122.397833,47.634466],[-122.397904,47.635917]]}},{"type":"Feature","id":11611,"properties":{"compkey":11611,"street":"MAGNOLIA BLVD W","arterialClass":"Collector Arterial","arterialClassCode":3,"oneWay":false,"aawdt":2369.4,"method":"two_way_total","directions":"TOTAL","measurementCount":1,"measurements":[{"studyId":"342228","date":"2023-08-18","direction":"TOTAL","awdt":2369.4,"used":true}]},"geometry":{"type":"LineString","coordinates":[[-122.405115,47.635901],[-122.405159,47.63594],[-122.405216,47.635984],[-122.40527,47.636024],[-122.405346,47.636078],[-122.405758,47.636332],[-122.406883,47.637038],[-122.407294,47.637316],[-122.407811,47.637678]]}},{"type":"Feature","id":11646,"properties":{"compkey":11646,"street":"MARINE VIEW DR SW","arterialClass":"Collector Arterial","arterialClassCode":3,"oneWay":false,"aawdt":2274.2,"method":"two_way_total","directions":"TOTAL","measurementCount":1,"measurements":[{"studyId":"341873","date":"2023-07-13","direction":"TOTAL","awdt":2274.2,"used":true}]},"geometry":{"type":"LineString","coordinates":[[-122.390504,47.512126],[-122.390502,47.512123],[-122.3905,47.512121],[-122.390499,47.512118],[-122.390497,47.512116],[-122.390495,47.512113],[-122.390493,47.512111],[-122.390491,47.512109],[-122.390489,47.512106],[-122.390487,47.512104],[-122.390485,47.512101],[-122.390484,47.512099],[-122.390482,47.512096],[-122.39048,47.512094],[-122.390478,47.512092],[-122.390476,47.512089],[-122.390474,47.512087],[-122.390472,47.512084],[-122.390471,47.512082],[-122.390469,47.512079],[-122.390467,47.512077],[-122.390465,47.512075],[-122.390463,47.512072],[-122.390461,47.51207],[-122.390459,47.512067],[-122.390457,47.512065],[-122.390456,47.512062],[-122.390454,47.51206],[-122.390452,47.512058],[-122.39045,47.512055],[-122.390448,47.512053],[-122.390446,47.51205],[-122.390444,47.512048],[-122.390442,47.512045],[-122.390441,47.512043],[-122.390439,47.51204],[-122.390437,47.512038],[-122.390435,47.512036],[-122.390433,47.512033],[-122.390431,47.512031],[-122.390429,47.512028],[-122.390427,47.512026],[-122.390426,47.512023],[-122.390424,47.512021],[-122.390422,47.512019],[-122.39042,47.512016],[-122.390418,47.512014],[-122.390416,47.512011],[-122.390414,47.512009],[-122.390413,47.512006],[-122.390411,47.512004],[-122.390409,47.512002],[-122.390407,47.511999],[-122.390405,47.511997],[-122.390403,47.511994],[-122.390401,47.511992],[-122.390399,47.511989],[-122.390398,47.511987],[-122.390396,47.511985],[-122.390394,47.511982],[-122.390392,47.51198],[-122.39039,47.511977],[-122.390388,47.511975],[-122.390386,47.511972],[-122.390384,47.51197],[-122.390383,47.511968],[-122.390381,47.511965],[-122.390379,47.511963],[-122.390377,47.51196],[-122.390375,47.511958],[-122.390373,47.511955],[-122.390371,47.511953],[-122.390369,47.511951],[-122.390368,47.511948],[-122.390366,47.511946],[-122.390364,47.511943],[-122.390362,47.511941],[-122.39036,47.511938],[-122.390358,47.511936],[-122.390356,47.511934],[-122.390355,47.511931],[-122.390353,47.511929],[-122.390351,47.511926],[-122.390349,47.511924],[-122.390347,47.511921],[-122.390345,47.511919],[-122.390343,47.511917],[-122.390341,47.511914],[-122.39034,47.511912],[-122.390338,47.511909],[-122.390336,47.511907],[-122.390334,47.511904],[-122.390332,47.511902],[-122.39033,47.511899],[-122.390328,47.511897],[-122.390326,47.511895],[-122.390325,47.511892],[-122.390323,47.51189],[-122.390321,47.511887],[-122.390319,47.511885],[-122.390317,47.511882],[-122.390315,47.51188],[-122.390313,47.511878],[-122.390311,47.511875],[-122.39031,47.511873],[-122.390308,47.51187],[-122.390306,47.511868],[-122.390304,47.511865],[-122.390302,47.511863],[-122.3903,47.511861],[-122.390298,47.511858],[-122.390297,47.511856],[-122.390295,47.511853],[-122.390293,47.511851],[-122.390291,47.511848],[-122.390289,47.511846],[-122.390287,47.511844],[-122.390285,47.511841],[-122.390283,47.511839],[-122.390282,47.511836],[-122.39028,47.511834],[-122.390278,47.511831],[-122.390276,47.511829],[-122.390274,47.511827],[-122.390272,47.511824],[-122.39027,47.511822],[-122.390268,47.511819],[-122.390267,47.511817],[-122.390265,47.511814],[-122.390263,47.511812],[-122.390261,47.51181],[-122.390259,47.511807],[-122.390257,47.511805],[-122.390255,47.511802],[-122.390254,47.5118],[-122.390252,47.511797],[-122.39025,47.511795],[-122.390248,47.511793],[-122.390246,47.51179],[-122.390244,47.511788],[-122.390242,47.511785],[-122.39024,47.511783],[-122.390238,47.511781],[-122.390236,47.511778],[-122.390234,47.511776],[-122.390232,47.511773],[-122.39023,47.511771],[-122.390228,47.511769],[-122.390226,47.511766],[-122.390224,47.511764],[-122.390222,47.511761],[-122.39022,47.511759],[-122.390218,47.511757],[-122.390216,47.511754],[-122.390214,47.511752],[-122.390212,47.511749],[-122.390211,47.511747],[-122.390209,47.511745],[-122.390207,47.511742],[-122.390205,47.51174],[-122.390203,47.511737],[-122.390201,47.511735],[-122.390199,47.511733],[-122.390197,47.51173],[-122.390195,47.511728],[-122.390193,47.511726],[-122.390191,47.511723],[-122.390189,47.511721],[-122.390187,47.511718],[-122.390185,47.511716],[-122.390183,47.511714],[-122.390181,47.511711],[-122.390179,47.511709],[-122.390177,47.511706],[-122.390175,47.511704],[-122.390173,47.511702],[-122.390171,47.511699],[-122.390169,47.511697],[-122.390167,47.511694],[-122.390165,47.511692],[-122.390163,47.51169],[-122.390161,47.511687],[-122.390159,47.511685],[-122.390157,47.511683],[-122.390155,47.51168],[-122.390153,47.511678],[-122.39015,47.511676],[-122.390148,47.511673],[-122.390146,47.511671],[-122.390144,47.511669],[-122.390142,47.511666],[-122.39014,47.511664],[-122.390138,47.511662],[-122.390136,47.511659],[-122.390134,47.511657],[-122.390131,47.511655],[-122.390129,47.511652],[-122.390127,47.51165],[-122.390125,47.511648],[-122.390122,47.511645],[-122.39012,47.511643],[-122.390118,47.511641],[-122.390116,47.511638],[-122.390114,47.511636],[-122.390112,47.511634],[-122.390109,47.511631],[-122.390107,47.511629],[-122.390105,47.511627],[-122.390103,47.511625],[-122.390101,47.511622],[-122.390098,47.51162],[-122.390096,47.511618],[-122.390094,47.511615],[-122.390092,47.511613],[-122.390089,47.511611],[-122.390087,47.511609],[-122.390085,47.511606],[-122.390083,47.511604],[-122.39008,47.511602],[-122.390078,47.511599],[-122.390076,47.511597],[-122.390074,47.511595],[-122.390071,47.511593],[-122.390069,47.51159],[-122.390067,47.511588],[-122.390064,47.511586],[-122.390062,47.511584],[-122.39006,47.511581],[-122.390057,47.511579],[-122.390055,47.511577],[-122.390053,47.511575],[-122.390051,47.511572],[-122.390048,47.51157],[-122.390046,47.511568],[-122.390044,47.511566],[-122.390041,47.511563],[-122.390039,47.511561],[-122.390036,47.511559],[-122.390034,47.511557],[-122.390032,47.511554],[-122.390029,47.511552],[-122.390027,47.51155],[-122.390025,47.511548],[-122.390022,47.511546],[-122.39002,47.511543],[-122.390018,47.511541],[-122.390015,47.511539],[-122.390013,47.511537],[-122.39001,47.511534],[-122.390008,47.511532],[-122.390006,47.51153],[-122.390003,47.511528],[-122.390001,47.511526],[-122.389998,47.511523],[-122.389996,47.511521],[-122.389994,47.511519],[-122.389991,47.511517],[-122.389989,47.511515],[-122.389986,47.511513],[-122.389984,47.51151],[-122.389981,47.511508],[-122.389979,47.511506],[-122.389976,47.511504],[-122.389974,47.511502],[-122.389971,47.511499],[-122.389969,47.511497],[-122.389967,47.511495],[-122.389964,47.511493],[-122.389962,47.511491],[-122.389959,47.511489],[-122.389957,47.511486],[-122.389954,47.511484],[-122.389952,47.511482],[-122.389949,47.51148],[-122.389947,47.511478],[-122.389944,47.511476],[-122.389941,47.511474],[-122.389939,47.511471],[-122.389936,47.511469],[-122.389934,47.511467],[-122.389931,47.511465],[-122.389929,47.511463],[-122.389926,47.511461],[-122.389924,47.511459],[-122.389921,47.511456],[-122.389919,47.511454],[-122.389916,47.511452],[-122.389913,47.51145],[-122.389911,47.511448],[-122.389908,47.511446],[-122.389906,47.511444],[-122.389903,47.511442],[-122.3899,47.51144],[-122.389898,47.511437],[-122.389895,47.511435],[-122.389893,47.511433],[-122.38989,47.511431],[-122.389887,47.511429],[-122.389885,47.511427],[-122.389882,47.511425],[-122.38988,47.511423],[-122.389877,47.511421],[-122.389874,47.511419],[-122.389872,47.511417],[-122.389869,47.511415],[-122.389866,47.511412],[-122.389864,47.51141],[-122.389861,47.511408],[-122.389858,47.511406],[-122.389856,47.511404],[-122.389853,47.511402],[-122.38985,47.5114],[-122.389848,47.511398],[-122.389845,47.511396],[-122.389842,47.511394],[-122.389839,47.511392],[-122.389837,47.51139],[-122.389834,47.511388],[-122.389831,47.511386],[-122.389829,47.511384],[-122.389826,47.511382],[-122.389823,47.51138],[-122.38982,47.511378],[-122.389818,47.511376],[-122.389815,47.511374],[-122.389812,47.511372],[-122.389809,47.51137],[-122.389807,47.511368],[-122.389804,47.511366],[-122.389801,47.511364],[-122.389798,47.511362],[-122.389795,47.51136],[-122.389793,47.511358],[-122.38979,47.511356],[-122.389787,47.511354],[-122.389784,47.511352],[-122.389781,47.51135],[-122.389778,47.511348],[-122.389776,47.511346],[-122.389773,47.511344],[-122.38977,47.511342],[-122.389767,47.51134],[-122.389764,47.511338],[-122.389762,47.511336],[-122.389759,47.511334],[-122.389756,47.511332],[-122.389753,47.51133],[-122.38975,47.511328],[-122.389747,47.511326],[-122.389744,47.511325],[-122.389742,47.511323],[-122.389739,47.511321],[-122.389736,47.511319],[-122.389733,47.511317],[-122.38973,47.511315],[-122.389727,47.511313],[-122.389725,47.511311],[-122.389722,47.511309],[-122.389719,47.511307],[-122.389716,47.511305],[-122.389713,47.511303],[-122.38971,47.511301],[-122.389708,47.511299],[-122.389705,47.511297],[-122.389702,47.511295],[-122.389699,47.511293],[-122.389696,47.511291],[-122.389693,47.511289],[-122.389691,47.511287],[-122.389688,47.511285],[-122.389685,47.511283],[-122.388832,47.510728],[-122.388758,47.510676]]}},{"type":"Feature","id":11652,"properties":{"compkey":11652,"street":"MARINE VIEW DR SW","arterialClass":"Collector Arterial","arterialClassCode":3,"oneWay":false,"aawdt":1106.8,"method":"two_way_total","directions":"TOTAL","measurementCount":1,"measurements":[{"studyId":"342019","date":"2023-07-27","direction":"TOTAL","awdt":1106.8,"used":true}]},"geometry":{"type":"LineString","coordinates":[[-122.384038,47.506476],[-122.382357,47.50646],[-122.382231,47.506455],[-122.382113,47.506443],[-122.381967,47.506425],[-122.38178,47.50639],[-122.381553,47.506326]]}},{"type":"Feature","id":11720,"properties":{"compkey":11720,"street":"MCGILVRA BLVD E","arterialClass":"Collector Arterial","arterialClassCode":3,"oneWay":false,"aawdt":1649.8,"method":"two_way_total","directions":"TOTAL","measurementCount":1,"measurements":[{"studyId":"341501","date":"2023-06-13","direction":"TOTAL","awdt":1649.75,"used":true}]},"geometry":{"type":"LineString","coordinates":[[-122.281326,47.632168],[-122.281324,47.633028],[-122.281329,47.63322],[-122.281346,47.633287],[-122.281406,47.633326],[-122.281593,47.633377]]}},{"type":"Feature","id":11746,"properties":{"compkey":11746,"street":"MERIDIAN AVE N","arterialClass":"Collector Arterial","arterialClassCode":3,"oneWay":false,"aawdt":6428.2,"method":"two_way_total","directions":"TOTAL","measurementCount":1,"measurements":[{"studyId":"342506","date":"2023-09-28","direction":"TOTAL","awdt":6428.2,"used":true}]},"geometry":{"type":"LineString","coordinates":[[-122.334203,47.724331],[-122.334205,47.725036]]}},{"type":"Feature","id":11799,"properties":{"compkey":11799,"street":"MERIDIAN AVE N","arterialClass":"Collector Arterial","arterialClassCode":3,"oneWay":false,"aawdt":3113.0,"method":"two_way_total","directions":"TOTAL","measurementCount":1,"measurements":[{"studyId":"342674","date":"2023-10-06","direction":"TOTAL","awdt":3113.0,"used":true}]},"geometry":{"type":"LineString","coordinates":[[-122.333727,47.665778],[-122.333721,47.666501]]}},{"type":"Feature","id":11804,"properties":{"compkey":11804,"street":"MERIDIAN AVE N","arterialClass":"Collector Arterial","arterialClassCode":3,"oneWay":false,"aawdt":1051.4,"method":"two_way_total","directions":"TOTAL","measurementCount":1,"measurements":[{"studyId":"343171","date":"2023-11-03","direction":"TOTAL","awdt":1051.4,"used":true}]},"geometry":{"type":"LineString","coordinates":[[-122.333573,47.672325],[-122.333568,47.672928]]}},{"type":"Feature","id":11828,"properties":{"compkey":11828,"street":"MERIDIAN AVE N","arterialClass":"Collector Arterial","arterialClassCode":3,"oneWay":false,"aawdt":15151.4,"method":"two_way_total","directions":"TOTAL","measurementCount":1,"measurements":[{"studyId":"342668","date":"2023-10-05","direction":"TOTAL","awdt":15151.4,"used":true}]},"geometry":{"type":"LineString","coordinates":[[-122.33404,47.710483],[-122.334063,47.711831],[-122.334063,47.711837],[-122.334063,47.711842],[-122.334071,47.712297]]}},{"type":"Feature","id":11834,"properties":{"compkey":11834,"street":"MERIDIAN AVE N","arterialClass":"Collector Arterial","arterialClassCode":3,"oneWay":false,"aawdt":2727.8,"method":"two_way_total","directions":"TOTAL","measurementCount":1,"measurements":[{"studyId":"342896","date":"2023-10-20","direction":"TOTAL","awdt":2727.8,"used":true}]},"geometry":{"type":"LineString","coordinates":[[-122.334194,47.722019],[-122.334199,47.723214]]}},{"type":"Feature","id":12037,"properties":{"compkey":12037,"street":"OCCIDENTAL AVE S","arterialClass":"Collector Arterial","arterialClassCode":3,"oneWay":false,"aawdt":360.2,"method":"two_way_total","directions":"TOTAL","measurementCount":1,"measurements":[{"studyId":"341818","date":"2023-07-10","direction":"TOTAL","awdt":360.2,"used":true}]},"geometry":{"type":"LineString","coordinates":[[-122.334234,47.532047],[-122.334291,47.532005],[-122.334326,47.531955],[-122.334328,47.531908],[-122.334343,47.530883],[-122.334338,47.530859],[-122.334331,47.530836],[-122.33432,47.530813],[-122.334307,47.530791],[-122.334305,47.530788],[-122.334292,47.53077],[-122.334273,47.530749],[-122.334253,47.53073],[-122.33423,47.530711],[-122.334206,47.530694],[-122.333862,47.530475],[-122.333817,47.530444],[-122.333776,47.530411],[-122.33374,47.530376],[-122.333707,47.530339],[-122.33368,47.5303],[-122.333657,47.53026],[-122.332831,47.528588],[-122.332719,47.5284],[-122.332622,47.528266],[-122.332585,47.528219],[-122.332428,47.528047],[-122.332336,47.527959],[-122.332234,47.527876],[-122.332122,47.5278],[-122.332002,47.527729],[-122.331887,47.527672]]}},{"type":"Feature","id":12143,"properties":{"compkey":12143,"street":"PHINNEY AVE N","arterialClass":"Minor Arterial","arterialClassCode":2,"oneWay":false,"aawdt":2941.2,"method":"two_way_total","directions":"TOTAL","measurementCount":1,"measurements":[{"studyId":"342276","date":"2023-08-31","direction":"TOTAL","awdt":2941.25,"used":true}]},"geometry":{"type":"LineString","coordinates":[[-122.353984,47.663599],[-122.353979,47.664312]]}},{"type":"Feature","id":12312,"properties":{"compkey":12312,"street":"QUEEN ANNE AVE N","arterialClass":"Minor Arterial","arterialClassCode":2,"oneWay":false,"aawdt":7931.2,"method":"two_way_total","directions":"TOTAL","measurementCount":1,"measurements":[{"studyId":"342753","date":"2023-10-13","direction":"TOTAL","awdt":7931.2,"used":true}]},"geometry":{"type":"LineString","coordinates":[[-122.35697,47.635962],[-122.356956,47.637175]]}},{"type":"Feature","id":12315,"properties":{"compkey":12315,"street":"QUEEN ANNE AVE N","arterialClass":"Minor Arterial","arterialClassCode":2,"oneWay":false,"aawdt":5426.8,"method":"two_way_total","directions":"TOTAL","measurementCount":1,"measurements":[{"studyId":"341545","date":"2023-06-14","direction":"TOTAL","awdt":5426.75,"used":true}]},"geometry":{"type":"LineString","coordinates":[[-122.356927,47.639601],[-122.356915,47.641439]]}},{"type":"Feature","id":12327,"properties":{"compkey":12327,"street":"QUEEN ANNE DR","arterialClass":"Minor Arterial","arterialClassCode":2,"oneWay":false,"aawdt":10718.8,"method":"two_way_total","directions":"TOTAL","measurementCount":1,"measurements":[{"studyId":"342175","date":"2023-08-15","direction":"TOTAL","awdt":10718.8,"used":true}]},"geometry":{"type":"LineString","coordinates":[[-122.353563,47.642022],[-122.352858,47.642133],[-122.352732,47.642154],[-122.352607,47.642176],[-122.352483,47.642199],[-122.352359,47.642224],[-122.352235,47.64225],[-122.352113,47.642277],[-122.351991,47.642305],[-122.351869,47.642335],[-122.350581,47.642711]]}},{"type":"Feature","id":12380,"properties":{"compkey":12380,"street":"RAINIER AVE S","arterialClass":"Principal Arterial","arterialClassCode":1,"oneWay":false,"aawdt":19875.4,"method":"two_way_total","directions":"TOTAL","measurementCount":1,"measurements":[{"studyId":"344213","date":"2023-10-01","direction":"TOTAL","awdt":19875.4,"used":true}]},"geometry":{"type":"LineString","coordinates":[[-122.288627,47.565655],[-122.28825,47.564281]]}},{"type":"Feature","id":12483,"properties":{"compkey":12483,"street":"RAVENNA AVE NE","arterialClass":"Collector Arterial","arterialClassCode":3,"oneWay":false,"aawdt":1594.6,"method":"two_way_total","directions":"TOTAL","measurementCount":1,"measurements":[{"studyId":"343078","date":"2023-11-01","direction":"TOTAL","awdt":1594.6,"used":true}]},"geometry":{"type":"LineString","coordinates":[[-122.297545,47.704793],[-122.29638,47.705875],[-122.296293,47.705974],[-122.296258,47.706043],[-122.296247,47.706082],[-122.296246,47.706122]]}},{"type":"Feature","id":12578,"properties":{"compkey":12578,"street":"ROOSEVELT WAY N","arterialClass":"Collector Arterial","arterialClassCode":3,"oneWay":false,"aawdt":1494.6,"method":"two_way_total","directions":"TOTAL","measurementCount":1,"measurements":[{"studyId":"342502","date":"2023-09-28","direction":"TOTAL","awdt":1494.6,"used":true}]},"geometry":{"type":"LineString","coordinates":[[-122.331551,47.727384],[-122.331673,47.727443],[-122.334209,47.728661],[-122.334231,47.728677]]}},{"type":"Feature","id":12594,"properties":{"compkey":12594,"street":"ROOSEVELT WAY NE","arterialClass":"Principal Arterial","arterialClassCode":1,"oneWay":true,"aawdt":12787.6,"method":"one_way_direction","directions":"S","measurementCount":1,"measurements":[{"studyId":"343246","date":"2023-11-28","direction":"S","awdt":12787.6,"used":true}]},"geometry":{"type":"LineString","coordinates":[[-122.317834,47.656895],[-122.317817,47.65752]]}},{"type":"Feature","id":12600,"properties":{"compkey":12600,"street":"ROOSEVELT WAY NE","arterialClass":"Principal Arterial","arterialClassCode":1,"oneWay":true,"aawdt":7279.4,"method":"one_way_direction","directions":"S","measurementCount":1,"measurements":[{"studyId":"342874","date":"2023-10-20","direction":"S","awdt":7279.4,"used":true}]},"geometry":{"type":"LineString","coordinates":[[-122.317438,47.663123],[-122.317419,47.664943]]}},{"type":"Feature","id":12620,"properties":{"compkey":12620,"street":"ROOSEVELT WAY NE","arterialClass":"Principal Arterial","arterialClassCode":1,"oneWay":true,"aawdt":8205.8,"method":"one_way_direction","directions":"S","measurementCount":1,"measurements":[{"studyId":"342834","date":"2023-10-18","direction":"S","awdt":8205.8,"used":true}]},"geometry":{"type":"LineString","coordinates":[[-122.317428,47.679476],[-122.317443,47.680178]]}},{"type":"Feature","id":12660,"properties":{"compkey":12660,"street":"ROOSEVELT WAY NE","arterialClass":"Collector Arterial","arterialClassCode":3,"oneWay":false,"aawdt":2228.8,"method":"two_way_total","directions":"TOTAL","measurementCount":1,"measurements":[{"studyId":"342511","date":"2023-09-28","direction":"TOTAL","awdt":2228.8,"used":true}]},"geometry":{"type":"LineString","coordinates":[[-122.31798,47.714018],[-122.318036,47.715825],[-122.318036,47.715831]]}},{"type":"Feature","id":12683,"properties":{"compkey":12683,"street":"ROY ST","arterialClass":"Principal Arterial","arterialClassCode":1,"oneWay":false,"aawdt":7467.2,"method":"two_way_total","directions":"TOTAL","measurementCount":1,"measurements":[{"studyId":"341624","date":"2023-06-15","direction":"TOTAL","awdt":7467.25,"used":true}]},"geometry":{"type":"LineString","coordinates":[[-122.351495,47.625443],[-122.350189,47.625438]]}},{"type":"Feature","id":12686,"properties":{"compkey":12686,"street":"ROY ST","arterialClass":"Minor Arterial","arterialClassCode":2,"oneWay":false,"aawdt":2848.2,"method":"two_way_total","directions":"TOTAL","measurementCount":1,"measurements":[{"studyId":"341627","date":"2023-06-15","direction":"TOTAL","awdt":2848.25,"used":true}]},"geometry":{"type":"LineString","coordinates":[[-122.34758,47.625429],[-122.346274,47.625424]]}},{"type":"Feature","id":12691,"properties":{"compkey":12691,"street":"ROY ST","arterialClass":"Minor Arterial","arterialClassCode":2,"oneWay":false,"aawdt":3296.6,"method":"two_way_total","directions":"TOTAL","measurementCount":1,"measurements":[{"studyId":"342254","date":"2023-08-23","direction":"TOTAL","awdt":3296.6,"used":true}]},"geometry":{"type":"LineString","coordinates":[[-122.341051,47.625404],[-122.340394,47.625401],[-122.33975,47.625399]]}},{"type":"Feature","id":12796,"properties":{"compkey":12796,"street":"SEWARD PARK AVE S","arterialClass":"Collector Arterial","arterialClassCode":3,"oneWay":false,"aawdt":3850.4,"method":"two_way_total","directions":"TOTAL","measurementCount":1,"measurements":[{"studyId":"343151","date":"2023-11-03","direction":"TOTAL","awdt":3850.4,"used":true}]},"geometry":{"type":"LineString","coordinates":[[-122.259286,47.548668],[-122.259289,47.548664],[-122.259333,47.548619],[-122.259378,47.548575],[-122.259426,47.548532],[-122.259475,47.54849],[-122.261636,47.546687]]}},{"type":"Feature","id":12815,"properties":{"compkey":12815,"street":"SEWARD PARK AVE S","arterialClass":"Minor Arterial","arterialClassCode":2,"oneWay":false,"aawdt":14534.0,"method":"two_way_total","directions":"TOTAL","measurementCount":1,"measurements":[{"studyId":"343238","date":"2023-11-28","direction":"TOTAL","awdt":14534.0,"used":true}]},"geometry":{"type":"LineString","coordinates":[[-122.26457,47.523299],[-122.264506,47.522342],[-122.264505,47.522324],[-122.264505,47.522321],[-122.264505,47.522319],[-122.264505,47.522316],[-122.264505,47.522313],[-122.264504,47.52231],[-122.264504,47.522308],[-122.264504,47.522305],[-122.264504,47.522302],[-122.264503,47.522299],[-122.264503,47.522297],[-122.264503,47.522294],[-122.264503,47.522291],[-122.264503,47.522288],[-122.264502,47.522286],[-122.264502,47.522283],[-122.264502,47.52228],[-122.264501,47.522277],[-122.264501,47.522275],[-122.264501,47.522272],[-122.2645,47.522269],[-122.2645,47.522267],[-122.2645,47.522264],[-122.264499,47.522261],[-122.264499,47.522258],[-122.264499,47.522256],[-122.264498,47.522253],[-122.264498,47.52225],[-122.264498,47.522247],[-122.264497,47.522245],[-122.264497,47.522242],[-122.264497,47.522239],[-122.264496,47.522236],[-122.264496,47.522234],[-122.264495,47.522231],[-122.264495,47.522228],[-122.264495,47.522226],[-122.264494,47.522223],[-122.264494,47.52222],[-122.264494,47.522217],[-122.264493,47.522215],[-122.264493,47.522212],[-122.264492,47.522209],[-122.264492,47.522206],[-122.264491,47.522204],[-122.264491,47.522201],[-122.264491,47.522198],[-122.26449,47.522196],[-122.26449,47.522193],[-122.264489,47.52219],[-122.264489,47.522187],[-122.264488,47.522185],[-122.264488,47.522182],[-122.264487,47.522179],[-122.264487,47.522177],[-122.264486,47.522174],[-122.264486,47.522171],[-122.264485,47.522168],[-122.264485,47.522166],[-122.264484,47.522163],[-122.264484,47.52216],[-122.264483,47.522157],[-122.264483,47.522155],[-122.264482,47.522152],[-122.264482,47.522149],[-122.264481,47.522147],[-122.264481,47.522144],[-122.26448,47.522141],[-122.264479,47.522138],[-122.264479,47.522136],[-122.264478,47.522133],[-122.264478,47.52213],[-122.264477,47.522128],[-122.264477,47.522125],[-122.264476,47.522122],[-122.264475,47.522119],[-122.264475,47.522117],[-122.264474,47.522114],[-122.264474,47.522111],[-122.264473,47.522109],[-122.264472,47.522106],[-122.264472,47.522103],[-122.264471,47.5221],[-122.264471,47.522098],[-122.26447,47.522095],[-122.264469,47.522092],[-122.264469,47.52209],[-122.264468,47.522087],[-122.264467,47.522084],[-122.264466,47.522082],[-122.264466,47.522079],[-122.264465,47.522076],[-122.264464,47.522073],[-122.264464,47.522071],[-122.264463,47.522068],[-122.264462,47.522065],[-122.264461,47.522063],[-122.264461,47.52206],[-122.26446,47.522057],[-122.264459,47.522055],[-122.264458,47.522052],[-122.264458,47.522049],[-122.264457,47.522046],[-122.264456,47.522044],[-122.264455,47.522041],[-122.264455,47.522038],[-122.264454,47.522036],[-122.264453,47.522033],[-122.264452,47.52203],[-122.264451,47.522028],[-122.264451,47.522025],[-122.26445,47.522022],[-122.264449,47.52202],[-122.264448,47.522017],[-122.264447,47.522014],[-122.264446,47.522012],[-122.264446,47.522009],[-122.264445,47.522006],[-122.264444,47.522004],[-122.264443,47.522001],[-122.264442,47.521998],[-122.264441,47.521996],[-122.26444,47.521993],[-122.26444,47.52199],[-122.264439,47.521987],[-122.264438,47.521985],[-122.264437,47.521982],[-122.264436,47.521979],[-122.264435,47.521977],[-122.264434,47.521974],[-122.264433,47.521971],[-122.264432,47.521969],[-122.264431,47.521966],[-122.26443,47.521963],[-122.264429,47.521961],[-122.264429,47.521958],[-122.264428,47.521955],[-122.264427,47.521953],[-122.264426,47.52195],[-122.264425,47.521947],[-122.264424,47.521945],[-122.264423,47.521942],[-122.264422,47.521939],[-122.264421,47.521937],[-122.26442,47.521934],[-122.264419,47.521932],[-122.264418,47.521929],[-122.264417,47.521926],[-122.264416,47.521924],[-122.264415,47.521921],[-122.264414,47.521918],[-122.264413,47.521916],[-122.264412,47.521913],[-122.264411,47.52191],[-122.26441,47.521908],[-122.264408,47.521905],[-122.264407,47.521902],[-122.264406,47.5219],[-122.264405,47.521897],[-122.264404,47.521894],[-122.264403,47.521892],[-122.264402,47.521889],[-122.264401,47.521886],[-122.264399,47.521884],[-122.264398,47.521881],[-122.264397,47.521879],[-122.264396,47.521876],[-122.264395,47.521873],[-122.264394,47.521871],[-122.264393,47.521868],[-122.264392,47.521865],[-122.26439,47.521863],[-122.264389,47.52186],[-122.264388,47.521858],[-122.264387,47.521855],[-122.264386,47.521852],[-122.264385,47.52185],[-122.264384,47.521847],[-122.264383,47.521844],[-122.264381,47.521842],[-122.26438,47.521839],[-122.264379,47.521837],[-122.264378,47.521834],[-122.264376,47.521831],[-122.264375,47.521829],[-122.264374,47.521826],[-122.264373,47.521823],[-122.264372,47.521821],[-122.26437,47.521818],[-122.264369,47.521816],[-122.264368,47.521813],[-122.264367,47.52181],[-122.264365,47.521808],[-122.264364,47.521805],[-122.264363,47.521803],[-122.264361,47.5218],[-122.26436,47.521797],[-122.264359,47.521795],[-122.264357,47.521792],[-122.264356,47.52179],[-122.264355,47.521787],[-122.264354,47.521784],[-122.264352,47.521782],[-122.264351,47.521779],[-122.26435,47.521777],[-122.264348,47.521774],[-122.264347,47.521772],[-122.264346,47.521769],[-122.264344,47.521766],[-122.264343,47.521764],[-122.264341,47.521761],[-122.26434,47.521759],[-122.264339,47.521756],[-122.264337,47.521753],[-122.264336,47.521751],[-122.264334,47.521748],[-122.264333,47.521746],[-122.264332,47.521743],[-122.26433,47.521741],[-122.264329,47.521738],[-122.264327,47.521735],[-122.264326,47.521733],[-122.264325,47.52173],[-122.264323,47.521728],[-122.264322,47.521725],[-122.26432,47.521723],[-122.264319,47.52172],[-122.264317,47.521718],[-122.264316,47.521715],[-122.264314,47.521712],[-122.264313,47.52171],[-122.264311,47.521707],[-122.26431,47.521705],[-122.264309,47.521702],[-122.264307,47.5217],[-122.264306,47.521697],[-122.264304,47.521695],[-122.264303,47.521692],[-122.264301,47.521689],[-122.2643,47.521687],[-122.264298,47.521684],[-122.264297,47.521682],[-122.264295,47.521679],[-122.264294,47.521677],[-122.264292,47.521674],[-122.264291,47.521672],[-122.264289,47.521669],[-122.264288,47.521667],[-122.264286,47.521664],[-122.264284,47.521662],[-122.264283,47.521659],[-122.264281,47.521657],[-122.26428,47.521654],[-122.264278,47.521652],[-122.264276,47.521649],[-122.264275,47.521646],[-122.264273,47.521644],[-122.264272,47.521641],[-122.26427,47.521639],[-122.264268,47.521636],[-122.264267,47.521634],[-122.264265,47.521631],[-122.264263,47.521629],[-122.264262,47.521626],[-122.26426,47.521624],[-122.264259,47.521621],[-122.264257,47.521619],[-122.264255,47.521616],[-122.264254,47.521614],[-122.264252,47.521611],[-122.26425,47.521609],[-122.264248,47.521606],[-122.264247,47.521604],[-122.264245,47.521601],[-122.264243,47.521599],[-122.264242,47.521596],[-122.26424,47.521594],[-122.264238,47.521591],[-122.264237,47.521589],[-122.264235,47.521587],[-122.264233,47.521584],[-122.264231,47.521582],[-122.26423,47.521579],[-122.264228,47.521577],[-122.264226,47.521574],[-122.264224,47.521572],[-122.264223,47.521569],[-122.264221,47.521567],[-122.264219,47.521564],[-122.264217,47.521562],[-122.264215,47.521559]]}},{"type":"Feature","id":12900,"properties":{"compkey":12900,"street":"STEWART ST","arterialClass":"Principal Arterial","arterialClassCode":1,"oneWay":true,"aawdt":7212.8,"method":"one_way_direction","directions":"SW","measurementCount":1,"measurements":[{"studyId":"342761","date":"2023-10-13","direction":"SW","awdt":7212.8,"used":true}]},"geometry":{"type":"LineString","coordinates":[[-122.338747,47.6123],[-122.337888,47.612964]]}},{"type":"Feature","id":13041,"properties":{"compkey":13041,"street":"SWIFT AVE S","arterialClass":"Principal Arterial","arterialClassCode":1,"oneWay":false,"aawdt":22673.8,"method":"two_way_total","directions":"TOTAL","measurementCount":1,"measurements":[{"studyId":"341359","date":"2023-05-31","direction":"TOTAL","awdt":22673.8,"used":true}]},"geometry":{"type":"LineString","coordinates":[[-122.308637,47.547367],[-122.307952,47.546987]]}},{"type":"Feature","id":13061,"properties":{"compkey":13061,"street":"SYLVAN WAY SW","arterialClass":"Principal Arterial","arterialClassCode":1,"oneWay":false,"aawdt":8936.4,"method":"two_way_total","directions":"TOTAL","measurementCount":2,"measurements":[{"studyId":"342061","date":"2023-07-27","direction":"TOTAL","awdt":8936.4,"used":true},{"studyId":"342028","date":"2023-07-27","direction":"NW","awdt":4758.8,"used":false}]},"geometry":{"type":"LineString","coordinates":[[-122.370622,47.542838],[-122.370107,47.541408],[-122.370055,47.541263],[-122.370054,47.54126],[-122.369984,47.541066],[-122.369983,47.541064],[-122.369974,47.54104],[-122.369962,47.541015],[-122.36994,47.540978],[-122.369913,47.540941],[-122.369889,47.540914],[-122.369882,47.540907],[-122.36987,47.540895],[-122.369847,47.540874],[-122.369808,47.540843],[-122.36964,47.540729],[-122.36946,47.540625],[-122.369267,47.540531],[-122.369065,47.540447],[-122.368856,47.540376]]}},{"type":"Feature","id":13062,"properties":{"compkey":13062,"street":"SYLVAN WAY SW","arterialClass":"Principal Arterial","arterialClassCode":1,"oneWay":false,"aawdt":6073.0,"method":"two_way_total","directions":"TOTAL","measurementCount":1,"measurements":[{"studyId":"342025","date":"2023-07-27","direction":"TOTAL","awdt":6073.0,"used":true}]},"geometry":{"type":"LineString","coordinates":[[-122.362551,47.537419],[-122.362506,47.537358],[-122.36246,47.537304],[-122.362416,47.537264],[-122.362352,47.537228],[-122.362146,47.537148],[-122.36212,47.537135],[-122.362036,47.537092],[-122.361965,47.53705],[-122.361929,47.537028],[-122.361889,47.537001],[-122.361847,47.536971],[-122.36181,47.536942],[-122.361777,47.536915],[-122.361742,47.536884],[-122.361678,47.536823],[-122.361627,47.536763],[-122.361588,47.536709],[-122.361521,47.536641],[-122.361496,47.536618],[-122.361449,47.536602],[-122.361325,47.536585]]}},{"type":"Feature","id":13078,"properties":{"compkey":13078,"street":"TAYLOR AVE N","arterialClass":"Minor Arterial","arterialClassCode":2,"oneWay":false,"aawdt":7450.5,"method":"two_way_total","directions":"TOTAL","measurementCount":1,"measurements":[{"studyId":"341620","date":"2023-06-15","direction":"TOTAL","awdt":7450.5,"used":true}]},"geometry":{"type":"LineString","coordinates":[[-122.346274,47.625424],[-122.346267,47.626282]]}},{"type":"Feature","id":13128,"properties":{"compkey":13128,"street":"THACKERAY PL NE","arterialClass":"Collector Arterial","arterialClassCode":3,"oneWay":true,"aawdt":1017.8,"method":"one_way_direction","directions":"S","measurementCount":1,"measurements":[{"studyId":"342672","date":"2023-10-06","direction":"S","awdt":1017.8,"used":true}]},"geometry":{"type":"LineString","coordinates":[[-122.326194,47.661355],[-122.326175,47.662627],[-122.326167,47.663174]]}},{"type":"Feature","id":13148,"properties":{"compkey":13148,"street":"THORNDYKE AVE W","arterialClass":"Minor Arterial","arterialClassCode":2,"oneWay":false,"aawdt":2013.0,"method":"two_way_total","directions":"TOTAL","measurementCount":1,"measurements":[{"studyId":"342449","date":"2023-09-27","direction":"TOTAL","awdt":2013.0,"used":true}]},"geometry":{"type":"LineString","coordinates":[[-122.391894,47.632321],[-122.391871,47.633959],[-122.391871,47.633981],[-122.39187,47.633983],[-122.391848,47.63405],[-122.391802,47.63411],[-122.391756,47.634155],[-122.391721,47.63418]]}},{"type":"Feature","id":13202,"properties":{"compkey":13202,"street":"UNIVERSITY ST","arterialClass":"Principal Arterial","arterialClassCode":1,"oneWay":true,"aawdt":7022.0,"method":"one_way_direction","directions":"NE","measurementCount":1,"measurements":[{"studyId":"342766","date":"2023-10-25","direction":"NE","awdt":7022.0,"used":true}]},"geometry":{"type":"LineString","coordinates":[[-122.335991,47.607769],[-122.335463,47.60799],[-122.33503,47.608171],[-122.334881,47.608234]]}},{"type":"Feature","id":13262,"properties":{"compkey":13262,"street":"VALLEY ST","arterialClass":"Minor Arterial","arterialClassCode":2,"oneWay":false,"aawdt":3559.5,"method":"two_way_total","directions":"TOTAL","measurementCount":1,"measurements":[{"studyId":"341622","date":"2023-06-15","direction":"TOTAL","awdt":3559.5,"used":true}]},"geometry":{"type":"LineString","coordinates":[[-122.344955,47.626278],[-122.343793,47.626274],[-122.343615,47.626273]]}},{"type":"Feature","id":13297,"properties":{"compkey":13297,"street":"VIEWMONT WAY W","arterialClass":"Collector Arterial","arterialClassCode":3,"oneWay":false,"aawdt":1838.6,"method":"two_way_total","directions":"TOTAL","measurementCount":1,"measurements":[{"studyId":"342230","date":"2023-08-18","direction":"TOTAL","awdt":1838.6,"used":true}]},"geometry":{"type":"LineString","coordinates":[[-122.40374,47.637819],[-122.402627,47.638638]]}},{"type":"Feature","id":13330,"properties":{"compkey":13330,"street":"WEST SEATTLE BR EB","arterialClass":"Principal Arterial","arterialClassCode":1,"oneWay":true,"aawdt":72656.2,"method":"two_way_total","directions":"TOTAL","measurementCount":1,"measurements":[{"studyId":"342609","date":"2023-10-14","direction":"TOTAL","awdt":72656.2,"used":true}]},"geometry":{"type":"LineString","coordinates":[[-122.343803,47.571226],[-122.344567,47.571146],[-122.34664,47.570935],[-122.347624,47.57092],[-122.348156,47.570928],[-122.350601,47.570953],[-122.350768,47.57095],[-122.350988,47.570945],[-122.351884,47.570957],[-122.352047,47.570959],[-122.354139,47.57095],[-122.356025,47.570961],[-122.356115,47.57096],[-122.356221,47.570958],[-122.356564,47.570976],[-122.356746,47.570987],[-122.356963,47.571003],[-122.35733,47.571054],[-122.358494,47.571213]]}},{"type":"Feature","id":13333,"properties":{"compkey":13333,"street":"WEST SEATTLE BR EB","arterialClass":"Principal Arterial","arterialClassCode":1,"oneWay":true,"aawdt":38396.4,"method":"two_way_total","directions":"TOTAL","measurementCount":1,"measurements":[{"studyId":"342816","date":"2023-10-25","direction":"TOTAL","awdt":38396.4,"used":true}]},"geometry":{"type":"LineString","coordinates":[[-122.372312,47.570651],[-122.372424,47.570519],[-122.372585,47.570299],[-122.372665,47.570147],[-122.372752,47.569888],[-122.373179,47.568354],[-122.373275,47.567937],[-122.373546,47.566982],[-122.373646,47.566773],[-122.373744,47.566615],[-122.373894,47.566413],[-122.374033,47.566255],[-122.374295,47.566024],[-122.374665,47.56576],[-122.375105,47.565514],[-122.375491,47.56531],[-122.375597,47.565261],[-122.375689,47.565222],[-122.375923,47.565124],[-122.376203,47.565044]]}},{"type":"Feature","id":13362,"properties":{"compkey":13362,"street":"WALLINGFORD AVE N","arterialClass":"Collector Arterial","arterialClassCode":3,"oneWay":false,"aawdt":2096.2,"method":"two_way_total","directions":"TOTAL","measurementCount":1,"measurements":[{"studyId":"342280","date":"2023-08-31","direction":"TOTAL","awdt":2096.25,"used":true}]},"geometry":{"type":"LineString","coordinates":[[-122.336366,47.648051],[-122.336353,47.649201]]}},{"type":"Feature","id":13370,"properties":{"compkey":13370,"street":"WALLINGFORD AVE N","arterialClass":"Collector Arterial","arterialClassCode":3,"oneWay":false,"aawdt":3479.5,"method":"two_way_total","directions":"TOTAL","measurementCount":1,"measurements":[{"studyId":"342283","date":"2023-08-31","direction":"TOTAL","awdt":3479.5,"used":true}]},"geometry":{"type":"LineString","coordinates":[[-122.33624,47.65799],[-122.336223,47.659158]]}},{"type":"Feature","id":13387,"properties":{"compkey":13387,"street":"WALLINGFORD AVE N","arterialClass":"Minor Arterial","arterialClassCode":2,"oneWay":false,"aawdt":2847.0,"method":"two_way_total","directions":"TOTAL","measurementCount":1,"measurements":[{"studyId":"343029","date":"2023-10-26","direction":"TOTAL","awdt":2847.0,"used":true}]},"geometry":{"type":"LineString","coordinates":[[-122.33642,47.686924],[-122.336421,47.687007],[-122.336429,47.687825],[-122.336437,47.688715]]}},{"type":"Feature","id":13469,"properties":{"compkey":13469,"street":"WATERS AVE S","arterialClass":"Collector Arterial","arterialClassCode":3,"oneWay":false,"aawdt":920.4,"method":"direction_only","directions":"SE","measurementCount":1,"measurements":[{"studyId":"341346","date":"2023-05-30","direction":"SE","awdt":920.4,"used":true}]},"geometry":{"type":"LineString","coordinates":[[-122.25901,47.517303],[-122.258457,47.516879]]}},{"type":"Feature","id":13510,"properties":{"compkey":13510,"street":"WESTERN AVE","arterialClass":"Principal Arterial","arterialClassCode":1,"oneWay":true,"aawdt":4535.4,"method":"one_way_direction","directions":"NW","measurementCount":1,"measurements":[{"studyId":"341245","date":"2023-05-03","direction":"NW","awdt":4535.4,"used":true}]},"geometry":{"type":"LineString","coordinates":[[-122.348688,47.613485],[-122.349621,47.614037]]}},{"type":"Feature","id":13627,"properties":{"compkey":13627,"street":"WINONA AVE N","arterialClass":"Minor Arterial","arterialClassCode":2,"oneWay":false,"aawdt":10827.8,"method":"two_way_total","directions":"TOTAL","measurementCount":1,"measurements":[{"studyId":"343033","date":"2023-10-26","direction":"TOTAL","awdt":10827.8,"used":true}]},"geometry":{"type":"LineString","coordinates":[[-122.341838,47.683937],[-122.339918,47.684761]]}},{"type":"Feature","id":13705,"properties":{"compkey":13705,"street":"WOODLAWN AVE NE","arterialClass":"Collector Arterial","arterialClassCode":3,"oneWay":false,"aawdt":2174.6,"method":"two_way_total","directions":"TOTAL","measurementCount":1,"measurements":[{"studyId":"342965","date":"2023-10-24","direction":"TOTAL","awdt":2174.6,"used":true}]},"geometry":{"type":"LineString","coordinates":[[-122.328364,47.677518],[-122.328243,47.677513],[-122.327242,47.677571]]}},{"type":"Feature","id":13712,"properties":{"compkey":13712,"street":"WOODLAWN AVE NE","arterialClass":"Collector Arterial","arterialClassCode":3,"oneWay":false,"aawdt":2764.2,"method":"two_way_total","directions":"TOTAL","measurementCount":1,"measurements":[{"studyId":"342973","date":"2023-10-24","direction":"TOTAL","awdt":2764.2,"used":true}]},"geometry":{"type":"LineString","coordinates":[[-122.324698,47.680518],[-122.325149,47.68116],[-122.325165,47.681183]]}},{"type":"Feature","id":13825,"properties":{"compkey":13825,"street":"E ALOHA ST","arterialClass":"Collector Arterial","arterialClassCode":3,"oneWay":false,"aawdt":5271.0,"method":"two_way_total","directions":"TOTAL","measurementCount":1,"measurements":[{"studyId":"341950","date":"2023-07-19","direction":"TOTAL","awdt":5271.0,"used":true}]},"geometry":{"type":"LineString","coordinates":[[-122.304794,47.62684],[-122.30359,47.626831]]}},{"type":"Feature","id":13849,"properties":{"compkey":13849,"street":"E BLAINE ST","arterialClass":"Collector Arterial","arterialClassCode":3,"oneWay":true,"aawdt":703.8,"method":"one_way_direction","directions":"E","measurementCount":1,"measurements":[{"studyId":"341523","date":"2023-06-13","direction":"E","awdt":703.75,"used":true}]},"geometry":{"type":"LineString","coordinates":[[-122.278538,47.634566],[-122.277161,47.634558],[-122.277158,47.634558]]}},{"type":"Feature","id":14024,"properties":{"compkey":14024,"street":"E GALER ST","arterialClass":"Collector Arterial","arterialClassCode":3,"oneWay":false,"aawdt":2239.2,"method":"two_way_total","directions":"TOTAL","measurementCount":1,"measurements":[{"studyId":"341948","date":"2023-07-19","direction":"TOTAL","awdt":2239.2,"used":true}]},"geometry":{"type":"LineString","coordinates":[[-122.309908,47.632326],[-122.308587,47.632319]]}},{"type":"Feature","id":14057,"properties":{"compkey":14057,"street":"EAST GREEN LAKE DR N","arterialClass":"Minor Arterial","arterialClassCode":2,"oneWay":false,"aawdt":8856.0,"method":"two_way_total","directions":"TOTAL","measurementCount":1,"measurements":[{"studyId":"342969","date":"2023-10-24","direction":"TOTAL","awdt":8856.0,"used":true}]},"geometry":{"type":"LineString","coordinates":[[-122.325841,47.680299],[-122.325883,47.680382],[-122.325953,47.680482],[-122.326049,47.680596],[-122.326145,47.680716]]}},{"type":"Feature","id":14080,"properties":{"compkey":14080,"street":"EAST GREEN LAKE WAY N","arterialClass":"Minor Arterial","arterialClassCode":2,"oneWay":false,"aawdt":6997.6,"method":"two_way_total","directions":"TOTAL","measurementCount":1,"measurements":[{"studyId":"342961","date":"2023-10-24","direction":"TOTAL","awdt":6997.6,"used":true}]},"geometry":{"type":"LineString","coordinates":[[-122.329406,47.678365],[-122.328292,47.678317]]}},{"type":"Feature","id":14264,"properties":{"compkey":14264,"street":"E JOHN ST","arterialClass":"Collector Arterial","arterialClassCode":3,"oneWay":false,"aawdt":1164.2,"method":"two_way_total","directions":"TOTAL","measurementCount":1,"measurements":[{"studyId":"341443","date":"2023-06-05","direction":"TOTAL","awdt":1164.2,"used":true}]},"geometry":{"type":"LineString","coordinates":[[-122.293493,47.620168],[-122.292334,47.620162]]}},{"type":"Feature","id":14390,"properties":{"compkey":14390,"street":"EAST MARGINAL WAY S","arterialClass":"Minor Arterial","arterialClassCode":2,"oneWay":true,"aawdt":2340.6,"method":"one_way_direction","directions":"S","measurementCount":1,"measurements":[{"studyId":"340987","date":"2023-03-24","direction":"S","awdt":2340.6,"used":true}]},"geometry":{"type":"LineString","coordinates":[[-122.339724,47.569135],[-122.339703,47.568911],[-122.339662,47.568155],[-122.339649,47.567719],[-122.339628,47.567423],[-122.339451,47.566351]]}},{"type":"Feature","id":14395,"properties":{"compkey":14395,"street":"EAST MARGINAL WAY S","arterialClass":"Principal Arterial","arterialClassCode":1,"oneWay":false,"aawdt":46717.0,"method":"two_way_total","directions":"TOTAL","measurementCount":1,"measurements":[{"studyId":"342817","date":"2023-10-25","direction":"TOTAL","awdt":46717.0,"used":true}]},"geometry":{"type":"LineString","coordinates":[[-122.339455,47.560325],[-122.339456,47.559557]]}},{"type":"Feature","id":14403,"properties":{"compkey":14403,"street":"EAST MARGINAL WAY S","arterialClass":"Principal Arterial","arterialClassCode":1,"oneWay":false,"aawdt":48859.8,"method":"two_way_total","directions":"TOTAL","measurementCount":1,"measurements":[{"studyId":"340607","date":"2023-01-18","direction":"TOTAL","awdt":48859.8,"used":true}]},"geometry":{"type":"LineString","coordinates":[[-122.33529,47.550115],[-122.334436,47.548491],[-122.334372,47.548369],[-122.334355,47.548335],[-122.334324,47.548277]]}},{"type":"Feature","id":14907,"properties":{"compkey":14907,"street":"E UNION ST","arterialClass":"Collector Arterial","arterialClassCode":3,"oneWay":false,"aawdt":3808.8,"method":"two_way_total","directions":"TOTAL","measurementCount":1,"measurements":[{"studyId":"342049","date":"2023-07-31","direction":"TOTAL","awdt":3808.8,"used":true}]},"geometry":{"type":"LineString","coordinates":[[-122.293682,47.612948],[-122.292593,47.612937]]}},{"type":"Feature","id":14949,"properties":{"compkey":14949,"street":"E YESLER WAY","arterialClass":"Minor Arterial","arterialClassCode":2,"oneWay":false,"aawdt":6246.8,"method":"two_way_total","directions":"TOTAL","measurementCount":1,"measurements":[{"studyId":"343038","date":"2023-10-27","direction":"TOTAL","awdt":6246.8,"used":true}]},"geometry":{"type":"LineString","coordinates":[[-122.299986,47.601668],[-122.298932,47.601666]]}},{"type":"Feature","id":15259,"properties":{"compkey":15259,"street":"N 145TH ST","arterialClass":"Collector Arterial","arterialClassCode":3,"oneWay":false,"aawdt":4082.4,"method":"two_way_total","directions":"TOTAL","measurementCount":1,"measurements":[{"studyId":"342596","date":"2023-10-05","direction":"TOTAL","awdt":4082.4,"used":true}]},"geometry":{"type":"LineString","coordinates":[[-122.359183,47.734143],[-122.355708,47.734136],[-122.355586,47.734136]]}},{"type":"Feature","id":15287,"properties":{"compkey":15287,"street":"N 34TH ST","arterialClass":"Principal Arterial","arterialClassCode":1,"oneWay":false,"aawdt":10925.6,"method":"two_way_total","directions":"TOTAL","measurementCount":1,"measurements":[{"studyId":"343122","date":"2023-11-02","direction":"TOTAL","awdt":10925.6,"used":true}]},"geometry":{"type":"LineString","coordinates":[[-122.347434,47.649246],[-122.346895,47.649165],[-122.346223,47.649064],[-122.344781,47.648847]]}},{"type":"Feature","id":15413,"properties":{"compkey":15413,"street":"N 40TH ST","arterialClass":"Collector Arterial","arterialClassCode":3,"oneWay":false,"aawdt":3574.6,"method":"two_way_total","directions":"TOTAL","measurementCount":1,"measurements":[{"studyId":"343252","date":"2023-11-28","direction":"TOTAL","awdt":3574.6,"used":true}]},"geometry":{"type":"LineString","coordinates":[[-122.345974,47.655398],[-122.344668,47.655392]]}},{"type":"Feature","id":15538,"properties":{"compkey":15538,"street":"N 45TH ST","arterialClass":"Minor Arterial","arterialClassCode":2,"oneWay":false,"aawdt":1172.4,"method":"two_way_total","directions":"TOTAL","measurementCount":1,"measurements":[{"studyId":"343167","date":"2023-11-03","direction":"TOTAL","awdt":1172.4,"used":true}]},"geometry":{"type":"LineString","coordinates":[[-122.345628,47.661392],[-122.344574,47.66139]]}},{"type":"Feature","id":15890,"properties":{"compkey":15890,"street":"N 80TH ST","arterialClass":"Minor Arterial","arterialClassCode":2,"oneWay":false,"aawdt":6876.6,"method":"two_way_total","directions":"TOTAL","measurementCount":1,"measurements":[{"studyId":"342517","date":"2023-09-29","direction":"TOTAL","awdt":6876.6,"used":true}]},"geometry":{"type":"LineString","coordinates":[[-122.357989,47.686946],[-122.355314,47.686948]]}},{"type":"Feature","id":15897,"properties":{"compkey":15897,"street":"N 80TH ST","arterialClass":"Minor Arterial","arterialClassCode":2,"oneWay":false,"aawdt":11414.2,"method":"two_way_total","directions":"TOTAL","measurementCount":1,"measurements":[{"studyId":"342619","date":"2023-09-29","direction":"TOTAL","awdt":11414.2,"used":true}]},"geometry":{"type":"LineString","coordinates":[[-122.340471,47.686935],[-122.33912,47.686932]]}},{"type":"Feature","id":16038,"properties":{"compkey":16038,"street":"N 92ND ST","arterialClass":"Minor Arterial","arterialClassCode":2,"oneWay":false,"aawdt":3502.8,"method":"two_way_total","directions":"TOTAL","measurementCount":1,"measurements":[{"studyId":"342515","date":"2023-09-29","direction":"TOTAL","awdt":3502.8,"used":true}]},"geometry":{"type":"LineString","coordinates":[[-122.332537,47.695943],[-122.332476,47.695943],[-122.331134,47.695933]]}},{"type":"Feature","id":16285,"properties":{"compkey":16285,"street":"NE 110TH ST","arterialClass":"Collector Arterial","arterialClassCode":3,"oneWay":false,"aawdt":2966.6,"method":"two_way_total","directions":"TOTAL","measurementCount":1,"measurements":[{"studyId":"343086","date":"2023-11-01","direction":"TOTAL","awdt":2966.6,"used":true}]},"geometry":{"type":"LineString","coordinates":[[-122.297962,47.708415],[-122.296236,47.708406]]}},{"type":"Feature","id":16286,"properties":{"compkey":16286,"street":"NE 110TH ST","arterialClass":"Collector Arterial","arterialClassCode":3,"oneWay":false,"aawdt":2641.4,"method":"two_way_total","directions":"TOTAL","measurementCount":1,"measurements":[{"studyId":"342705","date":"2023-10-11","direction":"TOTAL","awdt":2641.4,"used":true}]},"geometry":{"type":"LineString","coordinates":[[-122.296236,47.708406],[-122.294871,47.708399]]}},{"type":"Feature","id":16734,"properties":{"compkey":16734,"street":"NE 40TH ST","arterialClass":"Collector Arterial","arterialClassCode":3,"oneWay":false,"aawdt":1431.8,"method":"two_way_total","directions":"TOTAL","measurementCount":1,"measurements":[{"studyId":"343426","date":"2023-12-11","direction":"TOTAL","awdt":1431.8,"used":true}]},"geometry":{"type":"LineString","coordinates":[[-122.314456,47.655373],[-122.3133,47.655359]]}},{"type":"Feature","id":16938,"properties":{"compkey":16938,"street":"NE 50TH ST","arterialClass":"Collector Arterial","arterialClassCode":3,"oneWay":false,"aawdt":8293.2,"method":"two_way_total","directions":"TOTAL","measurementCount":1,"measurements":[{"studyId":"342791","date":"2023-10-17","direction":"TOTAL","awdt":8293.2,"used":true}]},"geometry":{"type":"LineString","coordinates":[[-122.30949,47.664881],[-122.308342,47.664873]]}},{"type":"Feature","id":17007,"properties":{"compkey":17007,"street":"NE 54TH ST","arterialClass":"Collector Arterial","arterialClassCode":3,"oneWay":false,"aawdt":5771.4,"method":"two_way_total","directions":"TOTAL","measurementCount":1,"measurements":[{"studyId":"343243","date":"2023-11-28","direction":"TOTAL","awdt":5771.4,"used":true}]},"geometry":{"type":"LineString","coordinates":[[-122.305493,47.668003],[-122.304458,47.667993]]}},{"type":"Feature","id":17057,"properties":{"compkey":17057,"street":"NE 55TH ST","arterialClass":"Collector Arterial","arterialClassCode":3,"oneWay":false,"aawdt":5032.0,"method":"two_way_total","directions":"TOTAL","measurementCount":1,"measurements":[{"studyId":"343094","date":"2023-11-01","direction":"TOTAL","awdt":5032.0,"used":true}]},"geometry":{"type":"LineString","coordinates":[[-122.282154,47.668563],[-122.281983,47.668593],[-122.279475,47.669026]]}},{"type":"Feature","id":17463,"properties":{"compkey":17463,"street":"NE 73RD ST","arterialClass":"Principal Arterial","arterialClassCode":1,"oneWay":false,"aawdt":3712.0,"method":"two_way_total","directions":"TOTAL","measurementCount":1,"measurements":[{"studyId":"343102","date":"2023-11-01","direction":"TOTAL","awdt":3712.0,"used":true}]},"geometry":{"type":"LineString","coordinates":[[-122.317472,47.68156],[-122.316416,47.681549]]}},{"type":"Feature","id":17899,"properties":{"compkey":17899,"street":"NE 95TH ST","arterialClass":"Minor Arterial","arterialClassCode":2,"oneWay":false,"aawdt":4464.2,"method":"two_way_total","directions":"TOTAL","measurementCount":1,"measurements":[{"studyId":"342561","date":"2023-09-29","direction":"TOTAL","awdt":4464.2,"used":true}]},"geometry":{"type":"LineString","coordinates":[[-122.298799,47.697525],[-122.296054,47.697505],[-122.296033,47.697505]]}},{"type":"Feature","id":17987,"properties":{"compkey":17987,"street":"NE CAMPUS PKWY","arterialClass":"Minor Arterial","arterialClassCode":2,"oneWay":true,"aawdt":4684.8,"method":"one_way_direction","directions":"E","measurementCount":1,"measurements":[{"studyId":"343420","date":"2023-12-11","direction":"E","awdt":4684.8,"used":true}]},"geometry":{"type":"LineString","coordinates":[[-122.315587,47.656018],[-122.314439,47.656006]]}},{"type":"Feature","id":17993,"properties":{"compkey":17993,"street":"NE CAMPUS PKWY","arterialClass":"Minor Arterial","arterialClassCode":2,"oneWay":true,"aawdt":3263.6,"method":"one_way_direction","directions":"W","measurementCount":1,"measurements":[{"studyId":"343419","date":"2023-12-11","direction":"W","awdt":3263.6,"used":true}]},"geometry":{"type":"LineString","coordinates":[[-122.31559,47.656241],[-122.314433,47.656231]]}},{"type":"Feature","id":18029,"properties":{"compkey":18029,"street":"NE NORTHLAKE WAY","arterialClass":"Minor Arterial","arterialClassCode":2,"oneWay":false,"aawdt":3660.6,"method":"two_way_total","directions":"TOTAL","measurementCount":1,"measurements":[{"studyId":"342471","date":"2023-09-27","direction":"TOTAL","awdt":3660.6,"used":true}]},"geometry":{"type":"LineString","coordinates":[[-122.327861,47.653107],[-122.327709,47.653234],[-122.327501,47.65336],[-122.327203,47.653501],[-122.327028,47.653563],[-122.326863,47.653613]]}},{"type":"Feature","id":18061,"properties":{"compkey":18061,"street":"NE RAVENNA BLVD","arterialClass":"Minor Arterial","arterialClassCode":2,"oneWay":true,"aawdt":3902.8,"method":"one_way_direction","directions":"SE","measurementCount":1,"measurements":[{"studyId":"343133","date":"2023-11-02","direction":"SE","awdt":3902.8,"used":true}]},"geometry":{"type":"LineString","coordinates":[[-122.323927,47.67757],[-122.322346,47.675878]]}},{"type":"Feature","id":18076,"properties":{"compkey":18076,"street":"NE RAVENNA BLVD","arterialClass":"Collector Arterial","arterialClassCode":3,"oneWay":true,"aawdt":2214.4,"method":"one_way_direction","directions":"E","measurementCount":1,"measurements":[{"studyId":"342950","date":"2023-10-24","direction":"E","awdt":2214.4,"used":true}]},"geometry":{"type":"LineString","coordinates":[[-122.308503,47.6703],[-122.308436,47.670345],[-122.308362,47.670368],[-122.308272,47.670389],[-122.308196,47.670385],[-122.308094,47.67035],[-122.308039,47.67031],[-122.307995,47.670272],[-122.307978,47.67025],[-122.307974,47.670227],[-122.307972,47.670207],[-122.307972,47.670187],[-122.307974,47.670167],[-122.307979,47.670147],[-122.30798,47.670139],[-122.307984,47.670119],[-122.307987,47.670091],[-122.307988,47.670063],[-122.307987,47.670035],[-122.307984,47.670007],[-122.307979,47.669979],[-122.307971,47.669951],[-122.307962,47.669924],[-122.307951,47.669897],[-122.307938,47.66987],[-122.307922,47.669844],[-122.307905,47.669818],[-122.307886,47.669793],[-122.307866,47.669769],[-122.307843,47.669745],[-122.307819,47.669722],[-122.307793,47.6697],[-122.307765,47.669674]]}},{"type":"Feature","id":18083,"properties":{"compkey":18083,"street":"NE RAVENNA BLVD","arterialClass":"Minor Arterial","arterialClassCode":2,"oneWay":true,"aawdt":3616.0,"method":"one_way_direction","directions":"NW","measurementCount":1,"measurements":[{"studyId":"343132","date":"2023-11-02","direction":"NW","awdt":3616.0,"used":true}]},"geometry":{"type":"LineString","coordinates":[[-122.323522,47.677657],[-122.322827,47.676908],[-122.321878,47.675884],[-122.321867,47.675873]]}},{"type":"Feature","id":18222,"properties":{"compkey":18222,"street":"NW 125TH ST","arterialClass":"Collector Arterial","arterialClassCode":3,"oneWay":false,"aawdt":1455.2,"method":"two_way_total","directions":"TOTAL","measurementCount":1,"measurements":[{"studyId":"342592","date":"2023-10-05","direction":"TOTAL","awdt":1455.2,"used":true}]},"geometry":{"type":"LineString","coordinates":[[-122.360972,47.719641],[-122.36171,47.719646],[-122.362327,47.71965]]}},{"type":"Feature","id":18443,"properties":{"compkey":18443,"street":"NW 55TH PL","arterialClass":"Collector Arterial","arterialClassCode":3,"oneWay":true,"aawdt":1538.4,"method":"one_way_direction","directions":"SW","measurementCount":1,"measurements":[{"studyId":"342802","date":"2023-10-17","direction":"SW","awdt":1538.4,"used":true}]},"geometry":{"type":"LineString","coordinates":[[-122.360816,47.669434],[-122.360912,47.669353],[-122.360987,47.66926],[-122.361066,47.669156],[-122.361138,47.66905],[-122.361235,47.668922],[-122.361359,47.668815],[-122.36155,47.668667]]}},{"type":"Feature","id":18629,"properties":{"compkey":18629,"street":"NW 65TH ST","arterialClass":"Minor Arterial","arterialClassCode":2,"oneWay":false,"aawdt":8467.0,"method":"two_way_total","directions":"TOTAL","measurementCount":1,"measurements":[{"studyId":"342682","date":"2023-10-06","direction":"TOTAL","awdt":8467.0,"used":true}]},"geometry":{"type":"LineString","coordinates":[[-122.385369,47.675969],[-122.385494,47.675969],[-122.38644,47.675962]]}},{"type":"Feature","id":18637,"properties":{"compkey":18637,"street":"NW 65TH ST","arterialClass":"Collector Arterial","arterialClassCode":3,"oneWay":false,"aawdt":4629.2,"method":"two_way_total","directions":"TOTAL","measurementCount":1,"measurements":[{"studyId":"342686","date":"2023-10-06","direction":"TOTAL","awdt":4629.2,"used":true}]},"geometry":{"type":"LineString","coordinates":[[-122.392971,47.675912],[-122.395699,47.67589]]}},{"type":"Feature","id":18915,"properties":{"compkey":18915,"street":"NW 80TH ST","arterialClass":"Collector Arterial","arterialClassCode":3,"oneWay":false,"aawdt":1664.2,"method":"two_way_total","directions":"TOTAL","measurementCount":1,"measurements":[{"studyId":"342697","date":"2023-10-06","direction":"TOTAL","awdt":1664.2,"used":true}]},"geometry":{"type":"LineString","coordinates":[[-122.395749,47.686762],[-122.396985,47.686755]]}},{"type":"Feature","id":18958,"properties":{"compkey":18958,"street":"NW 85TH ST","arterialClass":"Principal Arterial","arterialClassCode":1,"oneWay":false,"aawdt":15131.4,"method":"two_way_total","directions":"TOTAL","measurementCount":1,"measurements":[{"studyId":"343385","date":"2023-12-06","direction":"TOTAL","awdt":15131.4,"used":true}]},"geometry":{"type":"LineString","coordinates":[[-122.357997,47.690616],[-122.359337,47.690624],[-122.360662,47.690631]]}},{"type":"Feature","id":19124,"properties":{"compkey":19124,"street":"NW 96TH ST","arterialClass":"Collector Arterial","arterialClassCode":3,"oneWay":false,"aawdt":2978.8,"method":"two_way_total","directions":"TOTAL","measurementCount":1,"measurements":[{"studyId":"342640","date":"2023-10-04","direction":"TOTAL","awdt":2978.8,"used":true}]},"geometry":{"type":"LineString","coordinates":[[-122.380789,47.698988],[-122.383051,47.698987]]}},{"type":"Feature","id":19292,"properties":{"compkey":19292,"street":"S ALASKA ST","arterialClass":"Principal Arterial","arterialClassCode":1,"oneWay":false,"aawdt":9024.8,"method":"two_way_total","directions":"TOTAL","measurementCount":1,"measurements":[{"studyId":"341364","date":"2023-05-31","direction":"TOTAL","awdt":9024.8,"used":true}]},"geometry":{"type":"LineString","coordinates":[[-122.297298,47.561643],[-122.297163,47.561628],[-122.297014,47.561607],[-122.296821,47.561566],[-122.296688,47.561529],[-122.295075,47.560868]]}},{"type":"Feature","id":19308,"properties":{"compkey":19308,"street":"S ALASKA ST","arterialClass":"Minor Arterial","arterialClassCode":2,"oneWay":false,"aawdt":10062.8,"method":"two_way_total","directions":"TOTAL","measurementCount":1,"measurements":[{"studyId":"341992","date":"2023-07-26","direction":"TOTAL","awdt":10062.8,"used":true}]},"geometry":{"type":"LineString","coordinates":[[-122.291029,47.56077],[-122.289939,47.560765]]}},{"type":"Feature","id":19664,"properties":{"compkey":19664,"street":"S CLOVERDALE ST","arterialClass":"Collector Arterial","arterialClassCode":3,"oneWay":false,"aawdt":2744.2,"method":"two_way_total","directions":"TOTAL","measurementCount":1,"measurements":[{"studyId":"341411","date":"2023-05-01","direction":"TOTAL","awdt":2744.2,"used":true}]},"geometry":{"type":"LineString","coordinates":[[-122.274681,47.526126],[-122.274125,47.526125],[-122.273701,47.526128],[-122.27358,47.526129],[-122.273459,47.526129],[-122.273434,47.526129]]}},{"type":"Feature","id":19677,"properties":{"compkey":19677,"street":"S COLLEGE ST","arterialClass":"Collector Arterial","arterialClassCode":3,"oneWay":false,"aawdt":5394.8,"method":"two_way_total","directions":"TOTAL","measurementCount":1,"measurements":[{"studyId":"341671","date":"2023-06-29","direction":"TOTAL","awdt":5394.75,"used":true}]},"geometry":{"type":"LineString","coordinates":[[-122.308188,47.58297],[-122.306881,47.582965]]}},{"type":"Feature","id":19700,"properties":{"compkey":19700,"street":"S COLUMBIAN WAY","arterialClass":"Principal Arterial","arterialClassCode":1,"oneWay":false,"aawdt":12383.2,"method":"two_way_total","directions":"TOTAL","measurementCount":1,"measurements":[{"studyId":"342003","date":"2023-07-26","direction":"TOTAL","awdt":12383.2,"used":true}]},"geometry":{"type":"LineString","coordinates":[[-122.304401,47.559643],[-122.303688,47.559741],[-122.303314,47.559802],[-122.303126,47.55984]]}},{"type":"Feature","id":20108,"properties":{"compkey":20108,"street":"S GENESEE WAY","arterialClass":"Minor Arterial","arterialClassCode":2,"oneWay":false,"aawdt":611.4,"method":"two_way_total","directions":"TOTAL","measurementCount":1,"measurements":[{"studyId":"341220","date":"2023-05-03","direction":"TOTAL","awdt":611.4,"used":true}]},"geometry":{"type":"LineString","coordinates":[[-122.269488,47.564119],[-122.269425,47.564023],[-122.2693,47.563893],[-122.269163,47.56375],[-122.268395,47.562949],[-122.268312,47.562886],[-122.268255,47.562869],[-122.268187,47.562861]]}},{"type":"Feature","id":20300,"properties":{"compkey":20300,"street":"S HOLDEN ST","arterialClass":"Collector Arterial","arterialClassCode":3,"oneWay":false,"aawdt":3746.5,"method":"two_way_total","directions":"TOTAL","measurementCount":1,"measurements":[{"studyId":"341690","date":"2023-06-29","direction":"TOTAL","awdt":3746.5,"used":true}]},"geometry":{"type":"LineString","coordinates":[[-122.331401,47.534162],[-122.329366,47.534147],[-122.328146,47.534138]]}},{"type":"Feature","id":20314,"properties":{"compkey":20314,"street":"S HOLGATE BR","arterialClass":"Minor Arterial","arterialClassCode":2,"oneWay":false,"aawdt":5797.0,"method":"two_way_total","directions":"TOTAL","measurementCount":1,"measurements":[{"studyId":"341674","date":"2023-06-29","direction":"TOTAL","awdt":5797.0,"used":true}]},"geometry":{"type":"LineString","coordinates":[[-122.323515,47.586107],[-122.321408,47.586106],[-122.320442,47.586103],[-122.320278,47.586102],[-122.320135,47.586099],[-122.319953,47.58608],[-122.319851,47.58606],[-122.319667,47.586015],[-122.319527,47.585968],[-122.319388,47.585902],[-122.3193,47.58585],[-122.319196,47.585792],[-122.319095,47.585717]]}},{"type":"Feature","id":20420,"properties":{"compkey":20420,"street":"S HUDSON ST","arterialClass":"Collector Arterial","arterialClassCode":3,"oneWay":false,"aawdt":2771.0,"method":"two_way_total","directions":"TOTAL","measurementCount":1,"measurements":[{"studyId":"343134","date":"2023-11-03","direction":"TOTAL","awdt":2771.0,"used":true}]},"geometry":{"type":"LineString","coordinates":[[-122.336813,47.557417],[-122.335521,47.557418]]}},{"type":"Feature","id":20458,"properties":{"compkey":20458,"street":"S INDUSTRIAL WAY","arterialClass":"Minor Arterial","arterialClassCode":2,"oneWay":true,"aawdt":3090.2,"method":"one_way_direction","directions":"SE","measurementCount":1,"measurements":[{"studyId":"341376","date":"2023-06-01","direction":"SE","awdt":3090.2,"used":true}]},"geometry":{"type":"LineString","coordinates":[[-122.32925,47.567673],[-122.328461,47.567348],[-122.3276,47.566964],[-122.326745,47.566523]]}},{"type":"Feature","id":20462,"properties":{"compkey":20462,"street":"S INDUSTRIAL WAY","arterialClass":"Minor Arterial","arterialClassCode":2,"oneWay":true,"aawdt":4292.0,"method":"one_way_direction","directions":"NW","measurementCount":1,"measurements":[{"studyId":"341375","date":"2023-06-01","direction":"NW","awdt":4292.0,"used":true}]},"geometry":{"type":"LineString","coordinates":[[-122.329187,47.567915],[-122.328432,47.567608],[-122.326747,47.566854]]}},{"type":"Feature","id":20464,"properties":{"compkey":20464,"street":"S INDUSTRIAL WAY","arterialClass":"Minor Arterial","arterialClassCode":2,"oneWay":true,"aawdt":2958.6,"method":"one_way_direction","directions":"NW","measurementCount":1,"measurements":[{"studyId":"341374","date":"2023-06-01","direction":"NW","awdt":2958.6,"used":true}]},"geometry":{"type":"LineString","coordinates":[[-122.325522,47.566293],[-122.323959,47.565576]]}},{"type":"Feature","id":20689,"properties":{"compkey":20689,"street":"S LUCILE ST","arterialClass":"Minor Arterial","arterialClassCode":2,"oneWay":false,"aawdt":2450.8,"method":"two_way_total","directions":"TOTAL","measurementCount":1,"measurements":[{"studyId":"341701","date":"2023-06-29","direction":"TOTAL","awdt":2450.75,"used":true}]},"geometry":{"type":"LineString","coordinates":[[-122.33532,47.553437],[-122.334349,47.553432],[-122.33423,47.553432]]}},{"type":"Feature","id":20691,"properties":{"compkey":20691,"street":"S LUCILE ST","arterialClass":"Minor Arterial","arterialClassCode":2,"oneWay":false,"aawdt":5798.8,"method":"two_way_total","directions":"TOTAL","measurementCount":1,"measurements":[{"studyId":"343138","date":"2023-11-03","direction":"TOTAL","awdt":5798.8,"used":true}]},"geometry":{"type":"LineString","coordinates":[[-122.332401,47.553421],[-122.330944,47.553413]]}},{"type":"Feature","id":20697,"properties":{"compkey":20697,"street":"S LUCILE ST","arterialClass":"Minor Arterial","arterialClassCode":2,"oneWay":false,"aawdt":7338.2,"method":"two_way_total","directions":"TOTAL","measurementCount":1,"measurements":[{"studyId":"341699","date":"2023-06-29","direction":"TOTAL","awdt":7338.25,"used":true}]},"geometry":{"type":"LineString","coordinates":[[-122.323923,47.553374],[-122.323903,47.553374],[-122.323627,47.553372],[-122.323581,47.553372],[-122.322058,47.553363],[-122.321679,47.553361],[-122.321534,47.55336]]}},{"type":"Feature","id":20768,"properties":{"compkey":20768,"street":"S MASSACHUSETTS ST","arterialClass":"Collector Arterial","arterialClassCode":3,"oneWay":false,"aawdt":3632.2,"method":"two_way_total","directions":"TOTAL","measurementCount":1,"measurements":[{"studyId":"341592","date":"2023-06-15","direction":"TOTAL","awdt":3632.25,"used":true}]},"geometry":{"type":"LineString","coordinates":[[-122.309482,47.588434],[-122.308421,47.588429],[-122.308405,47.588429]]}},{"type":"Feature","id":20774,"properties":{"compkey":20774,"street":"S MASSACHUSETTS ST","arterialClass":"Collector Arterial","arterialClassCode":3,"oneWay":false,"aawdt":11979.6,"method":"two_way_total","directions":"TOTAL","measurementCount":1,"measurements":[{"studyId":"343064","date":"2023-10-31","direction":"TOTAL","awdt":11979.6,"used":true}]},"geometry":{"type":"LineString","coordinates":[[-122.303887,47.588405],[-122.302608,47.58838]]}},{"type":"Feature","id":20805,"properties":{"compkey":20805,"street":"S MCCLELLAN ST","arterialClass":"Collector Arterial","arterialClassCode":3,"oneWay":false,"aawdt":4418.0,"method":"two_way_total","directions":"TOTAL","measurementCount":1,"measurements":[{"studyId":"341591","date":"2023-06-15","direction":"TOTAL","awdt":4418.0,"used":true}]},"geometry":{"type":"LineString","coordinates":[[-122.30672,47.578743],[-122.305382,47.578744]]}},{"type":"Feature","id":20811,"properties":{"compkey":20811,"street":"S MCCLELLAN ST","arterialClass":"Minor Arterial","arterialClassCode":2,"oneWay":false,"aawdt":7680.8,"method":"two_way_total","directions":"TOTAL","measurementCount":1,"measurements":[{"studyId":"341587","date":"2023-06-15","direction":"TOTAL","awdt":7680.75,"used":true}]},"geometry":{"type":"LineString","coordinates":[[-122.300298,47.578356],[-122.299289,47.578356]]}},{"type":"Feature","id":20889,"properties":{"compkey":20889,"street":"S MOUNT BAKER BLVD","arterialClass":"Collector Arterial","arterialClassCode":3,"oneWay":true,"aawdt":403.2,"method":"one_way_direction","directions":"E","measurementCount":1,"measurements":[{"studyId":"341217","date":"2023-05-03","direction":"E","awdt":403.2,"used":true}]},"geometry":{"type":"LineString","coordinates":[[-122.292188,47.576239],[-122.292076,47.576191],[-122.291958,47.57615],[-122.291834,47.576117],[-122.291699,47.576093],[-122.291602,47.576087],[-122.291496,47.576084],[-122.29139,47.576087],[-122.291293,47.576094],[-122.291197,47.576104],[-122.291094,47.576121],[-122.290992,47.576143],[-122.290896,47.576168]]}},{"type":"Feature","id":20898,"properties":{"compkey":20898,"street":"S MOUNT BAKER BLVD","arterialClass":"Collector Arterial","arterialClassCode":3,"oneWay":true,"aawdt":254.4,"method":"one_way_direction","directions":"W","measurementCount":1,"measurements":[{"studyId":"341216","date":"2023-05-03","direction":"W","awdt":254.4,"used":true}]},"geometry":{"type":"LineString","coordinates":[[-122.290885,47.576545],[-122.290628,47.576728],[-122.290623,47.576733],[-122.290618,47.576738],[-122.290613,47.576742],[-122.290607,47.576747],[-122.290602,47.576752],[-122.290597,47.576757],[-122.290591,47.576761],[-122.290586,47.576766],[-122.29058,47.576771],[-122.290575,47.576776],[-122.290569,47.57678],[-122.290564,47.576785],[-122.290558,47.576789],[-122.290552,47.576794],[-122.290546,47.576799],[-122.290541,47.576803],[-122.290535,47.576808],[-122.290529,47.576812],[-122.290523,47.576817],[-122.290517,47.576821],[-122.290511,47.576826],[-122.290505,47.57683],[-122.290499,47.576834],[-122.290493,47.576839],[-122.290487,47.576843],[-122.290481,47.576847],[-122.290475,47.576852],[-122.290468,47.576856],[-122.290462,47.57686],[-122.290456,47.576864],[-122.29045,47.576869],[-122.290443,47.576873],[-122.290437,47.576877],[-122.29043,47.576881],[-122.290424,47.576885],[-122.290417,47.576889],[-122.290411,47.576893],[-122.290404,47.576897],[-122.290398,47.576901],[-122.290391,47.576905],[-122.290384,47.576909],[-122.290378,47.576913],[-122.290371,47.576917],[-122.290364,47.576921],[-122.290357,47.576925],[-122.29035,47.576928],[-122.290344,47.576932],[-122.290337,47.576936],[-122.29033,47.57694],[-122.290323,47.576943],[-122.290316,47.576947],[-122.290309,47.576951],[-122.290302,47.576954],[-122.290295,47.576958],[-122.290287,47.576962],[-122.29028,47.576965],[-122.290273,47.576969],[-122.290266,47.576972],[-122.290259,47.576976],[-122.290251,47.576979],[-122.290244,47.576982],[-122.290237,47.576986],[-122.290229,47.576989],[-122.290222,47.576992],[-122.290215,47.576996],[-122.290207,47.576999],[-122.2902,47.577002],[-122.290192,47.577005],[-122.290185,47.577009],[-122.290177,47.577012],[-122.29017,47.577015],[-122.290162,47.577018],[-122.290154,47.577021],[-122.290147,47.577024],[-122.290139,47.577027],[-122.290131,47.57703],[-122.290124,47.577033],[-122.290116,47.577036],[-122.290108,47.577039],[-122.2901,47.577041],[-122.290092,47.577044],[-122.290085,47.577047],[-122.290077,47.57705],[-122.290069,47.577053],[-122.290061,47.577055],[-122.290053,47.577058],[-122.290045,47.577061],[-122.290037,47.577063],[-122.290029,47.577066],[-122.290021,47.577068],[-122.290013,47.577071],[-122.290005,47.577073],[-122.289997,47.577076],[-122.289989,47.577078],[-122.289981,47.57708],[-122.289972,47.577083],[-122.289964,47.577085],[-122.289956,47.577087],[-122.289948,47.57709],[-122.28994,47.577092],[-122.289931,47.577094],[-122.289923,47.577096],[-122.289915,47.577098],[-122.289907,47.577101],[-122.289898,47.577103],[-122.28989,47.577105],[-122.289882,47.577107],[-122.289873,47.577109],[-122.289865,47.577111],[-122.289856,47.577112],[-122.289848,47.577114],[-122.28984,47.577116],[-122.289831,47.577118],[-122.289829,47.577118]]}},{"type":"Feature","id":20987,"properties":{"compkey":20987,"street":"S ORCAS ST","arterialClass":"Collector Arterial","arterialClassCode":3,"oneWay":false,"aawdt":4658.8,"method":"two_way_total","directions":"TOTAL","measurementCount":1,"measurements":[{"studyId":"341995","date":"2023-07-26","direction":"TOTAL","awdt":4658.8,"used":true}]},"geometry":{"type":"LineString","coordinates":[[-122.291571,47.55096],[-122.290452,47.551046]]}},{"type":"Feature","id":21000,"properties":{"compkey":21000,"street":"S ORCAS ST","arterialClass":"Minor Arterial","arterialClassCode":2,"oneWay":false,"aawdt":3212.2,"method":"two_way_total","directions":"TOTAL","measurementCount":1,"measurements":[{"studyId":"341729","date":"2023-06-29","direction":"TOTAL","awdt":3212.25,"used":true}]},"geometry":{"type":"LineString","coordinates":[[-122.269927,47.551145],[-122.267284,47.551133]]}},{"type":"Feature","id":21003,"properties":{"compkey":21003,"street":"S ORCAS ST","arterialClass":"Minor Arterial","arterialClassCode":2,"oneWay":false,"aawdt":1750.4,"method":"two_way_total","directions":"TOTAL","measurementCount":1,"measurements":[{"studyId":"343155","date":"2023-11-03","direction":"TOTAL","awdt":1750.4,"used":true}]},"geometry":{"type":"LineString","coordinates":[[-122.264699,47.551121],[-122.264631,47.551121],[-122.262188,47.551109]]}},{"type":"Feature","id":21004,"properties":{"compkey":21004,"street":"S ORCAS ST","arterialClass":"Minor Arterial","arterialClassCode":2,"oneWay":false,"aawdt":1627.2,"method":"two_way_total","directions":"TOTAL","measurementCount":1,"measurements":[{"studyId":"341730","date":"2023-06-29","direction":"TOTAL","awdt":1627.25,"used":true}]},"geometry":{"type":"LineString","coordinates":[[-122.262188,47.551109],[-122.260538,47.551102]]}},{"type":"Feature","id":21060,"properties":{"compkey":21060,"street":"S OTHELLO ST","arterialClass":"Collector Arterial","arterialClassCode":3,"oneWay":false,"aawdt":3666.0,"method":"two_way_total","directions":"TOTAL","measurementCount":1,"measurements":[{"studyId":"343142","date":"2023-11-03","direction":"TOTAL","awdt":3666.0,"used":true}]},"geometry":{"type":"LineString","coordinates":[[-122.270289,47.536964],[-122.269964,47.536989],[-122.267287,47.536982]]}},{"type":"Feature","id":21629,"properties":{"compkey":21629,"street":"SW 106TH ST","arterialClass":"Collector Arterial","arterialClassCode":3,"oneWay":false,"aawdt":5464.4,"method":"two_way_total","directions":"TOTAL","measurementCount":1,"measurements":[{"studyId":"341878","date":"2023-07-13","direction":"TOTAL","awdt":5464.4,"used":true}]},"geometry":{"type":"LineString","coordinates":[[-122.375948,47.508195],[-122.376069,47.508196],[-122.377365,47.508207],[-122.378244,47.508215],[-122.378742,47.508219],[-122.379547,47.508227],[-122.379812,47.508229],[-122.381391,47.508243],[-122.381512,47.508244]]}},{"type":"Feature","id":21751,"properties":{"compkey":21751,"street":"SW ANDOVER ST","arterialClass":"Collector Arterial","arterialClassCode":3,"oneWay":false,"aawdt":1471.6,"method":"two_way_total","directions":"TOTAL","measurementCount":1,"measurements":[{"studyId":"342030","date":"2023-07-27","direction":"TOTAL","awdt":1471.6,"used":true}]},"geometry":{"type":"LineString","coordinates":[[-122.360145,47.568351],[-122.361193,47.568356]]}},{"type":"Feature","id":21820,"properties":{"compkey":21820,"street":"SW AVALON WAY","arterialClass":"Minor Arterial","arterialClassCode":2,"oneWay":false,"aawdt":14967.0,"method":"two_way_total","directions":"TOTAL","measurementCount":1,"measurements":[{"studyId":"341759","date":"2023-07-06","direction":"TOTAL","awdt":14967.0,"used":true}]},"geometry":{"type":"LineString","coordinates":[[-122.372577,47.564667],[-122.372625,47.564595],[-122.372682,47.564525],[-122.372747,47.56446],[-122.372821,47.564398],[-122.372902,47.564341],[-122.37299,47.564288],[-122.373084,47.564241],[-122.373183,47.5642],[-122.373288,47.564164],[-122.373396,47.564134],[-122.373436,47.564126],[-122.373508,47.564111],[-122.373623,47.564094],[-122.373739,47.564084],[-122.373856,47.564081],[-122.376189,47.564082],[-122.376204,47.564082]]}},{"type":"Feature","id":21855,"properties":{"compkey":21855,"street":"SW BARTON ST","arterialClass":"Minor Arterial","arterialClassCode":2,"oneWay":false,"aawdt":6406.4,"method":"two_way_total","directions":"TOTAL","measurementCount":1,"measurements":[{"studyId":"341830","date":"2023-07-11","direction":"TOTAL","awdt":6406.4,"used":true}]},"geometry":{"type":"LineString","coordinates":[[-122.380794,47.521104],[-122.381608,47.52111],[-122.382135,47.521114]]}},{"type":"Feature","id":21967,"properties":{"compkey":21967,"street":"SW CHARLESTOWN ST","arterialClass":"Collector Arterial","arterialClassCode":3,"oneWay":false,"aawdt":2190.4,"method":"two_way_total","directions":"TOTAL","measurementCount":1,"measurements":[{"studyId":"341744","date":"2023-07-05","direction":"TOTAL","awdt":2190.4,"used":true}]},"geometry":{"type":"LineString","coordinates":[[-122.388119,47.570215],[-122.389456,47.570233]]}},{"type":"Feature","id":22117,"properties":{"compkey":22117,"street":"SW EDMUNDS ST","arterialClass":"Collector Arterial","arterialClassCode":3,"oneWay":false,"aawdt":6832.4,"method":"two_way_total","directions":"TOTAL","measurementCount":1,"measurements":[{"studyId":"341791","date":"2023-07-06","direction":"TOTAL","awdt":6832.4,"used":true}]},"geometry":{"type":"LineString","coordinates":[[-122.385524,47.559325],[-122.386845,47.55933]]}},{"type":"Feature","id":22215,"properties":{"compkey":22215,"street":"SW GENESEE ST","arterialClass":"Collector Arterial","arterialClassCode":3,"oneWay":false,"aawdt":911.2,"method":"two_way_total","directions":"TOTAL","measurementCount":1,"measurements":[{"studyId":"342033","date":"2023-07-27","direction":"TOTAL","awdt":911.2,"used":true}]},"geometry":{"type":"LineString","coordinates":[[-122.389494,47.564764],[-122.390847,47.564767]]}},{"type":"Feature","id":22248,"properties":{"compkey":22248,"street":"SW GRAHAM ST","arterialClass":"Collector Arterial","arterialClassCode":3,"oneWay":false,"aawdt":2748.8,"method":"two_way_total","directions":"TOTAL","measurementCount":2,"measurements":[{"studyId":"342036","date":"2023-07-27","direction":"TOTAL","awdt":2748.8,"used":true},{"studyId":"342037","date":"2023-07-27","direction":"W","awdt":1313.2,"used":false}]},"geometry":{"type":"LineString","coordinates":[[-122.389992,47.546726],[-122.391271,47.546743]]}},{"type":"Feature","id":22293,"properties":{"compkey":22293,"street":"SW HENDERSON ST","arterialClass":"Minor Arterial","arterialClassCode":2,"oneWay":false,"aawdt":5207.2,"method":"two_way_total","directions":"TOTAL","measurementCount":1,"measurements":[{"studyId":"341850","date":"2023-07-12","direction":"TOTAL","awdt":5207.2,"used":true}]},"geometry":{"type":"LineString","coordinates":[[-122.349289,47.522833],[-122.350636,47.522843]]}},{"type":"Feature","id":22363,"properties":{"compkey":22363,"street":"SW HOLDEN ST","arterialClass":"Principal Arterial","arterialClassCode":1,"oneWay":false,"aawdt":13175.4,"method":"two_way_total","directions":"TOTAL","measurementCount":1,"measurements":[{"studyId":"341857","date":"2023-07-12","direction":"TOTAL","awdt":13175.4,"used":true}]},"geometry":{"type":"LineString","coordinates":[[-122.349289,47.534059],[-122.350553,47.534048]]}},{"type":"Feature","id":22388,"properties":{"compkey":22388,"street":"SW HOLDEN ST","arterialClass":"Collector Arterial","arterialClassCode":3,"oneWay":false,"aawdt":3003.2,"method":"two_way_total","directions":"TOTAL","measurementCount":1,"measurements":[{"studyId":"342006","date":"2023-07-21","direction":"TOTAL","awdt":3003.2,"used":true}]},"geometry":{"type":"LineString","coordinates":[[-122.381993,47.53355],[-122.384673,47.533642]]}},{"type":"Feature","id":22446,"properties":{"compkey":22446,"street":"SW HUDSON ST","arterialClass":"Minor Arterial","arterialClassCode":2,"oneWay":false,"aawdt":2273.6,"method":"two_way_total","directions":"TOTAL","measurementCount":1,"measurements":[{"studyId":"341800","date":"2023-07-07","direction":"TOTAL","awdt":2273.6,"used":true}]},"geometry":{"type":"LineString","coordinates":[[-122.396358,47.55749],[-122.397715,47.557503]]}},{"type":"Feature","id":22804,"properties":{"compkey":22804,"street":"SW SPOKANE ST BR","arterialClass":"Collector Arterial","arterialClassCode":3,"oneWay":false,"aawdt":5366.2,"method":"two_way_total","directions":"TOTAL","measurementCount":1,"measurements":[{"studyId":"342608","date":"2023-10-14","direction":"TOTAL","awdt":5366.2,"used":true}]},"geometry":{"type":"LineString","coordinates":[[-122.351905,47.571393],[-122.352364,47.571389],[-122.352642,47.571385],[-122.35417,47.571383],[-122.355249,47.571382]]}},{"type":"Feature","id":22991,"properties":{"compkey":22991,"street":"SW WILDWOOD PL","arterialClass":"Minor Arterial","arterialClassCode":2,"oneWay":false,"aawdt":6036.8,"method":"two_way_total","directions":"TOTAL","measurementCount":1,"measurements":[{"studyId":"341832","date":"2023-07-11","direction":"TOTAL","awdt":6036.8,"used":true}]},"geometry":{"type":"LineString","coordinates":[[-122.389128,47.520628],[-122.389407,47.520655],[-122.390097,47.520781],[-122.390236,47.520793]]}},{"type":"Feature","id":23073,"properties":{"compkey":23073,"street":"W BARRETT ST","arterialClass":"Minor Arterial","arterialClassCode":2,"oneWay":false,"aawdt":2965.0,"method":"two_way_total","directions":"TOTAL","measurementCount":1,"measurements":[{"studyId":"342194","date":"2023-08-16","direction":"TOTAL","awdt":2965.0,"used":true}]},"geometry":{"type":"LineString","coordinates":[[-122.398277,47.646825],[-122.399566,47.64683],[-122.400201,47.646829],[-122.400941,47.646828]]}},{"type":"Feature","id":23084,"properties":{"compkey":23084,"street":"W BERTONA ST","arterialClass":"Minor Arterial","arterialClassCode":2,"oneWay":true,"aawdt":472.4,"method":"one_way_direction","directions":"E","measurementCount":1,"measurements":[{"studyId":"342165","date":"2023-08-15","direction":"E","awdt":472.4,"used":true}]},"geometry":{"type":"LineString","coordinates":[[-122.359106,47.650433],[-122.360895,47.650423]]}},{"type":"Feature","id":23217,"properties":{"compkey":23217,"street":"W DRAVUS ST","arterialClass":"Minor Arterial","arterialClassCode":2,"oneWay":false,"aawdt":5336.0,"method":"two_way_total","directions":"TOTAL","measurementCount":1,"measurements":[{"studyId":"341524","date":"2023-06-14","direction":"TOTAL","awdt":5336.0,"used":true}]},"geometry":{"type":"LineString","coordinates":[[-122.373593,47.64848],[-122.374901,47.648477]]}},{"type":"Feature","id":23223,"properties":{"compkey":23223,"street":"W DRAVUS ST","arterialClass":"Minor Arterial","arterialClassCode":2,"oneWay":false,"aawdt":11331.6,"method":"two_way_total","directions":"TOTAL","measurementCount":1,"measurements":[{"studyId":"342247","date":"2023-08-21","direction":"TOTAL","awdt":11331.6,"used":true}]},"geometry":{"type":"LineString","coordinates":[[-122.381996,47.648464],[-122.383373,47.648462]]}},{"type":"Feature","id":23296,"properties":{"compkey":23296,"street":"W EMERSON ST","arterialClass":"Minor Arterial","arterialClassCode":2,"oneWay":false,"aawdt":1944.0,"method":"two_way_total","directions":"TOTAL","measurementCount":1,"measurements":[{"studyId":"342468","date":"2023-09-27","direction":"TOTAL","awdt":1944.0,"used":true}]},"geometry":{"type":"LineString","coordinates":[[-122.403608,47.654055],[-122.404678,47.654085],[-122.405118,47.654086],[-122.405749,47.654088],[-122.40682,47.654091]]}},{"type":"Feature","id":23422,"properties":{"compkey":23422,"street":"W HARRISON ST","arterialClass":"Collector Arterial","arterialClassCode":3,"oneWay":false,"aawdt":1953.2,"method":"two_way_total","directions":"TOTAL","measurementCount":1,"measurements":[{"studyId":"343206","date":"2023-11-09","direction":"TOTAL","awdt":1953.25,"used":true}]},"geometry":{"type":"LineString","coordinates":[[-122.356744,47.622114],[-122.35805,47.622119]]}},{"type":"Feature","id":23425,"properties":{"compkey":23425,"street":"W HARRISON ST","arterialClass":"Collector Arterial","arterialClassCode":3,"oneWay":false,"aawdt":2452.0,"method":"two_way_total","directions":"TOTAL","measurementCount":1,"measurements":[{"studyId":"343226","date":"2023-11-09","direction":"TOTAL","awdt":2452.0,"used":true}]},"geometry":{"type":"LineString","coordinates":[[-122.360661,47.622128],[-122.361967,47.622135]]}},{"type":"Feature","id":23449,"properties":{"compkey":23449,"street":"W HOWE ST","arterialClass":"Minor Arterial","arterialClassCode":2,"oneWay":false,"aawdt":7166.0,"method":"two_way_total","directions":"TOTAL","measurementCount":1,"measurements":[{"studyId":"341529","date":"2023-06-14","direction":"TOTAL","awdt":7166.0,"used":true}]},"geometry":{"type":"LineString","coordinates":[[-122.37037,47.63596],[-122.371672,47.63596]]}},{"type":"Feature","id":23547,"properties":{"compkey":23547,"street":"W MCGRAW PL","arterialClass":"Collector Arterial","arterialClassCode":3,"oneWay":false,"aawdt":4380.8,"method":"two_way_total","directions":"TOTAL","measurementCount":1,"measurements":[{"studyId":"342225","date":"2023-08-15","direction":"TOTAL","awdt":4380.8,"used":true}]},"geometry":{"type":"LineString","coordinates":[[-122.358255,47.641177],[-122.358406,47.641009],[-122.358415,47.641],[-122.358489,47.640918],[-122.358564,47.640835],[-122.358637,47.640754],[-122.358711,47.640672],[-122.358785,47.640589],[-122.358859,47.640507],[-122.358897,47.640465],[-122.358964,47.640391],[-122.359008,47.640342],[-122.359082,47.64026],[-122.359156,47.640178],[-122.35923,47.640096],[-122.359298,47.640019],[-122.359378,47.639931],[-122.359448,47.639854],[-122.359508,47.639786],[-122.359605,47.639603]]}},{"type":"Feature","id":23574,"properties":{"compkey":23574,"street":"W MCGRAW ST","arterialClass":"Collector Arterial","arterialClassCode":3,"oneWay":false,"aawdt":3292.8,"method":"two_way_total","directions":"TOTAL","measurementCount":1,"measurements":[{"studyId":"342237","date":"2023-08-18","direction":"TOTAL","awdt":3292.8,"used":true}]},"geometry":{"type":"LineString","coordinates":[[-122.403013,47.639554],[-122.403699,47.639553]]}},{"type":"Feature","id":23622,"properties":{"compkey":23622,"street":"W OLYMPIC PL","arterialClass":"Minor Arterial","arterialClassCode":2,"oneWay":true,"aawdt":793.6,"method":"one_way_direction","directions":"W","measurementCount":1,"measurements":[{"studyId":"342219","date":"2023-08-16","direction":"W","awdt":793.6,"used":true}]},"geometry":{"type":"LineString","coordinates":[[-122.358015,47.626727],[-122.359321,47.626731]]}},{"type":"Feature","id":23623,"properties":{"compkey":23623,"street":"W OLYMPIC PL","arterialClass":"Minor Arterial","arterialClassCode":2,"oneWay":false,"aawdt":4295.0,"method":"two_way_total","directions":"TOTAL","measurementCount":1,"measurements":[{"studyId":"342190","date":"2023-08-16","direction":"TOTAL","awdt":4295.0,"used":true}]},"geometry":{"type":"LineString","coordinates":[[-122.359321,47.626731],[-122.360627,47.626736]]}},{"type":"Feature","id":23699,"properties":{"compkey":23699,"street":"W ROY ST","arterialClass":"Minor Arterial","arterialClassCode":2,"oneWay":false,"aawdt":4420.8,"method":"two_way_total","directions":"TOTAL","measurementCount":1,"measurements":[{"studyId":"342188","date":"2023-08-16","direction":"TOTAL","awdt":4420.8,"used":true}]},"geometry":{"type":"LineString","coordinates":[[-122.358024,47.625724],[-122.359328,47.62573]]}},{"type":"Feature","id":23791,"properties":{"compkey":23791,"street":"WEST VIEWMONT WAY W","arterialClass":"Collector Arterial","arterialClassCode":3,"oneWay":false,"aawdt":908.2,"method":"two_way_total","directions":"TOTAL","measurementCount":1,"measurements":[{"studyId":"342465","date":"2023-09-27","direction":"TOTAL","awdt":908.2,"used":true}]},"geometry":{"type":"LineString","coordinates":[[-122.409587,47.646812],[-122.409579,47.648634]]}},{"type":"Feature","id":47327,"properties":{"compkey":47327,"street":"NE RAVENNA BLVD","arterialClass":"Collector Arterial","arterialClassCode":3,"oneWay":true,"aawdt":3808.0,"method":"one_way_direction","directions":"W","measurementCount":1,"measurements":[{"studyId":"342949","date":"2023-10-24","direction":"W","awdt":3808.0,"used":true}]},"geometry":{"type":"LineString","coordinates":[[-122.308502,47.670495],[-122.30841,47.670529],[-122.308294,47.670548],[-122.308175,47.670543],[-122.30809,47.670524],[-122.307991,47.67048],[-122.307903,47.670437],[-122.307851,47.670405],[-122.307826,47.670371],[-122.307785,47.670321],[-122.307759,47.670259],[-122.307751,47.670239],[-122.307748,47.670219],[-122.307748,47.670199],[-122.307751,47.670179],[-122.307755,47.670159],[-122.307756,47.670151],[-122.30776,47.670131],[-122.307763,47.670103],[-122.307764,47.670075],[-122.307763,47.670047],[-122.30776,47.670019],[-122.307755,47.669991],[-122.307748,47.669963],[-122.307738,47.669936],[-122.307727,47.669909],[-122.307714,47.669882],[-122.307699,47.669856],[-122.307682,47.66983],[-122.307663,47.669805],[-122.307642,47.669781],[-122.30762,47.669757],[-122.307595,47.669734],[-122.30757,47.669712],[-122.307503,47.669657],[-122.307412,47.669603],[-122.307311,47.669544],[-122.307211,47.669493],[-122.307116,47.669464],[-122.30702,47.669426],[-122.306894,47.6694],[-122.306771,47.669369],[-122.306627,47.669346],[-122.30651,47.669345]]}},{"type":"Feature","id":274363,"properties":{"compkey":274363,"street":"NW 54TH ST","arterialClass":"Minor Arterial","arterialClassCode":2,"oneWay":false,"aawdt":7792.8,"method":"two_way_total","directions":"TOTAL","measurementCount":1,"measurements":[{"studyId":"342809","date":"2023-10-18","direction":"TOTAL","awdt":7792.8,"used":true}]},"geometry":{"type":"LineString","coordinates":[[-122.396246,47.667805],[-122.396268,47.667797],[-122.39627,47.667796],[-122.396335,47.667776],[-122.396403,47.667759],[-122.396473,47.667746],[-122.396544,47.667736],[-122.396545,47.667736],[-122.396545,47.667736],[-122.398228,47.667556],[-122.398328,47.667546]]}},{"type":"Feature","id":490707,"properties":{"compkey":490707,"street":"EAST MARGINAL WAY S","arterialClass":"Minor Arterial","arterialClassCode":2,"oneWay":true,"aawdt":2592.0,"method":"one_way_direction","directions":"N","measurementCount":1,"measurements":[{"studyId":"340986","date":"2023-03-24","direction":"N","awdt":2592.0,"used":true}]},"geometry":{"type":"LineString","coordinates":[[-122.339089,47.56873],[-122.339239,47.566489],[-122.339451,47.566351]]}},{"type":"Feature","id":590095,"properties":{"compkey":590095,"street":"WEST SEATTLE BR WB","arterialClass":"Principal Arterial","arterialClassCode":1,"oneWay":true,"aawdt":55450.8,"method":"two_way_total","directions":"TOTAL","measurementCount":1,"measurements":[{"studyId":"343975","date":"2023-10-01","direction":"TOTAL","awdt":55450.8,"used":true}]},"geometry":{"type":"LineString","coordinates":[[-122.333152,47.571583],[-122.334475,47.571584],[-122.335253,47.571585]]}}]}